week,player_id,player_name,position,opponent,actual_ppr,recent_ppr,recent_opp,recent_rz,defense_prior_allowed,defense_prior_games,model,prediction
8,00-0023459,Aaron Rodgers,QB,GB,16.759999999999998,22.03,33.0,5.0,17.62666666666667,6,baseline,19.5829
8,00-0026158,Joe Flacco,QB,NYJ,24.32,21.369999999999997,48.5,11.5,18.03142857142857,7,baseline,19.1395
8,00-0033077,Dak Prescott,QB,DEN,10.620000000000001,24.626666666666665,35.666666666666664,7.333333333333333,14.877142857142859,7,baseline,20.4722
8,00-0033873,Patrick Mahomes,QB,WAS,26.96,28.813333333333333,42.0,9.666666666666666,19.988571428571426,7,baseline,21.8788
8,00-0034855,Baker Mayfield,QB,NO,6.08,19.14,38.0,5.666666666666667,19.994285714285716,7,baseline,18.486
8,00-0034857,Josh Allen,QB,CAR,23.22,21.41,36.0,5.5,16.534285714285716,7,baseline,19.3217
8,00-0035710,Daniel Jones,QB,TEN,23.180000000000003,20.459999999999997,34.666666666666664,8.333333333333334,16.802857142857142,7,baseline,19.0011
8,00-0036212,Tua Tagovailoa,QB,ATL,24.2,13.313333333333334,32.0,5.333333333333333,14.293333333333331,6,baseline,16.4906
8,00-0036264,Jordan Love,QB,PIT,26.299999999999997,15.16,33.0,3.0,21.76,6,baseline,17.1351
8,00-0036355,Justin Herbert,QB,MIN,27.279999999999998,22.433333333333337,44.333333333333336,10.0,15.39,6,baseline,19.5744
8,00-0036389,Jalen Hurts,QB,NYG,25.36,22.05333333333333,35.666666666666664,5.0,20.945714285714285,7,baseline,19.5554
8,00-0036945,Justin Fields,QB,CIN,16.86,10.286666666666667,31.0,5.0,21.32857142857143,7,baseline,15.4256
8,00-0039163,C.J. Stroud,QB,SF,23.72,22.21,39.5,9.0,16.619999999999997,7,baseline,19.5597
8,00-0039376,Spencer Rattler,QB,TB,6.640000000000001,15.233333333333334,34.0,3.6666666666666665,19.74857142857143,7,baseline,17.1478
8,00-0039732,Bo Nix,QB,DAL,25.78,21.733333333333334,44.0,8.333333333333334,25.960000000000004,7,baseline,19.3294
8,00-0039851,Drake Maye,QB,CLE,28.28,20.146666666666665,33.0,5.0,14.459999999999999,7,baseline,18.9118
8,00-0039918,Caleb Williams,QB,BAL,13.8,13.530000000000001,31.5,6.0,22.88,6,baseline,16.5745
8,00-0040676,Cam Ward,QB,IND,14.76,12.360000000000001,38.666666666666664,3.6666666666666665,19.851428571428574,7,baseline,16.0614
8,00-0036972,Mac Jones,QB,HOU,18.02,14.846666666666666,42.666666666666664,3.3333333333333335,11.59666666666667,6,baseline,16.8937
8,00-0040691,Jaxson Dart,QB,PHI,19.419999999999998,25.2,41.0,7.333333333333333,17.62857142857143,7,baseline,20.6049
8,00-0040704,Dillon Gabriel,QB,NE,15.540000000000001,10.26,36.333333333333336,7.0,17.00857142857143,7,baseline,15.3445
8,00-0032950,Carson Wentz,QB,LAC,9.76,15.030000000000001,41.5,10.0,16.965714285714288,7,baseline,16.9746
8,00-0023459,Aaron Rodgers,QB,GB,16.759999999999998,22.03,33.0,5.0,17.62666666666667,6,plus_defense,19.4467
8,00-0026158,Joe Flacco,QB,NYJ,24.32,21.369999999999997,48.5,11.5,18.03142857142857,7,plus_defense,19.061
8,00-0033077,Dak Prescott,QB,DEN,10.620000000000001,24.626666666666665,35.666666666666664,7.333333333333333,14.877142857142859,7,plus_defense,19.8324
8,00-0033873,Patrick Mahomes,QB,WAS,26.96,28.813333333333333,42.0,9.666666666666666,19.988571428571426,7,plus_defense,22.161
8,00-0034855,Baker Mayfield,QB,NO,6.08,19.14,38.0,5.666666666666667,19.994285714285716,7,plus_defense,18.7762
8,00-0034857,Josh Allen,QB,CAR,23.22,21.41,36.0,5.5,16.534285714285716,7,plus_defense,18.9839
8,00-0035710,Daniel Jones,QB,TEN,23.180000000000003,20.459999999999997,34.666666666666664,8.333333333333334,16.802857142857142,7,plus_defense,18.7138
8,00-0036212,Tua Tagovailoa,QB,ATL,24.2,13.313333333333334,32.0,5.333333333333333,14.293333333333331,6,plus_defense,15.7517
8,00-0036264,Jordan Love,QB,PIT,26.299999999999997,15.16,33.0,3.0,21.76,6,plus_defense,17.7528
8,00-0036355,Justin Herbert,QB,MIN,27.279999999999998,22.433333333333337,44.333333333333336,10.0,15.39,6,plus_defense,19.0194
8,00-0036389,Jalen Hurts,QB,NYG,25.36,22.05333333333333,35.666666666666664,5.0,20.945714285714285,7,plus_defense,20.0202
8,00-0036945,Justin Fields,QB,CIN,16.86,10.286666666666667,31.0,5.0,21.32857142857143,7,plus_defense,15.9684
8,00-0039163,C.J. Stroud,QB,SF,23.72,22.21,39.5,9.0,16.619999999999997,7,plus_defense,19.2336
8,00-0039376,Spencer Rattler,QB,TB,6.640000000000001,15.233333333333334,34.0,3.6666666666666665,19.74857142857143,7,plus_defense,17.3986
8,00-0039732,Bo Nix,QB,DAL,25.78,21.733333333333334,44.0,8.333333333333334,25.960000000000004,7,plus_defense,20.6977
8,00-0039851,Drake Maye,QB,CLE,28.28,20.146666666666665,33.0,5.0,14.459999999999999,7,plus_defense,18.2002
8,00-0039918,Caleb Williams,QB,BAL,13.8,13.530000000000001,31.5,6.0,22.88,6,plus_defense,17.398
8,00-0040676,Cam Ward,QB,IND,14.76,12.360000000000001,38.666666666666664,3.6666666666666665,19.851428571428574,7,plus_defense,16.3268
8,00-0036972,Mac Jones,QB,HOU,18.02,14.846666666666666,42.666666666666664,3.3333333333333335,11.59666666666667,6,plus_defense,15.6527
8,00-0040691,Jaxson Dart,QB,PHI,19.419999999999998,25.2,41.0,7.333333333333333,17.62857142857143,7,plus_defense,20.4598
8,00-0040704,Dillon Gabriel,QB,NE,15.540000000000001,10.26,36.333333333333336,7.0,17.00857142857143,7,plus_defense,15.0959
8,00-0032950,Carson Wentz,QB,LAC,9.76,15.030000000000001,41.5,10.0,16.965714285714288,7,plus_defense,16.7114
8,00-0023459,Aaron Rodgers,QB,GB,16.759999999999998,22.03,33.0,5.0,17.62666666666667,6,plus_redzone_defense,19.2295
8,00-0026158,Joe Flacco,QB,NYJ,24.32,21.369999999999997,48.5,11.5,18.03142857142857,7,plus_redzone_defense,19.9912
8,00-0033077,Dak Prescott,QB,DEN,10.620000000000001,24.626666666666665,35.666666666666664,7.333333333333333,14.877142857142859,7,plus_redzone_defense,19.9938
8,00-0033873,Patrick Mahomes,QB,WAS,26.96,28.813333333333333,42.0,9.666666666666666,19.988571428571426,7,plus_redzone_defense,22.6053
8,00-0034855,Baker Mayfield,QB,NO,6.08,19.14,38.0,5.666666666666667,19.994285714285716,7,plus_redzone_defense,18.6983
8,00-0034857,Josh Allen,QB,CAR,23.22,21.41,36.0,5.5,16.534285714285716,7,plus_redzone_defense,18.8339
8,00-0035710,Daniel Jones,QB,TEN,23.180000000000003,20.459999999999997,34.666666666666664,8.333333333333334,16.802857142857142,7,plus_redzone_defense,19.2376
8,00-0036212,Tua Tagovailoa,QB,ATL,24.2,13.313333333333334,32.0,5.333333333333333,14.293333333333331,6,plus_redzone_defense,15.868
8,00-0036264,Jordan Love,QB,PIT,26.299999999999997,15.16,33.0,3.0,21.76,6,plus_redzone_defense,17.3051
8,00-0036355,Justin Herbert,QB,MIN,27.279999999999998,22.433333333333337,44.333333333333336,10.0,15.39,6,plus_redzone_defense,19.6635
8,00-0036389,Jalen Hurts,QB,NYG,25.36,22.05333333333333,35.666666666666664,5.0,20.945714285714285,7,plus_redzone_defense,19.7597
8,00-0036945,Justin Fields,QB,CIN,16.86,10.286666666666667,31.0,5.0,21.32857142857143,7,plus_redzone_defense,16.1353
8,00-0039163,C.J. Stroud,QB,SF,23.72,22.21,39.5,9.0,16.619999999999997,7,plus_redzone_defense,19.7605
8,00-0039376,Spencer Rattler,QB,TB,6.640000000000001,15.233333333333334,34.0,3.6666666666666665,19.74857142857143,7,plus_redzone_defense,17.0705
8,00-0039732,Bo Nix,QB,DAL,25.78,21.733333333333334,44.0,8.333333333333334,25.960000000000004,7,plus_redzone_defense,21.03
8,00-0039851,Drake Maye,QB,CLE,28.28,20.146666666666665,33.0,5.0,14.459999999999999,7,plus_redzone_defense,18.029
8,00-0039918,Caleb Williams,QB,BAL,13.8,13.530000000000001,31.5,6.0,22.88,6,plus_redzone_defense,17.6853
8,00-0040676,Cam Ward,QB,IND,14.76,12.360000000000001,38.666666666666664,3.6666666666666665,19.851428571428574,7,plus_redzone_defense,15.9923
8,00-0036972,Mac Jones,QB,HOU,18.02,14.846666666666666,42.666666666666664,3.3333333333333335,11.59666666666667,6,plus_redzone_defense,15.0766
8,00-0040691,Jaxson Dart,QB,PHI,19.419999999999998,25.2,41.0,7.333333333333333,17.62857142857143,7,plus_redzone_defense,20.5099
8,00-0040704,Dillon Gabriel,QB,NE,15.540000000000001,10.26,36.333333333333336,7.0,17.00857142857143,7,plus_redzone_defense,15.5888
8,00-0032950,Carson Wentz,QB,LAC,9.76,15.030000000000001,41.5,10.0,16.965714285714288,7,plus_redzone_defense,17.6258
9,00-0023459,Aaron Rodgers,QB,IND,12.120000000000001,20.273333333333333,34.0,4.333333333333333,19.215,8,baseline,19.1735
9,00-0026158,Joe Flacco,QB,CHI,34.699999999999996,22.353333333333335,44.333333333333336,9.666666666666666,21.220000000000002,7,baseline,19.8803
9,00-0026498,Matthew Stafford,QB,NO,26.840000000000003,19.36,32.5,8.0,18.255,8,baseline,18.8389
9,00-0030565,Geno Smith,QB,JAX,28.259999999999998,6.720000000000001,22.5,2.5,22.39428571428572,7,baseline,14.1213
9,00-0033077,Dak Prescott,QB,ARI,17.4,18.74,36.0,7.666666666666667,16.565714285714286,7,baseline,18.5755
9,00-0033106,Jared Goff,QB,MIN,19.36,15.58,30.5,2.0,17.08857142857143,7,baseline,17.4202
9,00-0033873,Patrick Mahomes,QB,BUF,10.5,28.22666666666667,39.0,9.0,15.182857142857141,7,baseline,22.1523
9,00-0034857,Josh Allen,QB,KC,28.82,21.31,27.0,4.0,16.3875,8,baseline,19.6231
9,00-0034869,Sam Darnold,QB,WAS,29.200000000000003,16.31,32.5,5.0,20.86,8,baseline,17.6812
9,00-0035710,Daniel Jones,QB,PIT,24.08,22.62666666666667,34.666666666666664,7.0,22.40857142857143,7,baseline,20.0614
9,00-0036212,Tua Tagovailoa,QB,BAL,10.54,13.799999999999999,28.333333333333332,5.666666666666667,21.582857142857144,7,baseline,16.7619
9,00-0036264,Jordan Love,QB,CAR,11.02,18.87333333333333,34.666666666666664,4.666666666666667,17.48,8,baseline,18.6368
9,00-0036355,Justin Herbert,QB,TEN,29.7,25.98,44.0,10.666666666666666,17.6125,8,baseline,21.2595
9,00-0036971,Trevor Lawrence,QB,LV,23.200000000000003,18.43,47.5,3.0,18.91142857142857,7,baseline,18.3658
9,00-0039150,Bryce Young,QB,GB,4.98,15.49,27.5,5.5,17.502857142857145,7,baseline,17.41
9,00-0039163,C.J. Stroud,QB,DEN,4.36,19.689999999999998,48.5,7.5,15.135000000000002,8,baseline,18.836
9,00-0039732,Bo Nix,QB,HOU,18.52,25.03333333333333,40.0,9.333333333333334,12.514285714285716,7,baseline,20.9322
9,00-0039851,Drake Maye,QB,ATL,20.36,25.53333333333333,32.333333333333336,6.666666666666667,15.708571428571428,7,baseline,21.1834
9,00-0039910,Jayden Daniels,QB,SEA,17.22,22.689999999999998,33.0,2.5,18.148571428571426,7,baseline,20.0988
9,00-0039917,Michael Penix Jr.,QB,NE,22.74,14.42,37.0,3.5,16.825000000000003,8,baseline,16.9278
9,00-0039918,Caleb Williams,QB,CIN,38.7,13.62,34.666666666666664,6.333333333333333,20.77,8,baseline,16.6429
9,00-0040676,Cam Ward,QB,LAC,6.4,13.946666666666667,37.333333333333336,4.333333333333333,16.130000000000003,8,baseline,16.7455
9,00-0033119,Jacoby Brissett,QB,DAL,24.839999999999996,22.23,44.5,10.5,25.925,8,baseline,19.8321
9,00-0036972,Mac Jones,QB,NYG,17.799999999999997,13.459999999999999,36.333333333333336,3.3333333333333335,21.4725,8,baseline,16.5688
9,00-0040691,Jaxson Dart,QB,SF,27.240000000000002,24.48,35.333333333333336,6.666666666666667,17.5075,8,baseline,20.7595
9,00-0023459,Aaron Rodgers,QB,IND,12.120000000000001,20.273333333333333,34.0,4.333333333333333,19.215,8,plus_defense,19.3074
9,00-0026158,Joe Flacco,QB,CHI,34.699999999999996,22.353333333333335,44.333333333333336,9.666666666666666,21.220000000000002,7,plus_defense,20.3153
9,00-0026498,Matthew Stafford,QB,NO,26.840000000000003,19.36,32.5,8.0,18.255,8,plus_defense,18.8269
9,00-0030565,Geno Smith,QB,JAX,28.259999999999998,6.720000000000001,22.5,2.5,22.39428571428572,7,plus_defense,14.7394
9,00-0033077,Dak Prescott,QB,ARI,17.4,18.74,36.0,7.666666666666667,16.565714285714286,7,plus_defense,18.3043
9,00-0033106,Jared Goff,QB,MIN,19.36,15.58,30.5,2.0,17.08857142857143,7,plus_defense,17.2299
9,00-0033873,Patrick Mahomes,QB,BUF,10.5,28.22666666666667,39.0,9.0,15.182857142857141,7,plus_defense,21.6729
9,00-0034857,Josh Allen,QB,KC,28.82,21.31,27.0,4.0,16.3875,8,plus_defense,19.3302
9,00-0034869,Sam Darnold,QB,WAS,29.200000000000003,16.31,32.5,5.0,20.86,8,plus_defense,18.0647
9,00-0035710,Daniel Jones,QB,PIT,24.08,22.62666666666667,34.666666666666664,7.0,22.40857142857143,7,plus_defense,20.6824
9,00-0036212,Tua Tagovailoa,QB,BAL,10.54,13.799999999999999,28.333333333333332,5.666666666666667,21.582857142857144,7,plus_defense,17.2565
9,00-0036264,Jordan Love,QB,CAR,11.02,18.87333333333333,34.666666666666664,4.666666666666667,17.48,8,plus_defense,18.5055
9,00-0036355,Justin Herbert,QB,TEN,29.7,25.98,44.0,10.666666666666666,17.6125,8,plus_defense,21.1468
9,00-0036971,Trevor Lawrence,QB,LV,23.200000000000003,18.43,47.5,3.0,18.91142857142857,7,plus_defense,18.446
9,00-0039150,Bryce Young,QB,GB,4.98,15.49,27.5,5.5,17.502857142857145,7,plus_defense,17.2843
9,00-0039163,C.J. Stroud,QB,DEN,4.36,19.689999999999998,48.5,7.5,15.135000000000002,8,plus_defense,18.3411
9,00-0039732,Bo Nix,QB,HOU,18.52,25.03333333333333,40.0,9.333333333333334,12.514285714285716,7,plus_defense,20.0446
9,00-0039851,Drake Maye,QB,ATL,20.36,25.53333333333333,32.333333333333336,6.666666666666667,15.708571428571428,7,plus_defense,20.7862
9,00-0039910,Jayden Daniels,QB,SEA,17.22,22.689999999999998,33.0,2.5,18.148571428571426,7,plus_defense,20.0718
9,00-0039917,Michael Penix Jr.,QB,NE,22.74,14.42,37.0,3.5,16.825000000000003,8,plus_defense,16.6938
9,00-0039918,Caleb Williams,QB,CIN,38.7,13.62,34.666666666666664,6.333333333333333,20.77,8,plus_defense,17.0104
9,00-0040676,Cam Ward,QB,LAC,6.4,13.946666666666667,37.333333333333336,4.333333333333333,16.130000000000003,8,plus_defense,16.4052
9,00-0033119,Jacoby Brissett,QB,DAL,24.839999999999996,22.23,44.5,10.5,25.925,8,plus_defense,20.9837
9,00-0036972,Mac Jones,QB,NYG,17.799999999999997,13.459999999999999,36.333333333333336,3.3333333333333335,21.4725,8,plus_defense,17.0425
9,00-0040691,Jaxson Dart,QB,SF,27.240000000000002,24.48,35.333333333333336,6.666666666666667,17.5075,8,plus_defense,20.6345
9,00-0023459,Aaron Rodgers,QB,IND,12.120000000000001,20.273333333333333,34.0,4.333333333333333,19.215,8,plus_redzone_defense,18.9221
9,00-0026158,Joe Flacco,QB,CHI,34.699999999999996,22.353333333333335,44.333333333333336,9.666666666666666,21.220000000000002,7,plus_redzone_defense,20.9076
9,00-0026498,Matthew Stafford,QB,NO,26.840000000000003,19.36,32.5,8.0,18.255,8,plus_redzone_defense,19.3927
9,00-0030565,Geno Smith,QB,JAX,28.259999999999998,6.720000000000001,22.5,2.5,22.39428571428572,7,plus_redzone_defense,14.6365
9,00-0033077,Dak Prescott,QB,ARI,17.4,18.74,36.0,7.666666666666667,16.565714285714286,7,plus_redzone_defense,18.7187
9,00-0033106,Jared Goff,QB,MIN,19.36,15.58,30.5,2.0,17.08857142857143,7,plus_redzone_defense,16.5099
9,00-0033873,Patrick Mahomes,QB,BUF,10.5,28.22666666666667,39.0,9.0,15.182857142857141,7,plus_redzone_defense,22.0278
9,00-0034857,Josh Allen,QB,KC,28.82,21.31,27.0,4.0,16.3875,8,plus_redzone_defense,18.9939
9,00-0034869,Sam Darnold,QB,WAS,29.200000000000003,16.31,32.5,5.0,20.86,8,plus_redzone_defense,18.0098
9,00-0035710,Daniel Jones,QB,PIT,24.08,22.62666666666667,34.666666666666664,7.0,22.40857142857143,7,plus_redzone_defense,20.8602
9,00-0036212,Tua Tagovailoa,QB,BAL,10.54,13.799999999999999,28.333333333333332,5.666666666666667,21.582857142857144,7,plus_redzone_defense,17.5477
9,00-0036264,Jordan Love,QB,CAR,11.02,18.87333333333333,34.666666666666664,4.666666666666667,17.48,8,plus_redzone_defense,18.2245
9,00-0036355,Justin Herbert,QB,TEN,29.7,25.98,44.0,10.666666666666666,17.6125,8,plus_redzone_defense,21.8622
9,00-0036971,Trevor Lawrence,QB,LV,23.200000000000003,18.43,47.5,3.0,18.91142857142857,7,plus_redzone_defense,17.4658
9,00-0039150,Bryce Young,QB,GB,4.98,15.49,27.5,5.5,17.502857142857145,7,plus_redzone_defense,17.4893
9,00-0039163,C.J. Stroud,QB,DEN,4.36,19.689999999999998,48.5,7.5,15.135000000000002,8,plus_redzone_defense,18.3744
9,00-0039732,Bo Nix,QB,HOU,18.52,25.03333333333333,40.0,9.333333333333334,12.514285714285716,7,plus_redzone_defense,20.5505
9,00-0039851,Drake Maye,QB,ATL,20.36,25.53333333333333,32.333333333333336,6.666666666666667,15.708571428571428,7,plus_redzone_defense,20.8274
9,00-0039910,Jayden Daniels,QB,SEA,17.22,22.689999999999998,33.0,2.5,18.148571428571426,7,plus_redzone_defense,19.1863
9,00-0039917,Michael Penix Jr.,QB,NE,22.74,14.42,37.0,3.5,16.825000000000003,8,plus_redzone_defense,16.2143
9,00-0039918,Caleb Williams,QB,CIN,38.7,13.62,34.666666666666664,6.333333333333333,20.77,8,plus_redzone_defense,17.3115
9,00-0040676,Cam Ward,QB,LAC,6.4,13.946666666666667,37.333333333333336,4.333333333333333,16.130000000000003,8,plus_redzone_defense,16.1326
9,00-0033119,Jacoby Brissett,QB,DAL,24.839999999999996,22.23,44.5,10.5,25.925,8,plus_redzone_defense,21.7914
9,00-0036972,Mac Jones,QB,NYG,17.799999999999997,13.459999999999999,36.333333333333336,3.3333333333333335,21.4725,8,plus_redzone_defense,16.5835
9,00-0040691,Jaxson Dart,QB,SF,27.240000000000002,24.48,35.333333333333336,6.666666666666667,17.5075,8,plus_redzone_defense,20.6414
10,00-0023459,Aaron Rodgers,QB,LAC,10.440000000000001,18.48,36.0,7.666666666666667,15.048888888888891,9,baseline,18.7044
10,00-0026498,Matthew Stafford,QB,SF,26.900000000000002,27.110000000000003,35.5,9.5,18.58888888888889,9,baseline,21.7439
10,00-0030565,Geno Smith,QB,DEN,6.42,15.52,31.0,4.5,14.624444444444444,9,baseline,17.7031
10,00-0033106,Jared Goff,QB,WAS,24.8,16.85,34.0,3.5,21.786666666666665,9,baseline,18.147
10,00-0034855,Baker Mayfield,QB,NE,22.92,9.600000000000001,37.0,4.5,17.482222222222227,9,baseline,15.573
10,00-0034857,Josh Allen,QB,MIA,23.340000000000003,26.02,27.0,3.5,19.915555555555557,9,baseline,21.4282
10,00-0034869,Sam Darnold,QB,ARI,10.920000000000002,20.91,29.0,3.5,16.67,8,baseline,19.6149
10,00-0035710,Daniel Jones,QB,ATL,19.5,22.493333333333336,40.666666666666664,7.0,16.29,8,baseline,20.0789
10,00-0036212,Tua Tagovailoa,QB,BUF,14.82,13.113333333333332,31.0,5.0,14.5975,8,baseline,16.8565
10,00-0036264,Jordan Love,QB,PHI,9.84,16.89333333333333,36.333333333333336,6.333333333333333,17.8525,8,baseline,18.1436
10,00-0036355,Justin Herbert,QB,PIT,14.700000000000001,29.626666666666665,43.666666666666664,9.333333333333334,22.6175,8,baseline,22.5641
10,00-0036389,Jalen Hurts,QB,GB,14.02,24.7,25.5,4.0,15.9375,8,baseline,20.9758
10,00-0036945,Justin Fields,QB,CLE,8.96,10.45,29.5,7.5,16.1875,8,baseline,15.9317
10,00-0036971,Trevor Lawrence,QB,HOU,13.82,20.42,46.5,8.0,13.265,8,baseline,19.3032
10,00-0039150,Bryce Young,QB,NO,5.5600000000000005,7.75,24.5,6.0,19.20888888888889,9,baseline,15.0218
10,00-0039732,Bo Nix,QB,LV,9.8,26.753333333333334,41.666666666666664,8.333333333333334,19.4475,8,baseline,21.5693
10,00-0039851,Drake Maye,QB,TB,20.1,23.906666666666666,33.0,8.333333333333334,18.9,8,baseline,20.6371
10,00-0039917,Michael Penix Jr.,QB,IND,10.98,18.49,39.5,6.0,18.426666666666666,9,baseline,18.68
10,00-0039918,Caleb Williams,QB,NYG,25.1,19.72666666666667,37.333333333333336,7.666666666666667,21.05333333333333,9,baseline,19.1323
10,00-0033119,Jacoby Brissett,QB,SEA,21.42,23.299999999999997,39.0,7.0,18.0325,8,baseline,20.3759
10,00-0036972,Mac Jones,QB,LA,25.06,14.333333333333334,31.0,4.666666666666667,16.0625,8,baseline,17.2857
10,00-0040691,Jaxson Dart,QB,CHI,28.28,25.69333333333334,36.333333333333336,6.333333333333333,22.905,8,baseline,21.239
10,00-0040704,Dillon Gabriel,QB,NYJ,20.08,10.690000000000001,29.0,5.0,18.8175,8,baseline,16.0201
10,00-0032268,Marcus Mariota,QB,DET,18.72,10.620000000000001,25.0,3.0,20.19,8,baseline,16.0273
10,00-0040743,Tyler Shough,QB,CAR,18.98,8.78,29.0,2.5,16.762222222222224,9,baseline,15.3483
10,00-0023459,Aaron Rodgers,QB,LAC,10.440000000000001,18.48,36.0,7.666666666666667,15.048888888888891,9,plus_defense,17.7489
10,00-0026498,Matthew Stafford,QB,SF,26.900000000000002,27.110000000000003,35.5,9.5,18.58888888888889,9,plus_defense,21.889
10,00-0030565,Geno Smith,QB,DEN,6.42,15.52,31.0,4.5,14.624444444444444,9,plus_defense,16.6123
10,00-0033106,Jared Goff,QB,WAS,24.8,16.85,34.0,3.5,21.786666666666665,9,plus_defense,19.1274
10,00-0034855,Baker Mayfield,QB,NE,22.92,9.600000000000001,37.0,4.5,17.482222222222227,9,plus_defense,15.2375
10,00-0034857,Josh Allen,QB,MIA,23.340000000000003,26.02,27.0,3.5,19.915555555555557,9,plus_defense,21.97
10,00-0034869,Sam Darnold,QB,ARI,10.920000000000002,20.91,29.0,3.5,16.67,8,plus_defense,19.1685
10,00-0035710,Daniel Jones,QB,ATL,19.5,22.493333333333336,40.666666666666664,7.0,16.29,8,plus_defense,19.5047
10,00-0036212,Tua Tagovailoa,QB,BUF,14.82,13.113333333333332,31.0,5.0,14.5975,8,plus_defense,15.7365
10,00-0036264,Jordan Love,QB,PHI,9.84,16.89333333333333,36.333333333333336,6.333333333333333,17.8525,8,plus_defense,17.9823
10,00-0036355,Justin Herbert,QB,PIT,14.700000000000001,29.626666666666665,43.666666666666664,9.333333333333334,22.6175,8,plus_defense,23.8721
10,00-0036389,Jalen Hurts,QB,GB,14.02,24.7,25.5,4.0,15.9375,8,plus_defense,20.3617
10,00-0036945,Justin Fields,QB,CLE,8.96,10.45,29.5,7.5,16.1875,8,plus_defense,15.2509
10,00-0036971,Trevor Lawrence,QB,HOU,13.82,20.42,46.5,8.0,13.265,8,plus_defense,17.821
10,00-0039150,Bryce Young,QB,NO,5.5600000000000005,7.75,24.5,6.0,19.20888888888889,9,plus_defense,15.2028
10,00-0039732,Bo Nix,QB,LV,9.8,26.753333333333334,41.666666666666664,8.333333333333334,19.4475,8,plus_defense,21.942
10,00-0039851,Drake Maye,QB,TB,20.1,23.906666666666666,33.0,8.333333333333334,18.9,8,plus_defense,20.8502
10,00-0039917,Michael Penix Jr.,QB,IND,10.98,18.49,39.5,6.0,18.426666666666666,9,plus_defense,18.69
10,00-0039918,Caleb Williams,QB,NYG,25.1,19.72666666666667,37.333333333333336,7.666666666666667,21.05333333333333,9,plus_defense,19.9175
10,00-0033119,Jacoby Brissett,QB,SEA,21.42,23.299999999999997,39.0,7.0,18.0325,8,plus_defense,20.3166
10,00-0036972,Mac Jones,QB,LA,25.06,14.333333333333334,31.0,4.666666666666667,16.0625,8,plus_defense,16.5994
10,00-0040691,Jaxson Dart,QB,CHI,28.28,25.69333333333334,36.333333333333336,6.333333333333333,22.905,8,plus_defense,22.615
10,00-0040704,Dillon Gabriel,QB,NYJ,20.08,10.690000000000001,29.0,5.0,18.8175,8,plus_defense,16.102
10,00-0032268,Marcus Mariota,QB,DET,18.72,10.620000000000001,25.0,3.0,20.19,8,plus_defense,16.5159
10,00-0040743,Tyler Shough,QB,CAR,18.98,8.78,29.0,2.5,16.762222222222224,9,plus_defense,14.8198
10,00-0023459,Aaron Rodgers,QB,LAC,10.440000000000001,18.48,36.0,7.666666666666667,15.048888888888891,9,plus_redzone_defense,18.2824
10,00-0026498,Matthew Stafford,QB,SF,26.900000000000002,27.110000000000003,35.5,9.5,18.58888888888889,9,plus_redzone_defense,22.6094
10,00-0030565,Geno Smith,QB,DEN,6.42,15.52,31.0,4.5,14.624444444444444,9,plus_redzone_defense,16.4687
10,00-0033106,Jared Goff,QB,WAS,24.8,16.85,34.0,3.5,21.786666666666665,9,plus_redzone_defense,18.5289
10,00-0034855,Baker Mayfield,QB,NE,22.92,9.600000000000001,37.0,4.5,17.482222222222227,9,plus_redzone_defense,15.176
10,00-0034857,Josh Allen,QB,MIA,23.340000000000003,26.02,27.0,3.5,19.915555555555557,9,plus_redzone_defense,21.1743
10,00-0034869,Sam Darnold,QB,ARI,10.920000000000002,20.91,29.0,3.5,16.67,8,plus_redzone_defense,18.5397
10,00-0035710,Daniel Jones,QB,ATL,19.5,22.493333333333336,40.666666666666664,7.0,16.29,8,plus_redzone_defense,19.5093
10,00-0036212,Tua Tagovailoa,QB,BUF,14.82,13.113333333333332,31.0,5.0,14.5975,8,plus_redzone_defense,15.854
10,00-0036264,Jordan Love,QB,PHI,9.84,16.89333333333333,36.333333333333336,6.333333333333333,17.8525,8,plus_redzone_defense,18.1717
10,00-0036355,Justin Herbert,QB,PIT,14.700000000000001,29.626666666666665,43.666666666666664,9.333333333333334,22.6175,8,plus_redzone_defense,24.1762
10,00-0036389,Jalen Hurts,QB,GB,14.02,24.7,25.5,4.0,15.9375,8,plus_redzone_defense,19.8227
10,00-0036945,Justin Fields,QB,CLE,8.96,10.45,29.5,7.5,16.1875,8,plus_redzone_defense,16.2985
10,00-0036971,Trevor Lawrence,QB,HOU,13.82,20.42,46.5,8.0,13.265,8,plus_redzone_defense,18.0414
10,00-0039150,Bryce Young,QB,NO,5.5600000000000005,7.75,24.5,6.0,19.20888888888889,9,plus_redzone_defense,16.0717
10,00-0039732,Bo Nix,QB,LV,9.8,26.753333333333334,41.666666666666664,8.333333333333334,19.4475,8,plus_redzone_defense,22.1315
10,00-0039851,Drake Maye,QB,TB,20.1,23.906666666666666,33.0,8.333333333333334,18.9,8,plus_redzone_defense,21.4372
10,00-0039917,Michael Penix Jr.,QB,IND,10.98,18.49,39.5,6.0,18.426666666666666,9,plus_redzone_defense,18.6075
10,00-0039918,Caleb Williams,QB,NYG,25.1,19.72666666666667,37.333333333333336,7.666666666666667,21.05333333333333,9,plus_redzone_defense,20.3562
10,00-0033119,Jacoby Brissett,QB,SEA,21.42,23.299999999999997,39.0,7.0,18.0325,8,plus_redzone_defense,20.3373
10,00-0036972,Mac Jones,QB,LA,25.06,14.333333333333334,31.0,4.666666666666667,16.0625,8,plus_redzone_defense,16.5609
10,00-0040691,Jaxson Dart,QB,CHI,28.28,25.69333333333334,36.333333333333336,6.333333333333333,22.905,8,plus_redzone_defense,22.4096
10,00-0040704,Dillon Gabriel,QB,NYJ,20.08,10.690000000000001,29.0,5.0,18.8175,8,plus_redzone_defense,16.3931
10,00-0032268,Marcus Mariota,QB,DET,18.72,10.620000000000001,25.0,3.0,20.19,8,plus_redzone_defense,16.325
10,00-0040743,Tyler Shough,QB,CAR,18.98,8.78,29.0,2.5,16.762222222222224,9,plus_redzone_defense,14.4335
11,00-0023459,Aaron Rodgers,QB,CIN,9.440000000000001,13.106666666666667,34.666666666666664,5.666666666666667,22.85111111111111,9,baseline,16.7473
11,00-0026158,Joe Flacco,QB,PIT,11.860000000000001,29.509999999999998,42.0,6.5,21.737777777777776,9,baseline,21.9951
11,00-0026498,Matthew Stafford,QB,SEA,13.2,26.870000000000005,37.5,9.0,18.40888888888889,9,baseline,21.1515
11,00-0030565,Geno Smith,QB,DAL,14.92,17.34,36.5,5.0,25.804444444444446,9,baseline,18.1017
11,00-0033077,Dak Prescott,QB,LV,26.32,14.01,40.0,7.0,18.375555555555557,9,baseline,17.0348
11,00-0033106,Jared Goff,QB,PHI,14.100000000000001,22.08,35.0,7.5,16.962222222222223,9,baseline,19.6192
11,00-0033873,Patrick Mahomes,QB,DEN,15.340000000000002,18.73,36.5,5.0,13.803999999999998,10,baseline,18.5465
11,00-0034796,Lamar Jackson,QB,CLE,8.719999999999999,20.099999999999998,33.0,8.0,15.384444444444446,9,baseline,18.9861
11,00-0034855,Baker Mayfield,QB,BUF,20.82,14.5,33.5,4.0,14.622222222222222,9,baseline,17.1936
11,00-0034857,Josh Allen,QB,TB,46.68,25.126666666666665,32.666666666666664,3.6666666666666665,19.03333333333333,9,baseline,20.595
11,00-0034869,Sam Darnold,QB,LA,12.26,20.060000000000002,19.5,2.0,17.06222222222222,9,baseline,18.9773
11,00-0036212,Tua Tagovailoa,QB,WAS,6.84,16.52,30.0,4.333333333333333,22.077999999999996,10,baseline,17.8412
11,00-0036264,Jordan Love,QB,NYG,15.66,15.719999999999999,39.0,5.333333333333333,21.458,10,baseline,17.5824
11,00-0036355,Justin Herbert,QB,JAX,5.34,23.89333333333333,36.0,6.666666666666667,23.633333333333333,9,baseline,20.1992
11,00-0036389,Jalen Hurts,QB,DET,14.5,19.689999999999998,27.5,3.5,20.026666666666667,9,baseline,18.8565
11,00-0036945,Justin Fields,QB,NE,21.34,12.91,30.5,8.5,18.026000000000003,10,baseline,16.6856
11,00-0036971,Trevor Lawrence,QB,LAC,17.020000000000003,18.51,35.5,7.5,14.588000000000003,10,baseline,18.4764
11,00-0039150,Bryce Young,QB,ATL,29.82,5.2700000000000005,24.5,4.5,16.646666666666665,9,baseline,14.2422
11,00-0039732,Bo Nix,QB,KC,12.600000000000001,18.03333333333333,34.333333333333336,4.666666666666667,17.76888888888889,9,baseline,18.3242
11,00-0039851,Drake Maye,QB,NYJ,15.44,22.913333333333338,35.333333333333336,8.333333333333334,18.95777777777778,9,baseline,19.8858
11,00-0039917,Michael Penix Jr.,QB,CAR,7.9,16.86,34.0,6.0,16.984,10,baseline,17.9488
11,00-0039918,Caleb Williams,QB,MIN,10.32,25.866666666666664,42.0,6.666666666666667,17.06888888888889,9,baseline,20.829
11,00-0039923,J.J. McCarthy,QB,CHI,10.0,19.82,40.5,8.0,23.83555555555556,9,baseline,18.8942
11,00-0040676,Cam Ward,QB,HOU,15.06,10.58,31.5,4.5,13.326666666666666,9,baseline,15.9396
11,00-0033119,Jacoby Brissett,QB,SF,25.880000000000003,23.13,42.0,13.5,19.42,10,baseline,19.9531
11,00-0036972,Mac Jones,QB,ARI,-0.30000000000000004,20.293333333333333,34.0,8.666666666666666,15.98666666666667,9,baseline,19.0476
11,00-0040704,Dillon Gabriel,QB,BAL,2.9200000000000004,17.81,36.5,5.5,20.037777777777777,9,baseline,18.2521
11,00-0032268,Marcus Mariota,QB,MIA,17.42,17.02,32.5,5.5,20.298000000000002,10,baseline,18.0004
11,00-0036898,Davis Mills,QB,TEN,16.36,16.93,40.0,10.0,18.955555555555556,9,baseline,17.9694
11,00-0023459,Aaron Rodgers,QB,CIN,9.440000000000001,13.106666666666667,34.666666666666664,5.666666666666667,22.85111111111111,9,plus_defense,18.2716
11,00-0026158,Joe Flacco,QB,PIT,11.860000000000001,29.509999999999998,42.0,6.5,21.737777777777776,9,plus_defense,23.1533
11,00-0026498,Matthew Stafford,QB,SEA,13.2,26.870000000000005,37.5,9.0,18.40888888888889,9,plus_defense,21.1858
11,00-0030565,Geno Smith,QB,DAL,14.92,17.34,36.5,5.0,25.804444444444446,9,plus_defense,20.626
11,00-0033077,Dak Prescott,QB,LV,26.32,14.01,40.0,7.0,18.375555555555557,9,plus_defense,17.0453
11,00-0033106,Jared Goff,QB,PHI,14.100000000000001,22.08,35.0,7.5,16.962222222222223,9,plus_defense,19.1622
11,00-0033873,Patrick Mahomes,QB,DEN,15.340000000000002,18.73,36.5,5.0,13.803999999999998,10,plus_defense,17.0192
11,00-0034796,Lamar Jackson,QB,CLE,8.719999999999999,20.099999999999998,33.0,8.0,15.384444444444446,9,plus_defense,17.9957
11,00-0034855,Baker Mayfield,QB,BUF,20.82,14.5,33.5,4.0,14.622222222222222,9,plus_defense,15.9407
11,00-0034857,Josh Allen,QB,TB,46.68,25.126666666666665,32.666666666666664,3.6666666666666665,19.03333333333333,9,plus_defense,20.8415
11,00-0034869,Sam Darnold,QB,LA,12.26,20.060000000000002,19.5,2.0,17.06222222222222,9,plus_defense,18.5615
11,00-0036212,Tua Tagovailoa,QB,WAS,6.84,16.52,30.0,4.333333333333333,22.077999999999996,10,plus_defense,19.1101
11,00-0036264,Jordan Love,QB,NYG,15.66,15.719999999999999,39.0,5.333333333333333,21.458,10,plus_defense,18.6359
11,00-0036355,Justin Herbert,QB,JAX,5.34,23.89333333333333,36.0,6.666666666666667,23.633333333333333,9,plus_defense,21.9963
11,00-0036389,Jalen Hurts,QB,DET,14.5,19.689999999999998,27.5,3.5,20.026666666666667,9,plus_defense,19.4368
11,00-0036945,Justin Fields,QB,NE,21.34,12.91,30.5,8.5,18.026000000000003,10,plus_defense,16.5826
11,00-0036971,Trevor Lawrence,QB,LAC,17.020000000000003,18.51,35.5,7.5,14.588000000000003,10,plus_defense,17.2143
11,00-0039150,Bryce Young,QB,ATL,29.82,5.2700000000000005,24.5,4.5,16.646666666666665,9,plus_defense,13.6703
11,00-0039732,Bo Nix,QB,KC,12.600000000000001,18.03333333333333,34.333333333333336,4.666666666666667,17.76888888888889,9,plus_defense,18.1366
11,00-0039851,Drake Maye,QB,NYJ,15.44,22.913333333333338,35.333333333333336,8.333333333333334,18.95777777777778,9,plus_defense,20.1033
11,00-0039917,Michael Penix Jr.,QB,CAR,7.9,16.86,34.0,6.0,16.984,10,plus_defense,17.4953
11,00-0039918,Caleb Williams,QB,MIN,10.32,25.866666666666664,42.0,6.666666666666667,17.06888888888889,9,plus_defense,20.4073
11,00-0039923,J.J. McCarthy,QB,CHI,10.0,19.82,40.5,8.0,23.83555555555556,9,plus_defense,20.7534
11,00-0040676,Cam Ward,QB,HOU,15.06,10.58,31.5,4.5,13.326666666666666,9,plus_defense,14.2469
11,00-0033119,Jacoby Brissett,QB,SF,25.880000000000003,23.13,42.0,13.5,19.42,10,plus_defense,20.323
11,00-0036972,Mac Jones,QB,ARI,-0.30000000000000004,20.293333333333333,34.0,8.666666666666666,15.98666666666667,9,plus_defense,18.2603
11,00-0040704,Dillon Gabriel,QB,BAL,2.9200000000000004,17.81,36.5,5.5,20.037777777777777,9,plus_defense,18.8293
11,00-0032268,Marcus Mariota,QB,MIA,17.42,17.02,32.5,5.5,20.298000000000002,10,plus_defense,18.6672
11,00-0036898,Davis Mills,QB,TEN,16.36,16.93,40.0,10.0,18.955555555555556,9,plus_defense,18.1782
11,00-0023459,Aaron Rodgers,QB,CIN,9.440000000000001,13.106666666666667,34.666666666666664,5.666666666666667,22.85111111111111,9,plus_redzone_defense,18.3889
11,00-0026158,Joe Flacco,QB,PIT,11.860000000000001,29.509999999999998,42.0,6.5,21.737777777777776,9,plus_redzone_defense,22.854
11,00-0026498,Matthew Stafford,QB,SEA,13.2,26.870000000000005,37.5,9.0,18.40888888888889,9,plus_redzone_defense,21.512
11,00-0030565,Geno Smith,QB,DAL,14.92,17.34,36.5,5.0,25.804444444444446,9,plus_redzone_defense,20.475
11,00-0033077,Dak Prescott,QB,LV,26.32,14.01,40.0,7.0,18.375555555555557,9,plus_redzone_defense,17.2751
11,00-0033106,Jared Goff,QB,PHI,14.100000000000001,22.08,35.0,7.5,16.962222222222223,9,plus_redzone_defense,19.3801
11,00-0033873,Patrick Mahomes,QB,DEN,15.340000000000002,18.73,36.5,5.0,13.803999999999998,10,plus_redzone_defense,16.8204
11,00-0034796,Lamar Jackson,QB,CLE,8.719999999999999,20.099999999999998,33.0,8.0,15.384444444444446,9,plus_redzone_defense,18.3976
11,00-0034855,Baker Mayfield,QB,BUF,20.82,14.5,33.5,4.0,14.622222222222222,9,plus_redzone_defense,15.7255
11,00-0034857,Josh Allen,QB,TB,46.68,25.126666666666665,32.666666666666664,3.6666666666666665,19.03333333333333,9,plus_redzone_defense,20.3128
11,00-0034869,Sam Darnold,QB,LA,12.26,20.060000000000002,19.5,2.0,17.06222222222222,9,plus_redzone_defense,18.119
11,00-0036212,Tua Tagovailoa,QB,WAS,6.84,16.52,30.0,4.333333333333333,22.077999999999996,10,plus_redzone_defense,18.985
11,00-0036264,Jordan Love,QB,NYG,15.66,15.719999999999999,39.0,5.333333333333333,21.458,10,plus_redzone_defense,18.5332
11,00-0036355,Justin Herbert,QB,JAX,5.34,23.89333333333333,36.0,6.666666666666667,23.633333333333333,9,plus_redzone_defense,21.9976
11,00-0036389,Jalen Hurts,QB,DET,14.5,19.689999999999998,27.5,3.5,20.026666666666667,9,plus_redzone_defense,19.1236
11,00-0036945,Justin Fields,QB,NE,21.34,12.91,30.5,8.5,18.026000000000003,10,plus_redzone_defense,17.3168
11,00-0036971,Trevor Lawrence,QB,LAC,17.020000000000003,18.51,35.5,7.5,14.588000000000003,10,plus_redzone_defense,17.511
11,00-0039150,Bryce Young,QB,ATL,29.82,5.2700000000000005,24.5,4.5,16.646666666666665,9,plus_redzone_defense,13.9727
11,00-0039732,Bo Nix,QB,KC,12.600000000000001,18.03333333333333,34.333333333333336,4.666666666666667,17.76888888888889,9,plus_redzone_defense,17.9417
11,00-0039851,Drake Maye,QB,NYJ,15.44,22.913333333333338,35.333333333333336,8.333333333333334,18.95777777777778,9,plus_redzone_defense,20.4511
11,00-0039917,Michael Penix Jr.,QB,CAR,7.9,16.86,34.0,6.0,16.984,10,plus_redzone_defense,17.5865
11,00-0039918,Caleb Williams,QB,MIN,10.32,25.866666666666664,42.0,6.666666666666667,17.06888888888889,9,plus_redzone_defense,20.228
11,00-0039923,J.J. McCarthy,QB,CHI,10.0,19.82,40.5,8.0,23.83555555555556,9,plus_redzone_defense,21.0168
11,00-0040676,Cam Ward,QB,HOU,15.06,10.58,31.5,4.5,13.326666666666666,9,plus_redzone_defense,14.2658
11,00-0033119,Jacoby Brissett,QB,SF,25.880000000000003,23.13,42.0,13.5,19.42,10,plus_redzone_defense,21.4971
11,00-0036972,Mac Jones,QB,ARI,-0.30000000000000004,20.293333333333333,34.0,8.666666666666666,15.98666666666667,9,plus_redzone_defense,18.7622
11,00-0040704,Dillon Gabriel,QB,BAL,2.9200000000000004,17.81,36.5,5.5,20.037777777777777,9,plus_redzone_defense,18.7541
11,00-0032268,Marcus Mariota,QB,MIA,17.42,17.02,32.5,5.5,20.298000000000002,10,plus_redzone_defense,18.6948
11,00-0036898,Davis Mills,QB,TEN,16.36,16.93,40.0,10.0,18.955555555555556,9,plus_redzone_defense,18.896
12,00-0026158,Joe Flacco,QB,NE,11.620000000000001,23.279999999999998,44.5,5.5,18.32727272727273,11,baseline,19.2421
12,00-0026498,Matthew Stafford,QB,TB,22.92,22.313333333333336,34.333333333333336,8.0,21.798,10,baseline,18.8929
12,00-0030565,Geno Smith,QB,CLE,16.2,16.533333333333335,39.666666666666664,6.333333333333333,14.718,10,baseline,17.5474
12,00-0033077,Dak Prescott,QB,PHI,29.06,21.86,40.0,11.5,16.676,10,baseline,18.8463
12,00-0033106,Jared Goff,QB,NYG,19.16,19.419999999999998,36.0,5.666666666666667,21.46181818181818,11,baseline,18.2081
12,00-0033873,Patrick Mahomes,QB,IND,17.08,12.920000000000002,40.5,5.0,17.682,10,baseline,16.6782
12,00-0034796,Lamar Jackson,QB,NYJ,7.220000000000001,16.306666666666665,31.666666666666668,7.333333333333333,18.606,10,baseline,17.4025
12,00-0034855,Baker Mayfield,QB,LA,7.540000000000001,21.87,38.0,7.5,16.582,10,baseline,18.8263
12,00-0034857,Josh Allen,QB,HOU,12.120000000000001,32.946666666666665,37.333333333333336,4.0,13.5,10,baseline,21.5121
12,00-0034869,Sam Darnold,QB,TEN,17.659999999999997,17.46,28.333333333333332,3.3333333333333335,18.695999999999998,10,baseline,17.6455
12,00-0035710,Daniel Jones,QB,KC,16.84,21.79,43.0,7.5,17.252,10,baseline,18.863
12,00-0036264,Jordan Love,QB,MIN,7.0600000000000005,12.173333333333332,35.0,3.6666666666666665,16.394,10,baseline,16.4349
12,00-0036389,Jalen Hurts,QB,DAL,30.86,14.26,34.5,2.0,24.716,10,baseline,16.9367
12,00-0036971,Trevor Lawrence,QB,ARI,25.14,18.013333333333335,32.666666666666664,6.666666666666667,16.288000000000004,10,baseline,17.8287
12,00-0039150,Bryce Young,QB,SF,12.26,13.453333333333333,31.666666666666668,7.666666666666667,20.007272727272728,11,baseline,16.7087
12,00-0039851,Drake Maye,QB,CIN,17.96,18.633333333333333,37.666666666666664,6.0,22.407999999999998,10,baseline,18.0356
12,00-0039918,Caleb Williams,QB,PIT,23.660000000000004,24.706666666666667,40.333333333333336,5.666666666666667,20.75,10,baseline,19.5422
12,00-0039923,J.J. McCarthy,QB,GB,4.48,16.546666666666667,37.666666666666664,6.333333333333333,15.656,10,baseline,17.5282
12,00-0040676,Cam Ward,QB,SEA,23.94,10.73,31.5,2.0,17.887999999999998,10,baseline,16.0447
12,00-0033119,Jacoby Brissett,QB,JAX,18.68,24.046666666666667,47.666666666666664,13.333333333333334,21.961999999999996,10,baseline,19.4641
12,00-0040743,Tyler Shough,QB,ATL,11.920000000000002,15.11,28.0,4.5,17.964,10,baseline,17.0703
12,00-0036898,Davis Mills,QB,BUF,14.520000000000001,16.74,41.0,8.333333333333334,15.232,10,baseline,17.6126
12,00-0026158,Joe Flacco,QB,NE,11.620000000000001,23.279999999999998,44.5,5.5,18.32727272727273,11,plus_defense,19.2035
12,00-0026498,Matthew Stafford,QB,TB,22.92,22.313333333333336,34.333333333333336,8.0,21.798,10,plus_defense,19.6871
12,00-0030565,Geno Smith,QB,CLE,16.2,16.533333333333335,39.666666666666664,6.333333333333333,14.718,10,plus_defense,16.6833
12,00-0033077,Dak Prescott,QB,PHI,29.06,21.86,40.0,11.5,16.676,10,plus_defense,18.431
12,00-0033106,Jared Goff,QB,NYG,19.16,19.419999999999998,36.0,5.666666666666667,21.46181818181818,11,plus_defense,18.9258
12,00-0033873,Patrick Mahomes,QB,IND,17.08,12.920000000000002,40.5,5.0,17.682,10,plus_defense,16.5138
12,00-0034796,Lamar Jackson,QB,NYJ,7.220000000000001,16.306666666666665,31.666666666666668,7.333333333333333,18.606,10,plus_defense,17.4639
12,00-0034855,Baker Mayfield,QB,LA,7.540000000000001,21.87,38.0,7.5,16.582,10,plus_defense,18.3924
12,00-0034857,Josh Allen,QB,HOU,12.120000000000001,32.946666666666665,37.333333333333336,4.0,13.5,10,plus_defense,20.3372
12,00-0034869,Sam Darnold,QB,TEN,17.659999999999997,17.46,28.333333333333332,3.3333333333333335,18.695999999999998,10,plus_defense,17.7317
12,00-0035710,Daniel Jones,QB,KC,16.84,21.79,43.0,7.5,17.252,10,plus_defense,18.5776
12,00-0036264,Jordan Love,QB,MIN,7.0600000000000005,12.173333333333332,35.0,3.6666666666666665,16.394,10,plus_defense,15.9795
12,00-0036389,Jalen Hurts,QB,DAL,30.86,14.26,34.5,2.0,24.716,10,plus_defense,18.4289
12,00-0036971,Trevor Lawrence,QB,ARI,25.14,18.013333333333335,32.666666666666664,6.666666666666667,16.288000000000004,10,plus_defense,17.342
12,00-0039150,Bryce Young,QB,SF,12.26,13.453333333333333,31.666666666666668,7.666666666666667,20.007272727272728,11,plus_defense,17.1037
12,00-0039851,Drake Maye,QB,CIN,17.96,18.633333333333333,37.666666666666664,6.0,22.407999999999998,10,plus_defense,18.9736
12,00-0039918,Caleb Williams,QB,PIT,23.660000000000004,24.706666666666667,40.333333333333336,5.666666666666667,20.75,10,plus_defense,20.0761
12,00-0039923,J.J. McCarthy,QB,GB,4.48,16.546666666666667,37.666666666666664,6.333333333333333,15.656,10,plus_defense,16.8874
12,00-0040676,Cam Ward,QB,SEA,23.94,10.73,31.5,2.0,17.887999999999998,10,plus_defense,15.9481
12,00-0033119,Jacoby Brissett,QB,JAX,18.68,24.046666666666667,47.666666666666664,13.333333333333334,21.961999999999996,10,plus_defense,20.2705
12,00-0040743,Tyler Shough,QB,ATL,11.920000000000002,15.11,28.0,4.5,17.964,10,plus_defense,16.9898
12,00-0036898,Davis Mills,QB,BUF,14.520000000000001,16.74,41.0,8.333333333333334,15.232,10,plus_defense,16.8663
12,00-0026158,Joe Flacco,QB,NE,11.620000000000001,23.279999999999998,44.5,5.5,18.32727272727273,11,plus_redzone_defense,18.9704
12,00-0026498,Matthew Stafford,QB,TB,22.92,22.313333333333336,34.333333333333336,8.0,21.798,10,plus_redzone_defense,19.8732
12,00-0030565,Geno Smith,QB,CLE,16.2,16.533333333333335,39.666666666666664,6.333333333333333,14.718,10,plus_redzone_defense,16.6906
12,00-0033077,Dak Prescott,QB,PHI,29.06,21.86,40.0,11.5,16.676,10,plus_redzone_defense,18.9205
12,00-0033106,Jared Goff,QB,NYG,19.16,19.419999999999998,36.0,5.666666666666667,21.46181818181818,11,plus_redzone_defense,18.8776
12,00-0033873,Patrick Mahomes,QB,IND,17.08,12.920000000000002,40.5,5.0,17.682,10,plus_redzone_defense,16.4189
12,00-0034796,Lamar Jackson,QB,NYJ,7.220000000000001,16.306666666666665,31.666666666666668,7.333333333333333,18.606,10,plus_redzone_defense,17.6909
12,00-0034855,Baker Mayfield,QB,LA,7.540000000000001,21.87,38.0,7.5,16.582,10,plus_redzone_defense,18.4769
12,00-0034857,Josh Allen,QB,HOU,12.120000000000001,32.946666666666665,37.333333333333336,4.0,13.5,10,plus_redzone_defense,19.8997
12,00-0034869,Sam Darnold,QB,TEN,17.659999999999997,17.46,28.333333333333332,3.3333333333333335,18.695999999999998,10,plus_redzone_defense,17.5559
12,00-0035710,Daniel Jones,QB,KC,16.84,21.79,43.0,7.5,17.252,10,plus_redzone_defense,18.5986
12,00-0036264,Jordan Love,QB,MIN,7.0600000000000005,12.173333333333332,35.0,3.6666666666666665,16.394,10,plus_redzone_defense,15.8216
12,00-0036389,Jalen Hurts,QB,DAL,30.86,14.26,34.5,2.0,24.716,10,plus_redzone_defense,18.079
12,00-0036971,Trevor Lawrence,QB,ARI,25.14,18.013333333333335,32.666666666666664,6.666666666666667,16.288000000000004,10,plus_redzone_defense,17.4584
12,00-0039150,Bryce Young,QB,SF,12.26,13.453333333333333,31.666666666666668,7.666666666666667,20.007272727272728,11,plus_redzone_defense,17.4069
12,00-0039851,Drake Maye,QB,CIN,17.96,18.633333333333333,37.666666666666664,6.0,22.407999999999998,10,plus_redzone_defense,18.9512
12,00-0039918,Caleb Williams,QB,PIT,23.660000000000004,24.706666666666667,40.333333333333336,5.666666666666667,20.75,10,plus_redzone_defense,19.8988
12,00-0039923,J.J. McCarthy,QB,GB,4.48,16.546666666666667,37.666666666666664,6.333333333333333,15.656,10,plus_redzone_defense,16.9217
12,00-0040676,Cam Ward,QB,SEA,23.94,10.73,31.5,2.0,17.887999999999998,10,plus_redzone_defense,15.6776
12,00-0033119,Jacoby Brissett,QB,JAX,18.68,24.046666666666667,47.666666666666664,13.333333333333334,21.961999999999996,10,plus_redzone_defense,20.8335
12,00-0040743,Tyler Shough,QB,ATL,11.920000000000002,15.11,28.0,4.5,17.964,10,plus_redzone_defense,16.975
12,00-0036898,Davis Mills,QB,BUF,14.520000000000001,16.74,41.0,8.333333333333334,15.232,10,plus_redzone_defense,17.0694
13,00-0023459,Aaron Rodgers,QB,BUF,4.68,9.940000000000001,23.5,3.0,15.167272727272728,11,baseline,15.7965
13,00-0026498,Matthew Stafford,QB,CAR,17.619999999999997,21.006666666666668,34.0,6.333333333333333,16.098333333333333,12,baseline,18.4073
13,00-0030565,Geno Smith,QB,LAC,14.000000000000002,12.513333333333334,40.666666666666664,4.333333333333333,14.809090909090912,11,baseline,16.5292
13,00-0033077,Dak Prescott,QB,KC,20.6,27.689999999999998,39.0,12.0,17.214545454545455,11,baseline,19.9725
13,00-0033106,Jared Goff,QB,GB,20.64,19.353333333333335,37.666666666666664,5.333333333333333,14.639999999999999,11,baseline,18.0619
13,00-0033873,Patrick Mahomes,QB,DAL,29.439999999999998,16.21,48.0,10.0,25.274545454545454,11,baseline,17.434
13,00-0034796,Lamar Jackson,QB,CIN,12.54,10.193333333333333,32.333333333333336,8.333333333333334,22.003636363636364,11,baseline,15.9296
13,00-0034855,Baker Mayfield,QB,ARI,14.46,17.093333333333334,33.0,5.333333333333333,17.092727272727277,11,baseline,17.5072
13,00-0034857,Josh Allen,QB,PIT,18.72,27.380000000000006,39.666666666666664,4.666666666666667,21.014545454545456,11,baseline,19.9076
13,00-0034869,Sam Darnold,QB,MIN,5.12,13.613333333333332,29.333333333333332,5.0,15.598181818181816,11,baseline,16.6831
13,00-0035710,Daniel Jones,QB,HOU,16.14,18.17,33.5,7.0,13.374545454545455,11,baseline,17.7568
13,00-0036212,Tua Tagovailoa,QB,NO,6.680000000000001,10.83,21.5,3.5,17.71818181818182,11,baseline,15.9822
13,00-0036264,Jordan Love,QB,DET,25.759999999999998,10.853333333333333,30.333333333333332,2.3333333333333335,20.816363636363636,11,baseline,16.0629
13,00-0036355,Justin Herbert,QB,LV,14.84,10.02,29.5,4.5,18.541818181818183,11,baseline,15.8659
13,00-0036389,Jalen Hurts,QB,CHI,20.300000000000004,19.793333333333333,38.333333333333336,3.6666666666666665,21.46,11,baseline,18.1678
13,00-0036971,Trevor Lawrence,QB,TEN,19.66,18.66,30.0,5.666666666666667,18.601818181818178,11,baseline,17.8385
13,00-0037834,Brock Purdy,QB,CLE,17.119999999999997,16.31,32.5,5.0,14.852727272727272,11,baseline,17.3245
13,00-0039150,Bryce Young,QB,LA,22.540000000000003,15.88,35.333333333333336,7.666666666666667,16.04,11,baseline,17.2507
13,00-0039732,Bo Nix,QB,WAS,18.44,11.200000000000001,37.0,7.5,20.69272727272727,11,baseline,16.1988
13,00-0039851,Drake Maye,QB,NYG,20.48,17.833333333333332,38.666666666666664,6.0,21.27,12,baseline,17.7242
13,00-0039918,Caleb Williams,QB,PHI,11.46,19.693333333333335,39.666666666666664,3.6666666666666665,17.80181818181818,11,baseline,18.1564
13,00-0040676,Cam Ward,QB,JAX,6.34,19.5,44.0,5.0,21.656363636363633,11,baseline,18.1494
13,00-0033119,Jacoby Brissett,QB,TB,21.64,21.993333333333336,53.0,13.0,21.9,11,baseline,18.7942
13,00-0034771,Mason Rudolph,QB,BUF,0.0,10.26,25.5,3.0,15.167272727272728,11,baseline,15.8865
13,00-0036972,Mac Jones,QB,CLE,0.2,12.379999999999999,21.5,6.5,14.852727272727272,11,baseline,16.3353
13,00-0040704,Dillon Gabriel,QB,SF,0.0,11.5,24.5,3.0,19.361666666666668,12,baseline,16.1604
13,00-0029604,Kirk Cousins,QB,NYJ,13.36,9.290000000000001,20.0,1.0,17.57090909090909,11,baseline,15.6185
13,00-0032268,Marcus Mariota,QB,DEN,25.259999999999998,18.07,30.5,5.5,13.943636363636363,11,baseline,17.7084
13,00-0040743,Tyler Shough,QB,MIA,19.360000000000003,15.450000000000001,40.5,6.0,20.03636363636364,11,baseline,17.1968
13,00-0040668,Shedeur Sanders,QB,SF,10.56,7.87,20.0,0.0,19.361666666666668,12,baseline,15.295
13,00-0023459,Aaron Rodgers,QB,BUF,4.68,9.940000000000001,23.5,3.0,15.167272727272728,11,plus_defense,14.8738
13,00-0026498,Matthew Stafford,QB,CAR,17.619999999999997,21.006666666666668,34.0,6.333333333333333,16.098333333333333,12,plus_defense,17.7289
13,00-0030565,Geno Smith,QB,LAC,14.000000000000002,12.513333333333334,40.666666666666664,4.333333333333333,14.809090909090912,11,plus_defense,15.4589
13,00-0033077,Dak Prescott,QB,KC,20.6,27.689999999999998,39.0,12.0,17.214545454545455,11,plus_defense,19.6094
13,00-0033106,Jared Goff,QB,GB,20.64,19.353333333333335,37.666666666666664,5.333333333333333,14.639999999999999,11,plus_defense,16.9429
13,00-0033873,Patrick Mahomes,QB,DAL,29.439999999999998,16.21,48.0,10.0,25.274545454545454,11,plus_defense,19.4549
13,00-0034796,Lamar Jackson,QB,CIN,12.54,10.193333333333333,32.333333333333336,8.333333333333334,22.003636363636364,11,plus_defense,17.0186
13,00-0034855,Baker Mayfield,QB,ARI,14.46,17.093333333333334,33.0,5.333333333333333,17.092727272727277,11,plus_defense,17.1297
13,00-0034857,Josh Allen,QB,PIT,18.72,27.380000000000006,39.666666666666664,4.666666666666667,21.014545454545456,11,plus_defense,20.6727
13,00-0034869,Sam Darnold,QB,MIN,5.12,13.613333333333332,29.333333333333332,5.0,15.598181818181816,11,plus_defense,15.8724
13,00-0035710,Daniel Jones,QB,HOU,16.14,18.17,33.5,7.0,13.374545454545455,11,plus_defense,16.2721
13,00-0036212,Tua Tagovailoa,QB,NO,6.680000000000001,10.83,21.5,3.5,17.71818181818182,11,plus_defense,15.8216
13,00-0036264,Jordan Love,QB,DET,25.759999999999998,10.853333333333333,30.333333333333332,2.3333333333333335,20.816363636363636,11,plus_defense,16.803
13,00-0036355,Justin Herbert,QB,LV,14.84,10.02,29.5,4.5,18.541818181818183,11,plus_defense,15.9325
13,00-0036389,Jalen Hurts,QB,CHI,20.300000000000004,19.793333333333333,38.333333333333336,3.6666666666666665,21.46,11,plus_defense,19.0742
13,00-0036971,Trevor Lawrence,QB,TEN,19.66,18.66,30.0,5.666666666666667,18.601818181818178,11,plus_defense,17.9152
13,00-0037834,Brock Purdy,QB,CLE,17.119999999999997,16.31,32.5,5.0,14.852727272727272,11,plus_defense,16.2829
13,00-0039150,Bryce Young,QB,LA,22.540000000000003,15.88,35.333333333333336,7.666666666666667,16.04,11,plus_defense,16.5559
13,00-0039732,Bo Nix,QB,WAS,18.44,11.200000000000001,37.0,7.5,20.69272727272727,11,plus_defense,16.8867
13,00-0039851,Drake Maye,QB,NYG,20.48,17.833333333333332,38.666666666666664,6.0,21.27,12,plus_defense,18.5748
13,00-0039918,Caleb Williams,QB,PHI,11.46,19.693333333333335,39.666666666666664,3.6666666666666665,17.80181818181818,11,plus_defense,17.9725
13,00-0040676,Cam Ward,QB,JAX,6.34,19.5,44.0,5.0,21.656363636363633,11,plus_defense,19.1014
13,00-0033119,Jacoby Brissett,QB,TB,21.64,21.993333333333336,53.0,13.0,21.9,11,plus_defense,19.7962
13,00-0034771,Mason Rudolph,QB,BUF,0.0,10.26,25.5,3.0,15.167272727272728,11,plus_defense,14.9589
13,00-0036972,Mac Jones,QB,CLE,0.2,12.379999999999999,21.5,6.5,14.852727272727272,11,plus_defense,15.3218
13,00-0040704,Dillon Gabriel,QB,SF,0.0,11.5,24.5,3.0,19.361666666666668,12,plus_defense,16.481
13,00-0029604,Kirk Cousins,QB,NYJ,13.36,9.290000000000001,20.0,1.0,17.57090909090909,11,plus_defense,15.4188
13,00-0032268,Marcus Mariota,QB,DEN,25.259999999999998,18.07,30.5,5.5,13.943636363636363,11,plus_defense,16.3998
13,00-0040743,Tyler Shough,QB,MIA,19.360000000000003,15.450000000000001,40.5,6.0,20.03636363636364,11,plus_defense,17.6784
13,00-0040668,Shedeur Sanders,QB,SF,10.56,7.87,20.0,0.0,19.361666666666668,12,plus_defense,15.6286
13,00-0023459,Aaron Rodgers,QB,BUF,4.68,9.940000000000001,23.5,3.0,15.167272727272728,11,plus_redzone_defense,14.8354
13,00-0026498,Matthew Stafford,QB,CAR,17.619999999999997,21.006666666666668,34.0,6.333333333333333,16.098333333333333,12,plus_redzone_defense,17.7491
13,00-0030565,Geno Smith,QB,LAC,14.000000000000002,12.513333333333334,40.666666666666664,4.333333333333333,14.809090909090912,11,plus_redzone_defense,15.313
13,00-0033077,Dak Prescott,QB,KC,20.6,27.689999999999998,39.0,12.0,17.214545454545455,11,plus_redzone_defense,20.0127
13,00-0033106,Jared Goff,QB,GB,20.64,19.353333333333335,37.666666666666664,5.333333333333333,14.639999999999999,11,plus_redzone_defense,16.847
13,00-0033873,Patrick Mahomes,QB,DAL,29.439999999999998,16.21,48.0,10.0,25.274545454545454,11,plus_redzone_defense,19.7041
13,00-0034796,Lamar Jackson,QB,CIN,12.54,10.193333333333333,32.333333333333336,8.333333333333334,22.003636363636364,11,plus_redzone_defense,17.3633
13,00-0034855,Baker Mayfield,QB,ARI,14.46,17.093333333333334,33.0,5.333333333333333,17.092727272727277,11,plus_redzone_defense,17.1147
13,00-0034857,Josh Allen,QB,PIT,18.72,27.380000000000006,39.666666666666664,4.666666666666667,21.014545454545456,11,plus_redzone_defense,20.4084
13,00-0034869,Sam Darnold,QB,MIN,5.12,13.613333333333332,29.333333333333332,5.0,15.598181818181816,11,plus_redzone_defense,15.9073
13,00-0035710,Daniel Jones,QB,HOU,16.14,18.17,33.5,7.0,13.374545454545455,11,plus_redzone_defense,16.3882
13,00-0036212,Tua Tagovailoa,QB,NO,6.680000000000001,10.83,21.5,3.5,17.71818181818182,11,plus_redzone_defense,15.8437
13,00-0036264,Jordan Love,QB,DET,25.759999999999998,10.853333333333333,30.333333333333332,2.3333333333333335,20.816363636363636,11,plus_redzone_defense,16.6182
13,00-0036355,Justin Herbert,QB,LV,14.84,10.02,29.5,4.5,18.541818181818183,11,plus_redzone_defense,15.9618
13,00-0036389,Jalen Hurts,QB,CHI,20.300000000000004,19.793333333333333,38.333333333333336,3.6666666666666665,21.46,11,plus_redzone_defense,18.8188
13,00-0036971,Trevor Lawrence,QB,TEN,19.66,18.66,30.0,5.666666666666667,18.601818181818178,11,plus_redzone_defense,17.9491
13,00-0037834,Brock Purdy,QB,CLE,17.119999999999997,16.31,32.5,5.0,14.852727272727272,11,plus_redzone_defense,16.2506
13,00-0039150,Bryce Young,QB,LA,22.540000000000003,15.88,35.333333333333336,7.666666666666667,16.04,11,plus_redzone_defense,16.7383
13,00-0039732,Bo Nix,QB,WAS,18.44,11.200000000000001,37.0,7.5,20.69272727272727,11,plus_redzone_defense,17.0894
13,00-0039851,Drake Maye,QB,NYG,20.48,17.833333333333332,38.666666666666664,6.0,21.27,12,plus_redzone_defense,18.5489
13,00-0039918,Caleb Williams,QB,PHI,11.46,19.693333333333335,39.666666666666664,3.6666666666666665,17.80181818181818,11,plus_redzone_defense,17.7002
13,00-0040676,Cam Ward,QB,JAX,6.34,19.5,44.0,5.0,21.656363636363633,11,plus_redzone_defense,18.9044
13,00-0033119,Jacoby Brissett,QB,TB,21.64,21.993333333333336,53.0,13.0,21.9,11,plus_redzone_defense,20.1934
13,00-0034771,Mason Rudolph,QB,BUF,0.0,10.26,25.5,3.0,15.167272727272728,11,plus_redzone_defense,14.8937
13,00-0036972,Mac Jones,QB,CLE,0.2,12.379999999999999,21.5,6.5,14.852727272727272,11,plus_redzone_defense,15.5973
13,00-0040704,Dillon Gabriel,QB,SF,0.0,11.5,24.5,3.0,19.361666666666668,12,plus_redzone_defense,16.4165
13,00-0029604,Kirk Cousins,QB,NYJ,13.36,9.290000000000001,20.0,1.0,17.57090909090909,11,plus_redzone_defense,15.2483
13,00-0032268,Marcus Mariota,QB,DEN,25.259999999999998,18.07,30.5,5.5,13.943636363636363,11,plus_redzone_defense,16.4161
13,00-0040743,Tyler Shough,QB,MIA,19.360000000000003,15.450000000000001,40.5,6.0,20.03636363636364,11,plus_redzone_defense,17.6567
13,00-0040668,Shedeur Sanders,QB,SF,10.56,7.87,20.0,0.0,19.361666666666668,12,plus_redzone_defense,15.3843
14,00-0023459,Aaron Rodgers,QB,BAL,21.46,7.0600000000000005,19.0,4.0,18.39666666666667,12,baseline,13.7128
14,00-0026498,Matthew Stafford,QB,ARI,23.240000000000002,17.913333333333334,30.666666666666668,6.666666666666667,16.87333333333334,12,baseline,17.1746
14,00-0030565,Geno Smith,QB,DEN,9.040000000000001,15.04,39.333333333333336,5.666666666666667,14.886666666666665,12,baseline,17.0677
14,00-0033077,Dak Prescott,QB,DET,20.439999999999998,25.326666666666664,40.0,10.666666666666666,21.228333333333335,12,baseline,19.6332
14,00-0033106,Jared Goff,QB,DAL,16.16,17.96666666666667,35.666666666666664,4.0,25.621666666666666,12,baseline,17.532
14,00-0033873,Patrick Mahomes,QB,HOU,12.3,20.62,44.333333333333336,9.333333333333334,13.604999999999999,12,baseline,18.7788
14,00-0034796,Lamar Jackson,QB,PIT,23.06,9.493333333333332,32.333333333333336,6.0,20.823333333333334,12,baseline,15.227
14,00-0034855,Baker Mayfield,QB,NO,13.079999999999998,14.273333333333333,30.0,6.666666666666667,16.798333333333336,12,baseline,16.2371
14,00-0034857,Josh Allen,QB,CIN,35.84,25.84,35.333333333333336,5.0,21.215,12,baseline,19.4376
14,00-0034869,Sam Darnold,QB,ATL,24.26,11.679999999999998,33.0,5.0,17.736666666666668,12,baseline,15.8085
14,00-0035710,Daniel Jones,QB,JAX,2.8,16.490000000000002,31.0,5.0,20.38,12,baseline,16.849
14,00-0036212,Tua Tagovailoa,QB,NYJ,9.08,6.76,23.5,5.0,17.22,12,baseline,13.9492
14,00-0036264,Jordan Love,QB,CHI,21.259999999999998,16.16,28.333333333333332,4.0,21.363333333333333,12,baseline,16.5845
14,00-0036355,Justin Herbert,QB,PHI,16.16,10.09,22.0,5.0,17.273333333333333,12,baseline,14.6615
14,00-0036389,Jalen Hurts,QB,LAC,10.4,21.886666666666667,40.666666666666664,4.666666666666667,14.741666666666669,12,baseline,18.8366
14,00-0036971,Trevor Lawrence,QB,IND,19.36,20.60666666666667,30.666666666666668,6.0,17.07833333333333,12,baseline,17.8344
14,00-0039732,Bo Nix,QB,LV,15.98,15.520000000000001,44.0,8.5,18.296666666666667,12,baseline,17.5066
14,00-0039918,Caleb Williams,QB,GB,16.94,15.146666666666668,38.666666666666664,4.0,15.14,12,baseline,17.0479
14,00-0039923,J.J. McCarthy,QB,WAS,20.419999999999998,7.24,26.5,1.5,20.505,12,baseline,14.2734
14,00-0040676,Cam Ward,QB,CLE,13.08,15.113333333333335,42.333333333333336,4.0,15.058333333333332,12,baseline,17.2923
14,00-0028118,Tyrod Taylor,QB,MIA,0.24,18.03,37.0,4.0,19.980000000000004,12,baseline,17.6394
14,00-0033119,Jacoby Brissett,QB,LA,21.04,22.066666666666666,51.333333333333336,7.333333333333333,16.581666666666667,12,baseline,19.6152
14,00-0029604,Kirk Cousins,QB,SEA,6.48,10.646666666666667,24.333333333333332,1.6666666666666667,17.313333333333333,12,baseline,14.9586
14,00-0032268,Marcus Mariota,QB,MIN,1.9,21.34,47.0,9.5,14.725,12,baseline,19.1388
14,00-0040743,Tyler Shough,QB,TB,23.259999999999998,15.640000000000002,47.0,5.0,21.87833333333333,12,baseline,17.7426
14,00-0040668,Shedeur Sanders,QB,TEN,35.46,8.766666666666667,22.0,0.0,18.664999999999996,12,baseline,14.3374
14,00-0023459,Aaron Rodgers,QB,BAL,21.46,7.0600000000000005,19.0,4.0,18.39666666666667,12,plus_defense,13.8734
14,00-0026498,Matthew Stafford,QB,ARI,23.240000000000002,17.913333333333334,30.666666666666668,6.666666666666667,16.87333333333334,12,plus_defense,16.7244
14,00-0030565,Geno Smith,QB,DEN,9.040000000000001,15.04,39.333333333333336,5.666666666666667,14.886666666666665,12,plus_defense,15.8371
14,00-0033077,Dak Prescott,QB,DET,20.439999999999998,25.326666666666664,40.0,10.666666666666666,21.228333333333335,12,plus_defense,20.5691
14,00-0033106,Jared Goff,QB,DAL,16.16,17.96666666666667,35.666666666666664,4.0,25.621666666666666,12,plus_defense,19.9737
14,00-0033873,Patrick Mahomes,QB,HOU,12.3,20.62,44.333333333333336,9.333333333333334,13.604999999999999,12,plus_defense,17.0776
14,00-0034796,Lamar Jackson,QB,PIT,23.06,9.493333333333332,32.333333333333336,6.0,20.823333333333334,12,plus_defense,16.0598
14,00-0034855,Baker Mayfield,QB,NO,13.079999999999998,14.273333333333333,30.0,6.666666666666667,16.798333333333336,12,plus_defense,15.7566
14,00-0034857,Josh Allen,QB,CIN,35.84,25.84,35.333333333333336,5.0,21.215,12,plus_defense,20.4249
14,00-0034869,Sam Darnold,QB,ATL,24.26,11.679999999999998,33.0,5.0,17.736666666666668,12,plus_defense,15.6005
14,00-0035710,Daniel Jones,QB,JAX,2.8,16.490000000000002,31.0,5.0,20.38,12,plus_defense,17.5722
14,00-0036212,Tua Tagovailoa,QB,NYJ,9.08,6.76,23.5,5.0,17.22,12,plus_defense,13.6598
14,00-0036264,Jordan Love,QB,CHI,21.259999999999998,16.16,28.333333333333332,4.0,21.363333333333333,12,plus_defense,17.669
14,00-0036355,Justin Herbert,QB,PHI,16.16,10.09,22.0,5.0,17.273333333333333,12,plus_defense,14.4192
14,00-0036389,Jalen Hurts,QB,LAC,10.4,21.886666666666667,40.666666666666664,4.666666666666667,14.741666666666669,12,plus_defense,17.5656
14,00-0036971,Trevor Lawrence,QB,IND,19.36,20.60666666666667,30.666666666666668,6.0,17.07833333333333,12,plus_defense,17.4627
14,00-0039732,Bo Nix,QB,LV,15.98,15.520000000000001,44.0,8.5,18.296666666666667,12,plus_defense,17.3734
14,00-0039918,Caleb Williams,QB,GB,16.94,15.146666666666668,38.666666666666664,4.0,15.14,12,plus_defense,15.9108
14,00-0039923,J.J. McCarthy,QB,WAS,20.419999999999998,7.24,26.5,1.5,20.505,12,plus_defense,15.0585
14,00-0040676,Cam Ward,QB,CLE,13.08,15.113333333333335,42.333333333333336,4.0,15.058333333333332,12,plus_defense,16.085
14,00-0028118,Tyrod Taylor,QB,MIA,0.24,18.03,37.0,4.0,19.980000000000004,12,plus_defense,18.1636
14,00-0033119,Jacoby Brissett,QB,LA,21.04,22.066666666666666,51.333333333333336,7.333333333333333,16.581666666666667,12,plus_defense,18.8416
14,00-0029604,Kirk Cousins,QB,SEA,6.48,10.646666666666667,24.333333333333332,1.6666666666666667,17.313333333333333,12,plus_defense,14.7046
14,00-0032268,Marcus Mariota,QB,MIN,1.9,21.34,47.0,9.5,14.725,12,plus_defense,17.7869
14,00-0040743,Tyler Shough,QB,TB,23.259999999999998,15.640000000000002,47.0,5.0,21.87833333333333,12,plus_defense,18.7826
14,00-0040668,Shedeur Sanders,QB,TEN,35.46,8.766666666666667,22.0,0.0,18.664999999999996,12,plus_defense,14.5597
14,00-0023459,Aaron Rodgers,QB,BAL,21.46,7.0600000000000005,19.0,4.0,18.39666666666667,12,plus_redzone_defense,14.09
14,00-0026498,Matthew Stafford,QB,ARI,23.240000000000002,17.913333333333334,30.666666666666668,6.666666666666667,16.87333333333334,12,plus_redzone_defense,16.9111
14,00-0030565,Geno Smith,QB,DEN,9.040000000000001,15.04,39.333333333333336,5.666666666666667,14.886666666666665,12,plus_redzone_defense,15.7764
14,00-0033077,Dak Prescott,QB,DET,20.439999999999998,25.326666666666664,40.0,10.666666666666666,21.228333333333335,12,plus_redzone_defense,21.0069
14,00-0033106,Jared Goff,QB,DAL,16.16,17.96666666666667,35.666666666666664,4.0,25.621666666666666,12,plus_redzone_defense,19.7166
14,00-0033873,Patrick Mahomes,QB,HOU,12.3,20.62,44.333333333333336,9.333333333333334,13.604999999999999,12,plus_redzone_defense,17.3276
14,00-0034796,Lamar Jackson,QB,PIT,23.06,9.493333333333332,32.333333333333336,6.0,20.823333333333334,12,plus_redzone_defense,16.2647
14,00-0034855,Baker Mayfield,QB,NO,13.079999999999998,14.273333333333333,30.0,6.666666666666667,16.798333333333336,12,plus_redzone_defense,16.0139
14,00-0034857,Josh Allen,QB,CIN,35.84,25.84,35.333333333333336,5.0,21.215,12,plus_redzone_defense,20.1785
14,00-0034869,Sam Darnold,QB,ATL,24.26,11.679999999999998,33.0,5.0,17.736666666666668,12,plus_redzone_defense,15.6217
14,00-0035710,Daniel Jones,QB,JAX,2.8,16.490000000000002,31.0,5.0,20.38,12,plus_redzone_defense,17.5544
14,00-0036212,Tua Tagovailoa,QB,NYJ,9.08,6.76,23.5,5.0,17.22,12,plus_redzone_defense,13.9328
14,00-0036264,Jordan Love,QB,CHI,21.259999999999998,16.16,28.333333333333332,4.0,21.363333333333333,12,plus_redzone_defense,17.5716
14,00-0036355,Justin Herbert,QB,PHI,16.16,10.09,22.0,5.0,17.273333333333333,12,plus_redzone_defense,14.666
14,00-0036389,Jalen Hurts,QB,LAC,10.4,21.886666666666667,40.666666666666664,4.666666666666667,14.741666666666669,12,plus_redzone_defense,17.2362
14,00-0036971,Trevor Lawrence,QB,IND,19.36,20.60666666666667,30.666666666666668,6.0,17.07833333333333,12,plus_redzone_defense,17.5167
14,00-0039732,Bo Nix,QB,LV,15.98,15.520000000000001,44.0,8.5,18.296666666666667,12,plus_redzone_defense,17.6028
14,00-0039918,Caleb Williams,QB,GB,16.94,15.146666666666668,38.666666666666664,4.0,15.14,12,plus_redzone_defense,15.6369
14,00-0039923,J.J. McCarthy,QB,WAS,20.419999999999998,7.24,26.5,1.5,20.505,12,plus_redzone_defense,14.8015
14,00-0040676,Cam Ward,QB,CLE,13.08,15.113333333333335,42.333333333333336,4.0,15.058333333333332,12,plus_redzone_defense,15.7448
14,00-0028118,Tyrod Taylor,QB,MIA,0.24,18.03,37.0,4.0,19.980000000000004,12,plus_redzone_defense,17.8772
14,00-0033119,Jacoby Brissett,QB,LA,21.04,22.066666666666666,51.333333333333336,7.333333333333333,16.581666666666667,12,plus_redzone_defense,18.6744
14,00-0029604,Kirk Cousins,QB,SEA,6.48,10.646666666666667,24.333333333333332,1.6666666666666667,17.313333333333333,12,plus_redzone_defense,14.4524
14,00-0032268,Marcus Mariota,QB,MIN,1.9,21.34,47.0,9.5,14.725,12,plus_redzone_defense,17.9999
14,00-0040743,Tyler Shough,QB,TB,23.259999999999998,15.640000000000002,47.0,5.0,21.87833333333333,12,plus_redzone_defense,18.4881
14,00-0040668,Shedeur Sanders,QB,TEN,35.46,8.766666666666667,22.0,0.0,18.664999999999996,12,plus_redzone_defense,14.1573
15,00-0023459,Aaron Rodgers,QB,MIA,16.96,13.07,29.5,8.5,18.963076923076926,13,baseline,16.1088
15,00-0026498,Matthew Stafford,QB,DET,22.919999999999998,21.26,31.666666666666668,6.666666666666667,21.16769230769231,13,baseline,18.1681
15,00-0033077,Dak Prescott,QB,MIN,11.959999999999999,23.366666666666664,44.333333333333336,9.666666666666666,14.10153846153846,13,baseline,19.0318
15,00-0033106,Jared Goff,QB,LA,25.52,18.653333333333332,35.0,4.666666666666667,16.924615384615382,13,baseline,17.6236
15,00-0033873,Patrick Mahomes,QB,LAC,15.06,19.606666666666666,42.666666666666664,8.333333333333334,14.407692307692312,13,baseline,18.0679
15,00-0034796,Lamar Jackson,QB,CIN,16.6,14.273333333333332,36.666666666666664,8.0,22.339999999999996,13,baseline,16.6003
15,00-0034855,Baker Mayfield,QB,ATL,19.18,11.693333333333333,31.0,4.0,18.23846153846154,13,baseline,15.8141
15,00-0034857,Josh Allen,QB,NE,24.52,22.22666666666667,35.666666666666664,7.0,17.33384615384616,13,baseline,18.5144
15,00-0034869,Sam Darnold,QB,IND,11.34,15.68,28.666666666666668,5.333333333333333,17.255384615384614,13,baseline,16.723
15,00-0036212,Tua Tagovailoa,QB,PIT,18.220000000000002,7.880000000000001,24.5,3.5,20.995384615384616,13,baseline,14.7038
15,00-0036264,Jordan Love,QB,DEN,17.94,18.026666666666667,28.333333333333332,3.0,15.089230769230769,13,baseline,17.2868
15,00-0036355,Justin Herbert,QB,KC,12.4,15.5,29.5,5.5,17.12153846153846,13,baseline,16.7021
15,00-0036389,Jalen Hurts,QB,LV,22.9,20.52,42.666666666666664,4.666666666666667,18.11846153846154,13,baseline,18.2908
15,00-0036442,Joe Burrow,QB,BAL,9.5,23.299999999999997,42.5,9.0,18.632307692307695,13,baseline,18.965
15,00-0036971,Trevor Lawrence,QB,NYJ,44.300000000000004,21.386666666666667,33.0,7.666666666666667,16.578461538461536,13,baseline,18.2358
15,00-0037834,Brock Purdy,QB,TEN,28.200000000000003,15.219999999999999,34.5,7.0,19.956923076923072,13,baseline,16.7716
15,00-0039150,Bryce Young,QB,NO,15.42,17.400000000000002,29.0,4.0,16.512307692307694,13,baseline,17.1522
15,00-0039163,C.J. Stroud,QB,ARI,23.4,11.830000000000002,34.5,5.0,17.332307692307698,13,baseline,15.944
15,00-0039732,Bo Nix,QB,GB,29.08,17.21,44.0,8.5,15.278461538461539,13,baseline,17.5195
15,00-0039851,Drake Maye,QB,BUF,22.5,19.22,38.5,9.0,15.298461538461538,13,baseline,17.8585
15,00-0039918,Caleb Williams,QB,CLE,18.98,17.353333333333335,39.666666666666664,5.666666666666667,14.906153846153845,13,baseline,17.435
15,00-0039923,J.J. McCarthy,QB,DAL,25.5,12.45,25.0,2.5,24.893846153846155,13,baseline,15.8333
15,00-0040676,Cam Ward,QB,SF,15.0,14.453333333333333,39.0,4.666666666666667,18.684615384615384,13,baseline,16.7086
15,00-0033119,Jacoby Brissett,QB,HOU,22.560000000000002,20.453333333333333,47.666666666666664,6.666666666666667,13.504615384615384,13,baseline,18.4125
15,00-0029604,Kirk Cousins,QB,TB,26.92,12.1,29.333333333333332,3.6666666666666665,21.98461538461538,13,baseline,15.8674
15,00-0032268,Marcus Mariota,QB,NYG,16.74,13.579999999999998,33.0,7.5,21.209230769230768,13,baseline,16.3299
15,00-0040743,Tyler Shough,QB,CAR,18.080000000000002,18.180000000000003,40.333333333333336,4.0,16.215384615384615,13,baseline,17.6552
15,00-0040668,Shedeur Sanders,QB,CHI,9.48,19.426666666666666,30.666666666666668,2.3333333333333335,21.355384615384615,13,baseline,17.6929
15,00-0033319,Nick Mullens,QB,NYJ,-0.2,-0.14,3.5,0.0,16.578461538461536,13,baseline,12.1665
15,00-0023459,Aaron Rodgers,QB,MIA,16.96,13.07,29.5,8.5,18.963076923076926,13,plus_defense,16.3884
15,00-0026498,Matthew Stafford,QB,DET,22.919999999999998,21.26,31.666666666666668,6.666666666666667,21.16769230769231,13,plus_defense,19.2999
15,00-0033077,Dak Prescott,QB,MIN,11.959999999999999,23.366666666666664,44.333333333333336,9.666666666666666,14.10153846153846,13,plus_defense,17.3107
15,00-0033106,Jared Goff,QB,LA,25.52,18.653333333333332,35.0,4.666666666666667,16.924615384615382,13,plus_defense,17.0717
15,00-0033873,Patrick Mahomes,QB,LAC,15.06,19.606666666666666,42.666666666666664,8.333333333333334,14.407692307692312,13,plus_defense,16.4746
15,00-0034796,Lamar Jackson,QB,CIN,16.6,14.273333333333332,36.666666666666664,8.0,22.339999999999996,13,plus_defense,18.1397
15,00-0034855,Baker Mayfield,QB,ATL,19.18,11.693333333333333,31.0,4.0,18.23846153846154,13,plus_defense,15.7974
15,00-0034857,Josh Allen,QB,NE,24.52,22.22666666666667,35.666666666666664,7.0,17.33384615384616,13,plus_defense,18.1212
15,00-0034869,Sam Darnold,QB,IND,11.34,15.68,28.666666666666668,5.333333333333333,17.255384615384614,13,plus_defense,16.3472
15,00-0036212,Tua Tagovailoa,QB,PIT,18.220000000000002,7.880000000000001,24.5,3.5,20.995384615384616,13,plus_defense,15.8089
15,00-0036264,Jordan Love,QB,DEN,17.94,18.026666666666667,28.333333333333332,3.0,15.089230769230769,13,plus_defense,16.0725
15,00-0036355,Justin Herbert,QB,KC,12.4,15.5,29.5,5.5,17.12153846153846,13,plus_defense,16.2671
15,00-0036389,Jalen Hurts,QB,LV,22.9,20.52,42.666666666666664,4.666666666666667,18.11846153846154,13,plus_defense,18.1448
15,00-0036442,Joe Burrow,QB,BAL,9.5,23.299999999999997,42.5,9.0,18.632307692307695,13,plus_defense,19.0241
15,00-0036971,Trevor Lawrence,QB,NYJ,44.300000000000004,21.386666666666667,33.0,7.666666666666667,16.578461538461536,13,plus_defense,17.5686
15,00-0037834,Brock Purdy,QB,TEN,28.200000000000003,15.219999999999999,34.5,7.0,19.956923076923072,13,plus_defense,17.401
15,00-0039150,Bryce Young,QB,NO,15.42,17.400000000000002,29.0,4.0,16.512307692307694,13,plus_defense,16.4863
15,00-0039163,C.J. Stroud,QB,ARI,23.4,11.830000000000002,34.5,5.0,17.332307692307698,13,plus_defense,15.5462
15,00-0039732,Bo Nix,QB,GB,29.08,17.21,44.0,8.5,15.278461538461539,13,plus_defense,16.2518
15,00-0039851,Drake Maye,QB,BUF,22.5,19.22,38.5,9.0,15.298461538461538,13,plus_defense,16.6455
15,00-0039918,Caleb Williams,QB,CLE,18.98,17.353333333333335,39.666666666666664,5.666666666666667,14.906153846153845,13,plus_defense,16.0572
15,00-0039923,J.J. McCarthy,QB,DAL,25.5,12.45,25.0,2.5,24.893846153846155,13,plus_defense,18.4595
15,00-0040676,Cam Ward,QB,SF,15.0,14.453333333333333,39.0,4.666666666666667,18.684615384615384,13,plus_defense,16.8049
15,00-0033119,Jacoby Brissett,QB,HOU,22.560000000000002,20.453333333333333,47.666666666666664,6.666666666666667,13.504615384615384,13,plus_defense,16.4282
15,00-0029604,Kirk Cousins,QB,TB,26.92,12.1,29.333333333333332,3.6666666666666665,21.98461538461538,13,plus_defense,17.3245
15,00-0032268,Marcus Mariota,QB,NYG,16.74,13.579999999999998,33.0,7.5,21.209230769230768,13,plus_defense,17.4572
15,00-0040743,Tyler Shough,QB,CAR,18.080000000000002,18.180000000000003,40.333333333333336,4.0,16.215384615384615,13,plus_defense,16.7834
15,00-0040668,Shedeur Sanders,QB,CHI,9.48,19.426666666666666,30.666666666666668,2.3333333333333335,21.355384615384615,13,plus_defense,18.9035
15,00-0033319,Nick Mullens,QB,NYJ,-0.2,-0.14,3.5,0.0,16.578461538461536,13,plus_defense,11.7092
15,00-0023459,Aaron Rodgers,QB,MIA,16.96,13.07,29.5,8.5,18.963076923076926,13,plus_redzone_defense,16.7271
15,00-0026498,Matthew Stafford,QB,DET,22.919999999999998,21.26,31.666666666666668,6.666666666666667,21.16769230769231,13,plus_redzone_defense,19.3751
15,00-0033077,Dak Prescott,QB,MIN,11.959999999999999,23.366666666666664,44.333333333333336,9.666666666666666,14.10153846153846,13,plus_redzone_defense,17.4703
15,00-0033106,Jared Goff,QB,LA,25.52,18.653333333333332,35.0,4.666666666666667,16.924615384615382,13,plus_redzone_defense,16.963
15,00-0033873,Patrick Mahomes,QB,LAC,15.06,19.606666666666666,42.666666666666664,8.333333333333334,14.407692307692312,13,plus_redzone_defense,16.5793
15,00-0034796,Lamar Jackson,QB,CIN,16.6,14.273333333333332,36.666666666666664,8.0,22.339999999999996,13,plus_redzone_defense,18.3465
15,00-0034855,Baker Mayfield,QB,ATL,19.18,11.693333333333333,31.0,4.0,18.23846153846154,13,plus_redzone_defense,15.7509
15,00-0034857,Josh Allen,QB,NE,24.52,22.22666666666667,35.666666666666664,7.0,17.33384615384616,13,plus_redzone_defense,18.1662
15,00-0034869,Sam Darnold,QB,IND,11.34,15.68,28.666666666666668,5.333333333333333,17.255384615384614,13,plus_redzone_defense,16.3973
15,00-0036212,Tua Tagovailoa,QB,PIT,18.220000000000002,7.880000000000001,24.5,3.5,20.995384615384616,13,plus_redzone_defense,15.8352
15,00-0036264,Jordan Love,QB,DEN,17.94,18.026666666666667,28.333333333333332,3.0,15.089230769230769,13,plus_redzone_defense,15.9015
15,00-0036355,Justin Herbert,QB,KC,12.4,15.5,29.5,5.5,17.12153846153846,13,plus_redzone_defense,16.3238
15,00-0036389,Jalen Hurts,QB,LV,22.9,20.52,42.666666666666664,4.666666666666667,18.11846153846154,13,plus_redzone_defense,17.9321
15,00-0036442,Joe Burrow,QB,BAL,9.5,23.299999999999997,42.5,9.0,18.632307692307695,13,plus_redzone_defense,19.1527
15,00-0036971,Trevor Lawrence,QB,NYJ,44.300000000000004,21.386666666666667,33.0,7.666666666666667,16.578461538461536,13,plus_redzone_defense,17.7081
15,00-0037834,Brock Purdy,QB,TEN,28.200000000000003,15.219999999999999,34.5,7.0,19.956923076923072,13,plus_redzone_defense,17.5349
15,00-0039150,Bryce Young,QB,NO,15.42,17.400000000000002,29.0,4.0,16.512307692307694,13,plus_redzone_defense,16.4007
15,00-0039163,C.J. Stroud,QB,ARI,23.4,11.830000000000002,34.5,5.0,17.332307692307698,13,plus_redzone_defense,15.5433
15,00-0039732,Bo Nix,QB,GB,29.08,17.21,44.0,8.5,15.278461538461539,13,plus_redzone_defense,16.3817
15,00-0039851,Drake Maye,QB,BUF,22.5,19.22,38.5,9.0,15.298461538461538,13,plus_redzone_defense,16.8582
15,00-0039918,Caleb Williams,QB,CLE,18.98,17.353333333333335,39.666666666666664,5.666666666666667,14.906153846153845,13,plus_redzone_defense,15.993
15,00-0039923,J.J. McCarthy,QB,DAL,25.5,12.45,25.0,2.5,24.893846153846155,13,plus_redzone_defense,18.3511
15,00-0040676,Cam Ward,QB,SF,15.0,14.453333333333333,39.0,4.666666666666667,18.684615384615384,13,plus_redzone_defense,16.6972
15,00-0033119,Jacoby Brissett,QB,HOU,22.560000000000002,20.453333333333333,47.666666666666664,6.666666666666667,13.504615384615384,13,plus_redzone_defense,16.3257
15,00-0029604,Kirk Cousins,QB,TB,26.92,12.1,29.333333333333332,3.6666666666666665,21.98461538461538,13,plus_redzone_defense,17.2677
15,00-0032268,Marcus Mariota,QB,NYG,16.74,13.579999999999998,33.0,7.5,21.209230769230768,13,plus_redzone_defense,17.6688
15,00-0040743,Tyler Shough,QB,CAR,18.080000000000002,18.180000000000003,40.333333333333336,4.0,16.215384615384615,13,plus_redzone_defense,16.5628
15,00-0040668,Shedeur Sanders,QB,CHI,9.48,19.426666666666666,30.666666666666668,2.3333333333333335,21.355384615384615,13,plus_redzone_defense,18.6413
15,00-0033319,Nick Mullens,QB,NYJ,-0.2,-0.14,3.5,0.0,16.578461538461536,13,plus_redzone_defense,11.7524
16,00-0023459,Aaron Rodgers,QB,DET,15.540000000000001,14.366666666666667,28.666666666666668,6.666666666666667,21.292857142857144,14,baseline,16.524
16,00-0026498,Matthew Stafford,QB,SEA,30.880000000000003,21.26,33.0,7.333333333333333,15.93142857142857,14,baseline,18.3677
16,00-0030565,Geno Smith,QB,HOU,16.04,11.520000000000001,23.5,5.0,14.151428571428571,14,baseline,15.6149
16,00-0033077,Dak Prescott,QB,LAC,19.159999999999997,17.666666666666668,43.666666666666664,8.666666666666666,14.51714285714286,14,baseline,17.9719
16,00-0033106,Jared Goff,QB,PIT,26.46,20.77333333333333,34.666666666666664,6.0,20.79714285714286,14,baseline,18.3238
16,00-0034796,Lamar Jackson,QB,NE,4.74,17.4,31.333333333333332,5.333333333333333,17.847142857142863,14,baseline,17.3685
16,00-0034855,Baker Mayfield,QB,CAR,14.700000000000001,15.573333333333332,35.0,6.0,16.34857142857143,14,baseline,17.0905
16,00-0034857,Josh Allen,QB,CLE,6.9,26.36,35.666666666666664,9.333333333333334,15.197142857142856,14,baseline,19.7081
16,00-0034869,Sam Darnold,QB,LA,19.5,13.573333333333332,33.0,4.333333333333333,17.538571428571426,14,baseline,16.5231
16,00-0036264,Jordan Love,QB,CHI,3.7800000000000002,21.653333333333332,34.666666666666664,5.333333333333333,20.50714285714286,14,baseline,18.5349
16,00-0036355,Justin Herbert,QB,DAL,30.2,14.466666666666667,30.0,4.666666666666667,24.937142857142856,14,baseline,16.6063
16,00-0036389,Jalen Hurts,QB,WAS,19.4,17.866666666666667,34.666666666666664,5.0,20.758571428571425,14,baseline,17.6263
16,00-0036442,Joe Burrow,QB,MIA,28.96,18.7,42.0,7.333333333333333,18.82,14,baseline,18.147
16,00-0036971,Trevor Lawrence,QB,DEN,31.16,27.77333333333333,33.666666666666664,10.333333333333334,15.292857142857143,14,baseline,19.9598
16,00-0037834,Brock Purdy,QB,IND,32.9,22.66,34.0,10.5,16.83285714285714,14,baseline,18.7473
16,00-0039150,Bryce Young,QB,TB,17.64,18.98,28.0,0.5,22.337142857142855,14,baseline,17.6019
16,00-0039163,C.J. Stroud,QB,LV,11.48,15.686666666666667,34.666666666666664,8.0,18.618571428571425,14,baseline,17.1032
16,00-0039732,Bo Nix,QB,JAX,19.18,21.166666666666668,43.0,7.333333333333333,19.61428571428571,14,baseline,18.7826
16,00-0039851,Drake Maye,QB,BAL,25.700000000000003,21.490000000000002,32.0,7.0,17.98,14,baseline,18.3791
16,00-0039918,Caleb Williams,QB,GB,21.0,15.793333333333335,37.0,6.333333333333333,16.264285714285712,14,baseline,17.2308
16,00-0039923,J.J. McCarthy,QB,NYG,12.32,22.96,28.5,7.0,20.889999999999997,14,baseline,18.5788
16,00-0040676,Cam Ward,QB,KC,18.02,11.473333333333334,33.0,4.666666666666667,16.784285714285712,14,baseline,16.0192
16,00-0033119,Jacoby Brissett,QB,ATL,12.620000000000001,21.74666666666667,44.666666666666664,7.0,18.305714285714284,14,baseline,18.9947
16,00-0040691,Jaxson Dart,QB,MIN,2.02,17.85,36.5,4.0,13.948571428571428,14,baseline,17.7025
16,00-0029604,Kirk Cousins,QB,ARI,21.58,15.586666666666668,35.666666666666664,6.333333333333333,17.76571428571429,14,baseline,17.1229
16,00-0032268,Marcus Mariota,QB,PHI,3.7,14.633333333333331,31.666666666666668,5.0,16.192857142857143,14,baseline,16.7192
16,00-0040743,Tyler Shough,QB,NYJ,17.12,20.233333333333334,37.0,4.0,18.544285714285714,14,baseline,18.2962
16,00-0040668,Shedeur Sanders,QB,BUF,15.180000000000001,18.5,36.0,4.333333333333333,15.812857142857142,14,baseline,17.8366
16,00-0040398,Brady Cook,QB,NO,7.720000000000001,10.73,35.0,4.0,16.434285714285714,14,baseline,15.9283
16,00-0023459,Aaron Rodgers,QB,DET,15.540000000000001,14.366666666666667,28.666666666666668,6.666666666666667,21.292857142857144,14,plus_defense,17.6597
16,00-0026498,Matthew Stafford,QB,SEA,30.880000000000003,21.26,33.0,7.333333333333333,15.93142857142857,14,plus_defense,17.4866
16,00-0030565,Geno Smith,QB,HOU,16.04,11.520000000000001,23.5,5.0,14.151428571428571,14,plus_defense,14.0637
16,00-0033077,Dak Prescott,QB,LAC,19.159999999999997,17.666666666666668,43.666666666666664,8.666666666666666,14.51714285714286,14,plus_defense,16.5173
16,00-0033106,Jared Goff,QB,PIT,26.46,20.77333333333333,34.666666666666664,6.0,20.79714285714286,14,plus_defense,19.2723
16,00-0034796,Lamar Jackson,QB,NE,4.74,17.4,31.333333333333332,5.333333333333333,17.847142857142863,14,plus_defense,17.2047
16,00-0034855,Baker Mayfield,QB,CAR,14.700000000000001,15.573333333333332,35.0,6.0,16.34857142857143,14,plus_defense,16.3461
16,00-0034857,Josh Allen,QB,CLE,6.9,26.36,35.666666666666664,9.333333333333334,15.197142857142856,14,plus_defense,18.556
16,00-0034869,Sam Darnold,QB,LA,19.5,13.573333333333332,33.0,4.333333333333333,17.538571428571426,14,plus_defense,16.228
16,00-0036264,Jordan Love,QB,CHI,3.7800000000000002,21.653333333333332,34.666666666666664,5.333333333333333,20.50714285714286,14,plus_defense,19.3764
16,00-0036355,Justin Herbert,QB,DAL,30.2,14.466666666666667,30.0,4.666666666666667,24.937142857142856,14,plus_defense,19.1133
16,00-0036389,Jalen Hurts,QB,WAS,19.4,17.866666666666667,34.666666666666664,5.0,20.758571428571425,14,plus_defense,18.5526
16,00-0036442,Joe Burrow,QB,MIA,28.96,18.7,42.0,7.333333333333333,18.82,14,plus_defense,18.3231
16,00-0036971,Trevor Lawrence,QB,DEN,31.16,27.77333333333333,33.666666666666664,10.333333333333334,15.292857142857143,14,plus_defense,18.8532
16,00-0037834,Brock Purdy,QB,IND,32.9,22.66,34.0,10.5,16.83285714285714,14,plus_defense,18.2073
16,00-0039150,Bryce Young,QB,TB,17.64,18.98,28.0,0.5,22.337142857142855,14,plus_defense,19.1457
16,00-0039163,C.J. Stroud,QB,LV,11.48,15.686666666666667,34.666666666666664,8.0,18.618571428571425,14,plus_defense,17.2163
16,00-0039732,Bo Nix,QB,JAX,19.18,21.166666666666668,43.0,7.333333333333333,19.61428571428571,14,plus_defense,19.2621
16,00-0039851,Drake Maye,QB,BAL,25.700000000000003,21.490000000000002,32.0,7.0,17.98,14,plus_defense,18.2744
16,00-0039918,Caleb Williams,QB,GB,21.0,15.793333333333335,37.0,6.333333333333333,16.264285714285712,14,plus_defense,16.4494
16,00-0039923,J.J. McCarthy,QB,NYG,12.32,22.96,28.5,7.0,20.889999999999997,14,plus_defense,19.5858
16,00-0040676,Cam Ward,QB,KC,18.02,11.473333333333334,33.0,4.666666666666667,16.784285714285712,14,plus_defense,15.434
16,00-0033119,Jacoby Brissett,QB,ATL,12.620000000000001,21.74666666666667,44.666666666666664,7.0,18.305714285714284,14,plus_defense,18.9773
16,00-0040691,Jaxson Dart,QB,MIN,2.02,17.85,36.5,4.0,13.948571428571428,14,plus_defense,16.0543
16,00-0029604,Kirk Cousins,QB,ARI,21.58,15.586666666666668,35.666666666666664,6.333333333333333,17.76571428571429,14,plus_defense,16.9112
16,00-0032268,Marcus Mariota,QB,PHI,3.7,14.633333333333331,31.666666666666668,5.0,16.192857142857143,14,plus_defense,15.923
16,00-0040743,Tyler Shough,QB,NYJ,17.12,20.233333333333334,37.0,4.0,18.544285714285714,14,plus_defense,18.3868
16,00-0040668,Shedeur Sanders,QB,BUF,15.180000000000001,18.5,36.0,4.333333333333333,15.812857142857142,14,plus_defense,16.8949
16,00-0040398,Brady Cook,QB,NO,7.720000000000001,10.73,35.0,4.0,16.434285714285714,14,plus_defense,15.2033
16,00-0023459,Aaron Rodgers,QB,DET,15.540000000000001,14.366666666666667,28.666666666666668,6.666666666666667,21.292857142857144,14,plus_redzone_defense,17.8895
16,00-0026498,Matthew Stafford,QB,SEA,30.880000000000003,21.26,33.0,7.333333333333333,15.93142857142857,14,plus_redzone_defense,17.629
16,00-0030565,Geno Smith,QB,HOU,16.04,11.520000000000001,23.5,5.0,14.151428571428571,14,plus_redzone_defense,14.2149
16,00-0033077,Dak Prescott,QB,LAC,19.159999999999997,17.666666666666668,43.666666666666664,8.666666666666666,14.51714285714286,14,plus_redzone_defense,16.6968
16,00-0033106,Jared Goff,QB,PIT,26.46,20.77333333333333,34.666666666666664,6.0,20.79714285714286,14,plus_redzone_defense,19.2581
16,00-0034796,Lamar Jackson,QB,NE,4.74,17.4,31.333333333333332,5.333333333333333,17.847142857142863,14,plus_redzone_defense,17.2067
16,00-0034855,Baker Mayfield,QB,CAR,14.700000000000001,15.573333333333332,35.0,6.0,16.34857142857143,14,plus_redzone_defense,16.3899
16,00-0034857,Josh Allen,QB,CLE,6.9,26.36,35.666666666666664,9.333333333333334,15.197142857142856,14,plus_redzone_defense,18.8096
16,00-0034869,Sam Darnold,QB,LA,19.5,13.573333333333332,33.0,4.333333333333333,17.538571428571426,14,plus_redzone_defense,16.1471
16,00-0036264,Jordan Love,QB,CHI,3.7800000000000002,21.653333333333332,34.666666666666664,5.333333333333333,20.50714285714286,14,plus_redzone_defense,19.2777
16,00-0036355,Justin Herbert,QB,DAL,30.2,14.466666666666667,30.0,4.666666666666667,24.937142857142856,14,plus_redzone_defense,19.1095
16,00-0036389,Jalen Hurts,QB,WAS,19.4,17.866666666666667,34.666666666666664,5.0,20.758571428571425,14,plus_redzone_defense,18.4677
16,00-0036442,Joe Burrow,QB,MIA,28.96,18.7,42.0,7.333333333333333,18.82,14,plus_redzone_defense,18.3733
16,00-0036971,Trevor Lawrence,QB,DEN,31.16,27.77333333333333,33.666666666666664,10.333333333333334,15.292857142857143,14,plus_redzone_defense,19.2261
16,00-0037834,Brock Purdy,QB,IND,32.9,22.66,34.0,10.5,16.83285714285714,14,plus_redzone_defense,18.6627
16,00-0039150,Bryce Young,QB,TB,17.64,18.98,28.0,0.5,22.337142857142855,14,plus_redzone_defense,18.6543
16,00-0039163,C.J. Stroud,QB,LV,11.48,15.686666666666667,34.666666666666664,8.0,18.618571428571425,14,plus_redzone_defense,17.4841
16,00-0039732,Bo Nix,QB,JAX,19.18,21.166666666666668,43.0,7.333333333333333,19.61428571428571,14,plus_redzone_defense,19.2664
16,00-0039851,Drake Maye,QB,BAL,25.700000000000003,21.490000000000002,32.0,7.0,17.98,14,plus_redzone_defense,18.3945
16,00-0039918,Caleb Williams,QB,GB,21.0,15.793333333333335,37.0,6.333333333333333,16.264285714285712,14,plus_redzone_defense,16.4977
16,00-0039923,J.J. McCarthy,QB,NYG,12.32,22.96,28.5,7.0,20.889999999999997,14,plus_redzone_defense,19.7406
16,00-0040676,Cam Ward,QB,KC,18.02,11.473333333333334,33.0,4.666666666666667,16.784285714285712,14,plus_redzone_defense,15.416
16,00-0033119,Jacoby Brissett,QB,ATL,12.620000000000001,21.74666666666667,44.666666666666664,7.0,18.305714285714284,14,plus_redzone_defense,18.912
16,00-0040691,Jaxson Dart,QB,MIN,2.02,17.85,36.5,4.0,13.948571428571428,14,plus_redzone_defense,15.8258
16,00-0029604,Kirk Cousins,QB,ARI,21.58,15.586666666666668,35.666666666666664,6.333333333333333,17.76571428571429,14,plus_redzone_defense,16.9834
16,00-0032268,Marcus Mariota,QB,PHI,3.7,14.633333333333331,31.666666666666668,5.0,16.192857142857143,14,plus_redzone_defense,15.9182
16,00-0040743,Tyler Shough,QB,NYJ,17.12,20.233333333333334,37.0,4.0,18.544285714285714,14,plus_redzone_defense,18.1255
16,00-0040668,Shedeur Sanders,QB,BUF,15.180000000000001,18.5,36.0,4.333333333333333,15.812857142857142,14,plus_redzone_defense,16.7037
16,00-0040398,Brady Cook,QB,NO,7.720000000000001,10.73,35.0,4.0,16.434285714285714,14,plus_redzone_defense,15.0933
17,00-0023459,Aaron Rodgers,QB,CLE,7.32,17.986666666666668,35.666666666666664,7.0,14.644,15,baseline,17.6766
17,00-0026498,Matthew Stafford,QB,ATL,18.759999999999998,25.679999999999996,40.333333333333336,6.333333333333333,17.926666666666666,15,baseline,19.8006
17,00-0030565,Geno Smith,QB,NYG,11.139999999999999,12.54,22.5,3.5,20.437333333333335,15,baseline,15.8033
17,00-0033077,Dak Prescott,QB,WAS,22.68,17.186666666666664,40.333333333333336,8.0,20.654666666666664,15,baseline,17.6488
17,00-0033106,Jared Goff,QB,MIN,12.079999999999998,22.713333333333335,44.0,9.666666666666666,13.153333333333334,15,baseline,19.1863
17,00-0034855,Baker Mayfield,QB,MIA,23.44,15.653333333333334,33.666666666666664,4.0,19.506666666666668,15,baseline,17.0105
17,00-0034857,Josh Allen,QB,PHI,25.18,22.42,34.0,8.666666666666666,15.474666666666666,15,baseline,18.7373
17,00-0034869,Sam Darnold,QB,CAR,10.079999999999998,18.366666666666667,36.666666666666664,6.666666666666667,16.238666666666667,15,baseline,17.8103
17,00-0036355,Justin Herbert,QB,HOU,17.14,19.58666666666667,34.666666666666664,4.0,14.277333333333333,15,baseline,18.0445
17,00-0036389,Jalen Hurts,QB,BUF,8.9,17.566666666666666,34.333333333333336,5.666666666666667,15.770666666666667,15,baseline,17.5202
17,00-0036442,Joe Burrow,QB,ARI,20.400000000000002,21.939999999999998,37.0,4.333333333333333,18.020000000000003,15,baseline,18.7281
17,00-0036971,Trevor Lawrence,QB,IND,25.119999999999997,31.60666666666667,37.666666666666664,11.666666666666666,17.884,15,baseline,21.2022
17,00-0037834,Brock Purdy,QB,CHI,38.92,30.55,36.5,9.5,20.27466666666667,15,baseline,20.8908
17,00-0039150,Bryce Young,QB,SEA,10.86,16.53,33.5,1.5,16.928,15,baseline,17.2264
17,00-0039163,C.J. Stroud,QB,LAC,17.759999999999998,15.833333333333334,35.666666666666664,7.0,14.902666666666669,15,baseline,17.131
17,00-0039732,Bo Nix,QB,KC,21.48,21.413333333333338,44.333333333333336,6.0,16.866666666666667,15,baseline,18.8695
17,00-0039851,Drake Maye,QB,NYJ,32.440000000000005,24.1,40.5,5.5,18.449333333333335,15,baseline,19.4065
17,00-0039918,Caleb Williams,QB,SF,23.000000000000004,18.973333333333333,35.666666666666664,6.0,18.46533333333333,15,baseline,17.9266
17,00-0040676,Cam Ward,QB,NO,19.04,15.366666666666665,30.666666666666668,6.0,15.853333333333333,15,baseline,16.8255
17,00-0033119,Jacoby Brissett,QB,CIN,16.48,18.74,41.0,7.333333333333333,21.174666666666663,15,baseline,18.0673
17,00-0040691,Jaxson Dart,QB,LV,25.08,13.08,30.0,5.0,18.142666666666667,15,baseline,16.2212
17,00-0029604,Kirk Cousins,QB,LA,9.139999999999999,18.326666666666668,38.0,8.0,17.66933333333333,15,baseline,17.8502
17,00-0040743,Tyler Shough,QB,TEN,21.92,19.486666666666668,39.333333333333336,3.6666666666666665,19.612,15,baseline,18.194
17,00-0035993,Tyler Huntley,QB,GB,14.280000000000001,1.25,7.5,0.0,16.58,15,baseline,12.381
17,00-0038102,Kenny Pickett,QB,NYG,0.64,5.87,19.5,1.0,20.437333333333335,15,baseline,14.0011
17,00-0040206,Riley Leonard,QB,JAX,0.0,6.15,16.0,5.0,19.58533333333333,15,baseline,13.9409
17,00-0040668,Shedeur Sanders,QB,PIT,13.440000000000001,20.04,38.333333333333336,5.666666666666667,21.174666666666667,15,baseline,18.2967
17,00-0040398,Brady Cook,QB,NE,6.18,9.726666666666667,35.333333333333336,4.0,17.160000000000007,15,baseline,15.5714
17,00-0022942,Philip Rivers,QB,JAX,9.78,13.94,31.5,2.5,19.58533333333333,15,baseline,16.4952
17,00-0023459,Aaron Rodgers,QB,CLE,7.32,17.986666666666668,35.666666666666664,7.0,14.644,15,plus_defense,16.2502
17,00-0026498,Matthew Stafford,QB,ATL,18.759999999999998,25.679999999999996,40.333333333333336,6.333333333333333,17.926666666666666,15,plus_defense,19.6685
17,00-0030565,Geno Smith,QB,NYG,11.139999999999999,12.54,22.5,3.5,20.437333333333335,15,plus_defense,16.6576
17,00-0033077,Dak Prescott,QB,WAS,22.68,17.186666666666664,40.333333333333336,8.0,20.654666666666664,15,plus_defense,18.5762
17,00-0033106,Jared Goff,QB,MIN,12.079999999999998,22.713333333333335,44.0,9.666666666666666,13.153333333333334,15,plus_defense,17.1725
17,00-0034855,Baker Mayfield,QB,MIA,23.44,15.653333333333334,33.666666666666664,4.0,19.506666666666668,15,plus_defense,17.4921
17,00-0034857,Josh Allen,QB,PHI,25.18,22.42,34.0,8.666666666666666,15.474666666666666,15,plus_defense,17.6447
17,00-0034869,Sam Darnold,QB,CAR,10.079999999999998,18.366666666666667,36.666666666666664,6.666666666666667,16.238666666666667,15,plus_defense,17.0095
17,00-0036355,Justin Herbert,QB,HOU,17.14,19.58666666666667,34.666666666666664,4.0,14.277333333333333,15,plus_defense,16.4773
17,00-0036389,Jalen Hurts,QB,BUF,8.9,17.566666666666666,34.333333333333336,5.666666666666667,15.770666666666667,15,plus_defense,16.537
17,00-0036442,Joe Burrow,QB,ARI,20.400000000000002,21.939999999999998,37.0,4.333333333333333,18.020000000000003,15,plus_defense,18.6311
17,00-0036971,Trevor Lawrence,QB,IND,25.119999999999997,31.60666666666667,37.666666666666664,11.666666666666666,17.884,15,plus_defense,21.064
17,00-0037834,Brock Purdy,QB,CHI,38.92,30.55,36.5,9.5,20.27466666666667,15,plus_defense,21.691
17,00-0039150,Bryce Young,QB,SEA,10.86,16.53,33.5,1.5,16.928,15,plus_defense,16.6969
17,00-0039163,C.J. Stroud,QB,LAC,17.759999999999998,15.833333333333334,35.666666666666664,7.0,14.902666666666669,15,plus_defense,15.8033
17,00-0039732,Bo Nix,QB,KC,21.48,21.413333333333338,44.333333333333336,6.0,16.866666666666667,15,plus_defense,18.3114
17,00-0039851,Drake Maye,QB,NYJ,32.440000000000005,24.1,40.5,5.5,18.449333333333335,15,plus_defense,19.4773
17,00-0039918,Caleb Williams,QB,SF,23.000000000000004,18.973333333333333,35.666666666666664,6.0,18.46533333333333,15,plus_defense,18.0017
17,00-0040676,Cam Ward,QB,NO,19.04,15.366666666666665,30.666666666666668,6.0,15.853333333333333,15,plus_defense,15.8755
17,00-0033119,Jacoby Brissett,QB,CIN,16.48,18.74,41.0,7.333333333333333,21.174666666666663,15,plus_defense,19.2003
17,00-0040691,Jaxson Dart,QB,LV,25.08,13.08,30.0,5.0,18.142666666666667,15,plus_defense,16.1676
17,00-0029604,Kirk Cousins,QB,LA,9.139999999999999,18.326666666666668,38.0,8.0,17.66933333333333,15,plus_defense,17.6095
17,00-0040743,Tyler Shough,QB,TEN,21.92,19.486666666666668,39.333333333333336,3.6666666666666665,19.612,15,plus_defense,18.7163
17,00-0035993,Tyler Huntley,QB,GB,14.280000000000001,1.25,7.5,0.0,16.58,15,plus_defense,11.7211
17,00-0038102,Kenny Pickett,QB,NYG,0.64,5.87,19.5,1.0,20.437333333333335,15,plus_defense,14.8495
17,00-0040206,Riley Leonard,QB,JAX,0.0,6.15,16.0,5.0,19.58533333333333,15,plus_defense,14.4587
17,00-0040668,Shedeur Sanders,QB,PIT,13.440000000000001,20.04,38.333333333333336,5.666666666666667,21.174666666666667,15,plus_defense,19.4342
17,00-0040398,Brady Cook,QB,NE,6.18,9.726666666666667,35.333333333333336,4.0,17.160000000000007,15,plus_defense,15.122
17,00-0022942,Philip Rivers,QB,JAX,9.78,13.94,31.5,2.5,19.58533333333333,15,plus_defense,17.0076
17,00-0023459,Aaron Rodgers,QB,CLE,7.32,17.986666666666668,35.666666666666664,7.0,14.644,15,plus_redzone_defense,16.4588
17,00-0026498,Matthew Stafford,QB,ATL,18.759999999999998,25.679999999999996,40.333333333333336,6.333333333333333,17.926666666666666,15,plus_redzone_defense,19.3914
17,00-0030565,Geno Smith,QB,NYG,11.139999999999999,12.54,22.5,3.5,20.437333333333335,15,plus_redzone_defense,16.6506
17,00-0033077,Dak Prescott,QB,WAS,22.68,17.186666666666664,40.333333333333336,8.0,20.654666666666664,15,plus_redzone_defense,18.9258
17,00-0033106,Jared Goff,QB,MIN,12.079999999999998,22.713333333333335,44.0,9.666666666666666,13.153333333333334,15,plus_redzone_defense,17.5915
17,00-0034855,Baker Mayfield,QB,MIA,23.44,15.653333333333334,33.666666666666664,4.0,19.506666666666668,15,plus_redzone_defense,17.1837
17,00-0034857,Josh Allen,QB,PHI,25.18,22.42,34.0,8.666666666666666,15.474666666666666,15,plus_redzone_defense,18.1468
17,00-0034869,Sam Darnold,QB,CAR,10.079999999999998,18.366666666666667,36.666666666666664,6.666666666666667,16.238666666666667,15,plus_redzone_defense,17.1126
17,00-0036355,Justin Herbert,QB,HOU,17.14,19.58666666666667,34.666666666666664,4.0,14.277333333333333,15,plus_redzone_defense,16.002
17,00-0036389,Jalen Hurts,QB,BUF,8.9,17.566666666666666,34.333333333333336,5.666666666666667,15.770666666666667,15,plus_redzone_defense,16.5057
17,00-0036442,Joe Burrow,QB,ARI,20.400000000000002,21.939999999999998,37.0,4.333333333333333,18.020000000000003,15,plus_redzone_defense,18.1138
17,00-0036971,Trevor Lawrence,QB,IND,25.119999999999997,31.60666666666667,37.666666666666664,11.666666666666666,17.884,15,plus_redzone_defense,21.8742
17,00-0037834,Brock Purdy,QB,CHI,38.92,30.55,36.5,9.5,20.27466666666667,15,plus_redzone_defense,22.0963
17,00-0039150,Bryce Young,QB,SEA,10.86,16.53,33.5,1.5,16.928,15,plus_redzone_defense,15.8017
17,00-0039163,C.J. Stroud,QB,LAC,17.759999999999998,15.833333333333334,35.666666666666664,7.0,14.902666666666669,15,plus_redzone_defense,16.075
17,00-0039732,Bo Nix,QB,KC,21.48,21.413333333333338,44.333333333333336,6.0,16.866666666666667,15,plus_redzone_defense,17.9639
17,00-0039851,Drake Maye,QB,NYJ,32.440000000000005,24.1,40.5,5.5,18.449333333333335,15,plus_redzone_defense,19.0588
17,00-0039918,Caleb Williams,QB,SF,23.000000000000004,18.973333333333333,35.666666666666664,6.0,18.46533333333333,15,plus_redzone_defense,17.9791
17,00-0040676,Cam Ward,QB,NO,19.04,15.366666666666665,30.666666666666668,6.0,15.853333333333333,15,plus_redzone_defense,16.0861
17,00-0033119,Jacoby Brissett,QB,CIN,16.48,18.74,41.0,7.333333333333333,21.174666666666663,15,plus_redzone_defense,19.3411
17,00-0040691,Jaxson Dart,QB,LV,25.08,13.08,30.0,5.0,18.142666666666667,15,plus_redzone_defense,16.2525
17,00-0029604,Kirk Cousins,QB,LA,9.139999999999999,18.326666666666668,38.0,8.0,17.66933333333333,15,plus_redzone_defense,17.9783
17,00-0040743,Tyler Shough,QB,TEN,21.92,19.486666666666668,39.333333333333336,3.6666666666666665,19.612,15,plus_redzone_defense,18.063
17,00-0035993,Tyler Huntley,QB,GB,14.280000000000001,1.25,7.5,0.0,16.58,15,plus_redzone_defense,11.6715
17,00-0038102,Kenny Pickett,QB,NYG,0.64,5.87,19.5,1.0,20.437333333333335,15,plus_redzone_defense,14.5656
17,00-0040206,Riley Leonard,QB,JAX,0.0,6.15,16.0,5.0,19.58533333333333,15,plus_redzone_defense,15.1486
17,00-0040668,Shedeur Sanders,QB,PIT,13.440000000000001,20.04,38.333333333333336,5.666666666666667,21.174666666666667,15,plus_redzone_defense,19.2444
17,00-0040398,Brady Cook,QB,NE,6.18,9.726666666666667,35.333333333333336,4.0,17.160000000000007,15,plus_redzone_defense,14.925
17,00-0022942,Philip Rivers,QB,JAX,9.78,13.94,31.5,2.5,19.58533333333333,15,plus_redzone_defense,16.4783
18,00-0023459,Aaron Rodgers,QB,BAL,17.759999999999998,13.273333333333333,36.666666666666664,4.666666666666667,19.45375,16,baseline,16.1786
18,00-0026158,Joe Flacco,QB,CLE,0.2,0.6599999999999999,5.0,0.0,14.186250000000001,16,baseline,11.1209
18,00-0026498,Matthew Stafford,QB,ARI,26.66,24.186666666666667,42.666666666666664,6.333333333333333,18.24125,16,baseline,19.8282
18,00-0033077,Dak Prescott,QB,NYG,2.7,17.933333333333334,37.333333333333336,5.333333333333333,19.89625,16,baseline,17.6727
18,00-0033106,Jared Goff,QB,CHI,17.240000000000002,21.353333333333335,42.666666666666664,9.333333333333334,21.44,16,baseline,18.9336
18,00-0034796,Lamar Jackson,QB,PIT,22.419999999999998,10.670000000000002,13.0,0.5,20.69125,16,baseline,14.5532
18,00-0034855,Baker Mayfield,QB,CAR,15.22,19.10666666666667,37.333333333333336,5.333333333333333,15.85375,16,baseline,18.0431
18,00-0034869,Sam Darnold,QB,SF,8.82,13.64,35.666666666666664,6.666666666666667,18.74875,16,baseline,16.2604
18,00-0036442,Joe Burrow,QB,CLE,23.139999999999997,19.62,36.333333333333336,4.666666666666667,14.186250000000001,16,baseline,18.1713
18,00-0036971,Trevor Lawrence,QB,TEN,23.300000000000004,33.52666666666667,41.333333333333336,10.333333333333334,19.75625,16,baseline,22.7322
18,00-0037834,Brock Purdy,QB,SEA,7.18,33.34,37.333333333333336,8.333333333333334,16.54875,16,baseline,22.5375
18,00-0039150,Bryce Young,QB,TB,18.54,14.64,33.333333333333336,2.3333333333333335,21.63375,16,baseline,16.497
18,00-0039163,C.J. Stroud,QB,IND,17.259999999999998,17.546666666666663,35.333333333333336,5.666666666666667,18.33625,16,baseline,17.4827
18,00-0039732,Bo Nix,QB,LAC,10.54,23.246666666666666,46.333333333333336,7.666666666666667,15.08125,16,baseline,19.6559
18,00-0039851,Drake Maye,QB,MIA,15.740000000000002,26.880000000000006,35.0,5.666666666666667,19.7525,16,baseline,20.4184
18,00-0039918,Caleb Williams,QB,DET,16.580000000000002,20.993333333333336,38.333333333333336,5.666666666666667,19.83,16,baseline,18.6728
18,00-0039923,J.J. McCarthy,QB,GB,7.98,18.91,22.0,6.5,16.43625,16,baseline,17.4606
18,00-0040676,Cam Ward,QB,JAX,9.18,17.35333333333333,34.666666666666664,6.333333333333333,18.9725,16,baseline,17.399
18,00-0033119,Jacoby Brissett,QB,LA,19.619999999999997,17.220000000000002,37.333333333333336,5.0,17.13625,16,baseline,17.4474
18,00-0040691,Jaxson Dart,QB,DAL,20.400000000000002,17.08,33.0,7.0,24.265,16,baseline,17.2561
18,00-0029604,Kirk Cousins,QB,NO,11.2,19.213333333333335,35.0,6.333333333333333,16.0525,16,baseline,17.9976
18,00-0040494,Max Brosmer,QB,GB,2.2800000000000002,2.71,15.0,1.0,16.43625,16,baseline,12.1076
18,00-0040743,Tyler Shough,QB,ATL,23.759999999999998,19.040000000000003,40.666666666666664,4.333333333333333,17.978749999999998,16,baseline,18.1352
18,00-0038102,Kenny Pickett,QB,KC,1.02,1.9500000000000002,14.5,0.0,17.155,16,baseline,11.8507
18,00-0040234,Quinn Ewers,QB,NE,10.38,13.34,29.5,4.0,16.473750000000003,16,baseline,15.9564
18,00-0038400,Tanner McKee,QB,WAS,13.940000000000001,1.01,3.0,0.0,20.78125,16,baseline,11.1635
18,00-0040206,Riley Leonard,QB,HOU,26.6,0.0,1.0,0.0,14.45625,16,baseline,10.7767
18,00-0040668,Shedeur Sanders,QB,CIN,7.040000000000001,12.700000000000003,32.333333333333336,3.3333333333333335,20.88125,16,baseline,15.8505
18,00-0040398,Brady Cook,QB,BUF,7.1000000000000005,9.613333333333333,36.666666666666664,4.333333333333333,15.34125,16,baseline,15.0229
18,00-0026300,Josh Johnson,QB,PHI,19.740000000000002,5.32,17.5,2.0,16.08125,16,baseline,13.0166
18,00-0037324,Chris Oladokun,QB,LV,2.32,6.44,21.0,3.0,18.57625,16,baseline,13.4891
18,00-0023459,Aaron Rodgers,QB,BAL,17.759999999999998,13.273333333333333,36.666666666666664,4.666666666666667,19.45375,16,plus_defense,16.6564
18,00-0026158,Joe Flacco,QB,CLE,0.2,0.6599999999999999,5.0,0.0,14.186250000000001,16,plus_defense,9.4667
18,00-0026498,Matthew Stafford,QB,ARI,26.66,24.186666666666667,42.666666666666664,6.333333333333333,18.24125,16,plus_defense,19.839
18,00-0033077,Dak Prescott,QB,NYG,2.7,17.933333333333334,37.333333333333336,5.333333333333333,19.89625,16,plus_defense,18.3371
18,00-0033106,Jared Goff,QB,CHI,17.240000000000002,21.353333333333335,42.666666666666664,9.333333333333334,21.44,16,plus_defense,20.2233
18,00-0034796,Lamar Jackson,QB,PIT,22.419999999999998,10.670000000000002,13.0,0.5,20.69125,16,plus_defense,15.5287
18,00-0034855,Baker Mayfield,QB,CAR,15.22,19.10666666666667,37.333333333333336,5.333333333333333,15.85375,16,plus_defense,17.0866
18,00-0034869,Sam Darnold,QB,SF,8.82,13.64,35.666666666666664,6.666666666666667,18.74875,16,plus_defense,16.4561
18,00-0036442,Joe Burrow,QB,CLE,23.139999999999997,19.62,36.333333333333336,4.666666666666667,14.186250000000001,16,plus_defense,16.5464
18,00-0036971,Trevor Lawrence,QB,TEN,23.300000000000004,33.52666666666667,41.333333333333336,10.333333333333334,19.75625,16,plus_defense,23.3698
18,00-0037834,Brock Purdy,QB,SEA,7.18,33.34,37.333333333333336,8.333333333333334,16.54875,16,plus_defense,21.8877
18,00-0039150,Bryce Young,QB,TB,18.54,14.64,33.333333333333336,2.3333333333333335,21.63375,16,plus_defense,17.8537
18,00-0039163,C.J. Stroud,QB,IND,17.259999999999998,17.546666666666663,35.333333333333336,5.666666666666667,18.33625,16,plus_defense,17.5204
18,00-0039732,Bo Nix,QB,LAC,10.54,23.246666666666666,46.333333333333336,7.666666666666667,15.08125,16,plus_defense,18.395
18,00-0039851,Drake Maye,QB,MIA,15.740000000000002,26.880000000000006,35.0,5.666666666666667,19.7525,16,plus_defense,21.0432
18,00-0039918,Caleb Williams,QB,DET,16.580000000000002,20.993333333333336,38.333333333333336,5.666666666666667,19.83,16,plus_defense,19.3164
18,00-0039923,J.J. McCarthy,QB,GB,7.98,18.91,22.0,6.5,16.43625,16,plus_defense,16.7413
18,00-0040676,Cam Ward,QB,JAX,9.18,17.35333333333333,34.666666666666664,6.333333333333333,18.9725,16,plus_defense,17.692
18,00-0033119,Jacoby Brissett,QB,LA,19.619999999999997,17.220000000000002,37.333333333333336,5.0,17.13625,16,plus_defense,17.0022
18,00-0040691,Jaxson Dart,QB,DAL,20.400000000000002,17.08,33.0,7.0,24.265,16,plus_defense,19.6743
18,00-0029604,Kirk Cousins,QB,NO,11.2,19.213333333333335,35.0,6.333333333333333,16.0525,16,plus_defense,17.1217
18,00-0040494,Max Brosmer,QB,GB,2.2800000000000002,2.71,15.0,1.0,16.43625,16,plus_defense,11.3585
18,00-0040743,Tyler Shough,QB,ATL,23.759999999999998,19.040000000000003,40.666666666666664,4.333333333333333,17.978749999999998,16,plus_defense,18.0311
18,00-0038102,Kenny Pickett,QB,KC,1.02,1.9500000000000002,14.5,0.0,17.155,16,plus_defense,11.3888
18,00-0040234,Quinn Ewers,QB,NE,10.38,13.34,29.5,4.0,16.473750000000003,16,plus_defense,15.2395
18,00-0038400,Tanner McKee,QB,WAS,13.940000000000001,1.01,3.0,0.0,20.78125,16,plus_defense,12.1588
18,00-0040206,Riley Leonard,QB,HOU,26.6,0.0,1.0,0.0,14.45625,16,plus_defense,9.2307
18,00-0040668,Shedeur Sanders,QB,CIN,7.040000000000001,12.700000000000003,32.333333333333336,3.3333333333333335,20.88125,16,plus_defense,16.9015
18,00-0040398,Brady Cook,QB,BUF,7.1000000000000005,9.613333333333333,36.666666666666664,4.333333333333333,15.34125,16,plus_defense,13.8422
18,00-0026300,Josh Johnson,QB,PHI,19.740000000000002,5.32,17.5,2.0,16.08125,16,plus_defense,12.1294
18,00-0037324,Chris Oladokun,QB,LV,2.32,6.44,21.0,3.0,18.57625,16,plus_defense,13.6051
18,00-0023459,Aaron Rodgers,QB,BAL,17.759999999999998,13.273333333333333,36.666666666666664,4.666666666666667,19.45375,16,plus_redzone_defense,16.4934
18,00-0026158,Joe Flacco,QB,CLE,0.2,0.6599999999999999,5.0,0.0,14.186250000000001,16,plus_redzone_defense,9.4892
18,00-0026498,Matthew Stafford,QB,ARI,26.66,24.186666666666667,42.666666666666664,6.333333333333333,18.24125,16,plus_redzone_defense,19.546
18,00-0033077,Dak Prescott,QB,NYG,2.7,17.933333333333334,37.333333333333336,5.333333333333333,19.89625,16,plus_redzone_defense,18.165
18,00-0033106,Jared Goff,QB,CHI,17.240000000000002,21.353333333333335,42.666666666666664,9.333333333333334,21.44,16,plus_redzone_defense,20.6811
18,00-0034796,Lamar Jackson,QB,PIT,22.419999999999998,10.670000000000002,13.0,0.5,20.69125,16,plus_redzone_defense,15.1836
18,00-0034855,Baker Mayfield,QB,CAR,15.22,19.10666666666667,37.333333333333336,5.333333333333333,15.85375,16,plus_redzone_defense,16.8578
18,00-0034869,Sam Darnold,QB,SF,8.82,13.64,35.666666666666664,6.666666666666667,18.74875,16,plus_redzone_defense,16.7383
18,00-0036442,Joe Burrow,QB,CLE,23.139999999999997,19.62,36.333333333333336,4.666666666666667,14.186250000000001,16,plus_redzone_defense,16.1758
18,00-0036971,Trevor Lawrence,QB,TEN,23.300000000000004,33.52666666666667,41.333333333333336,10.333333333333334,19.75625,16,plus_redzone_defense,23.7106
18,00-0037834,Brock Purdy,QB,SEA,7.18,33.34,37.333333333333336,8.333333333333334,16.54875,16,plus_redzone_defense,21.8911
18,00-0039150,Bryce Young,QB,TB,18.54,14.64,33.333333333333336,2.3333333333333335,21.63375,16,plus_redzone_defense,17.2465
18,00-0039163,C.J. Stroud,QB,IND,17.259999999999998,17.546666666666663,35.333333333333336,5.666666666666667,18.33625,16,plus_redzone_defense,17.4772
18,00-0039732,Bo Nix,QB,LAC,10.54,23.246666666666666,46.333333333333336,7.666666666666667,15.08125,16,plus_redzone_defense,18.3027
18,00-0039851,Drake Maye,QB,MIA,15.740000000000002,26.880000000000006,35.0,5.666666666666667,19.7525,16,plus_redzone_defense,20.7405
18,00-0039918,Caleb Williams,QB,DET,16.580000000000002,20.993333333333336,38.333333333333336,5.666666666666667,19.83,16,plus_redzone_defense,19.0987
18,00-0039923,J.J. McCarthy,QB,GB,7.98,18.91,22.0,6.5,16.43625,16,plus_redzone_defense,17.1863
18,00-0040676,Cam Ward,QB,JAX,9.18,17.35333333333333,34.666666666666664,6.333333333333333,18.9725,16,plus_redzone_defense,17.8203
18,00-0033119,Jacoby Brissett,QB,LA,19.619999999999997,17.220000000000002,37.333333333333336,5.0,17.13625,16,plus_redzone_defense,16.764
18,00-0040691,Jaxson Dart,QB,DAL,20.400000000000002,17.08,33.0,7.0,24.265,16,plus_redzone_defense,20.0286
18,00-0029604,Kirk Cousins,QB,NO,11.2,19.213333333333335,35.0,6.333333333333333,16.0525,16,plus_redzone_defense,17.17
18,00-0040494,Max Brosmer,QB,GB,2.2800000000000002,2.71,15.0,1.0,16.43625,16,plus_redzone_defense,11.2802
18,00-0040743,Tyler Shough,QB,ATL,23.759999999999998,19.040000000000003,40.666666666666664,4.333333333333333,17.978749999999998,16,plus_redzone_defense,17.5097
18,00-0038102,Kenny Pickett,QB,KC,1.02,1.9500000000000002,14.5,0.0,17.155,16,plus_redzone_defense,11.1339
18,00-0040234,Quinn Ewers,QB,NE,10.38,13.34,29.5,4.0,16.473750000000003,16,plus_redzone_defense,15.1066
18,00-0038400,Tanner McKee,QB,WAS,13.940000000000001,1.01,3.0,0.0,20.78125,16,plus_redzone_defense,12.2605
18,00-0040206,Riley Leonard,QB,HOU,26.6,0.0,1.0,0.0,14.45625,16,plus_redzone_defense,9.3816
18,00-0040668,Shedeur Sanders,QB,CIN,7.040000000000001,12.700000000000003,32.333333333333336,3.3333333333333335,20.88125,16,plus_redzone_defense,16.591
18,00-0040398,Brady Cook,QB,BUF,7.1000000000000005,9.613333333333333,36.666666666666664,4.333333333333333,15.34125,16,plus_redzone_defense,13.6929
18,00-0026300,Josh Johnson,QB,PHI,19.740000000000002,5.32,17.5,2.0,16.08125,16,plus_redzone_defense,12.1213
18,00-0037324,Chris Oladokun,QB,LV,2.32,6.44,21.0,3.0,18.57625,16,plus_redzone_defense,13.6998
8,00-0032764,Derrick Henry,RB,CHI,19.1,11.650000000000002,21.0,4.0,24.066666666666663,6,baseline,15.8575
8,00-0033280,Christian McCaffrey,RB,HOU,9.8,30.366666666666664,29.333333333333332,5.666666666666667,20.21666666666667,6,baseline,24.1028
8,00-0033526,Samaje Perine,RB,NYJ,17.0,4.4,7.333333333333333,0.6666666666666666,20.157142857142855,7,baseline,6.5079
8,00-0033854,Dare Ogunbowale,RB,SF,2.7,0.0,0.5,0.0,22.657142857142862,7,baseline,1.6952
8,00-0033906,Alvin Kamara,RB,TB,6.5,9.333333333333334,14.333333333333334,3.0,25.014285714285716,7,baseline,11.5139
8,00-0033923,Kareem Hunt,RB,WAS,17.2,8.3,6.333333333333333,2.0,21.82857142857143,7,baseline,6.6123
8,00-0033955,Jeremy McNichols,RB,KC,11.8,5.266666666666667,4.666666666666667,0.3333333333333333,18.6,7,baseline,5.0896
8,00-0034791,Nick Chubb,RB,SF,8.9,7.1000000000000005,10.0,1.5,22.657142857142862,7,baseline,8.561
8,00-0034844,Saquon Barkley,RB,NYG,33.4,10.566666666666666,14.333333333333334,1.3333333333333333,22.071428571428573,7,baseline,11.7334
8,00-0034975,Justice Hill,RB,CHI,0.2,5.800000000000001,7.5,0.0,24.066666666666663,6,baseline,6.8554
8,00-0035250,Devin Singletary,RB,PHI,3.8000000000000003,1.5333333333333334,4.333333333333333,0.0,23.62857142857143,7,baseline,4.2286
8,00-0035261,Tony Pollard,RB,IND,6.300000000000001,11.866666666666667,13.666666666666666,1.0,17.485714285714288,7,baseline,11.5716
8,00-0035537,Ty Johnson,RB,CAR,0.6000000000000001,1.8,2.5,0.5,19.71428571428572,7,baseline,3.195
8,00-0035700,Josh Jacobs,RB,PIT,13.5,25.4,18.5,4.5,20.299999999999997,6,baseline,16.8304
8,00-0036139,Rico Dowdle,RB,BUF,5.4,25.633333333333336,27.0,2.6666666666666665,26.883333333333336,6,baseline,21.8844
8,00-0036158,J.K. Dobbins,RB,DAL,14.100000000000001,9.466666666666667,17.0,2.3333333333333335,26.142857142857146,7,baseline,13.1101
8,00-0036223,Jonathan Taylor,RB,TEN,37.400000000000006,29.166666666666668,21.666666666666668,7.0,26.8,7,baseline,19.3682
8,00-0036275,D'Andre Swift,RB,BAL,15.1,23.15,18.5,4.0,29.099999999999998,6,baseline,16.43
8,00-0036875,Rhamondre Stevenson,RB,CLE,5.9,11.766666666666666,14.333333333333334,3.3333333333333335,16.368571428571432,7,baseline,11.9469
8,00-0036919,Kenny Gainwell,RB,GB,5.5,6.55,8.5,0.0,17.05,6,baseline,7.5786
8,00-0036997,Javonte Williams,RB,DEN,17.900000000000002,18.03333333333333,20.666666666666668,5.333333333333333,19.199999999999996,7,baseline,16.797
8,00-0037085,Tyler Badie,RB,DAL,0.6000000000000001,3.25,2.0,0.5,26.142857142857146,7,baseline,3.1582
8,00-0037197,Isiah Pacheco,RB,WAS,5.800000000000001,9.033333333333333,14.0,2.0,21.82857142857143,7,baseline,11.2639
8,00-0037228,Jaylen Warren,RB,GB,9.299999999999999,14.050000000000002,17.0,1.5,17.05,6,baseline,13.9259
8,00-0037248,James Cook,RB,CAR,33.6,6.800000000000001,16.5,2.0,19.71428571428572,7,baseline,12.3407
8,00-0037256,Rachaad White,RB,NO,8.1,16.366666666666667,18.0,3.6666666666666665,23.285714285714285,7,baseline,14.9279
8,00-0037263,Tyler Allgeier,RB,MIA,9.4,6.199999999999999,7.5,1.5,26.814285714285713,7,baseline,6.9266
8,00-0037267,Jerome Ford,RB,NE,0.9,5.6000000000000005,6.0,1.3333333333333333,17.585714285714285,7,baseline,5.9352
8,00-0037525,Jordan Mason,RB,LAC,1.6,13.149999999999999,16.0,2.5,22.87142857142857,7,baseline,13.176
8,00-0037594,Julius Chestnut,RB,IND,0.5,0.10000000000000002,0.6666666666666666,0.0,17.485714285714288,7,baseline,1.8113
8,00-0037746,Brian Robinson,RB,HOU,0.0,2.8666666666666667,5.666666666666667,0.3333333333333333,20.21666666666667,6,baseline,5.2522
8,00-0038120,Breece Hall,RB,CIN,32.86,10.866666666666667,18.333333333333332,1.3333333333333333,30.802857142857146,7,baseline,14.1456
8,00-0038542,Bijan Robinson,RB,MIA,7.800000000000001,28.5,24.5,2.5,26.814285714285713,7,baseline,20.9204
8,00-0038555,Tank Bigsby,RB,NYG,10.4,0.6666666666666666,0.6666666666666666,0.0,22.071428571428573,7,baseline,1.9121
8,00-0038597,Chase Brown,RB,NYJ,25.5,10.233333333333333,14.0,2.0,20.157142857142855,7,baseline,11.4775
8,00-0038685,Chris Brooks,RB,PIT,0.0,0.05,1.0,0.5,20.299999999999997,6,baseline,1.9989
8,00-0038797,Emanuel Wilson,RB,PIT,11.700000000000001,2.1,5.5,0.5,20.299999999999997,6,baseline,5.0175
8,00-0038951,Sean Tucker,RB,NO,10.2,4.333333333333333,4.666666666666667,1.0,23.285714285714285,7,baseline,4.9235
8,00-0039040,De'Von Achane,RB,ATL,20.1,20.133333333333336,19.0,2.0,20.76666666666667,6,baseline,16.188
8,00-0039384,Tyrone Tracy Jr.,RB,PHI,7.300000000000001,5.6000000000000005,6.5,0.5,23.62857142857143,7,baseline,6.2301
8,00-0039746,Will Shipley,RB,NYG,0.2,1.0333333333333334,1.3333333333333333,0.0,22.071428571428573,7,baseline,2.3705
8,00-0039796,Rasheen Ali,RB,CHI,0.0,0.0,0.0,0.0,24.066666666666663,6,baseline,1.4003
8,00-0039798,Isaiah Davis,RB,CIN,15.9,4.2,4.666666666666667,0.0,30.802857142857146,7,baseline,4.8998
8,00-0039875,Ray Davis,RB,CAR,1.6,5.0,2.0,1.0,19.71428571428572,7,baseline,3.4696
8,00-0040078,Brashard Smith,RB,WAS,0.8,8.266666666666667,9.0,2.6666666666666665,21.82857142857143,7,baseline,8.1789
8,00-0040162,Dylan Sampson,RB,NE,7.9,2.766666666666667,4.0,0.3333333333333333,17.585714285714285,7,baseline,4.2516
8,00-0040198,Ollie Gordon II,RB,ATL,13.600000000000001,1.1000000000000003,4.333333333333333,0.3333333333333333,20.76666666666667,6,baseline,4.1515
8,00-0040236,Kyle Monangai,RB,BAL,2.4000000000000004,11.400000000000002,11.0,2.0,29.099999999999998,6,baseline,9.916
8,00-0040242,Jacory Croskey-Merritt,RB,KC,2.5,13.666666666666666,16.333333333333332,1.6666666666666667,18.6,7,baseline,13.4645
8,00-0040583,Woody Marks,RB,SF,15.1,7.45,11.5,3.0,22.657142857142862,7,baseline,9.5079
8,00-0040644,Trevor Etienne,RB,BUF,1.6,1.866666666666667,2.6666666666666665,0.6666666666666666,26.883333333333336,6,baseline,3.3051
8,00-0040715,Cam Skattebo,RB,PHI,10.0,21.933333333333334,21.666666666666668,3.6666666666666665,23.62857142857143,7,baseline,18.0808
8,00-0040730,RJ Harvey,RB,DAL,24.1,6.566666666666666,6.333333333333333,0.6666666666666666,26.142857142857146,7,baseline,6.3038
8,00-0040734,TreVeyon Henderson,RB,CLE,7.5,3.266666666666667,7.333333333333333,0.3333333333333333,16.368571428571432,7,baseline,6.3062
8,00-0038738,Hunter Luepke,RB,DEN,0.2,4.0,1.3333333333333333,0.6666666666666666,19.199999999999996,7,baseline,2.8985
8,00-0040784,Quinshon Judkins,RB,NE,4.7,14.6,21.0,4.333333333333333,17.585714285714285,7,baseline,16.3826
8,00-0038440,Zavier Scott,RB,LAC,4.4,1.7,5.0,1.0,22.87142857142857,7,baseline,4.6514
8,00-0038611,Chris Rodriguez Jr.,RB,KC,0.2,3.95,4.0,2.5,18.6,7,baseline,4.4622
8,00-0039391,Kimani Vidal,RB,MIN,19.700000000000003,11.066666666666668,13.666666666666666,5.333333333333333,19.916666666666668,6,baseline,11.4292
8,00-0032104,Ameer Abdullah,RB,TEN,1.8,4.3,2.3333333333333335,1.0,26.8,7,baseline,3.5416
8,00-0038454,Keaton Mitchell,RB,CHI,4.3,1.15,2.0,0.5,24.066666666666663,6,baseline,2.7844
8,00-0039032,Tyjae Spears,RB,IND,17.2,5.8,7.333333333333333,0.3333333333333333,17.485714285714288,7,baseline,6.7571
8,00-0040586,Jaydon Blue,RB,DEN,2.9000000000000004,1.7000000000000002,5.0,0.0,19.199999999999996,7,baseline,4.6514
8,00-0034367,Nyheim Hines,RB,MIN,-0.2,0.0,0.0,0.0,19.916666666666668,6,baseline,1.4003
8,00-0032764,Derrick Henry,RB,CHI,19.1,11.650000000000002,21.0,4.0,24.066666666666663,6,plus_defense,15.9111
8,00-0033280,Christian McCaffrey,RB,HOU,9.8,30.366666666666664,29.333333333333332,5.666666666666667,20.21666666666667,6,plus_defense,24.0912
8,00-0033526,Samaje Perine,RB,NYJ,17.0,4.4,7.333333333333333,0.6666666666666666,20.157142857142855,7,plus_defense,6.4737
8,00-0033854,Dare Ogunbowale,RB,SF,2.7,0.0,0.5,0.0,22.657142857142862,7,plus_defense,1.7127
8,00-0033906,Alvin Kamara,RB,TB,6.5,9.333333333333334,14.333333333333334,3.0,25.014285714285716,7,plus_defense,11.5879
8,00-0033923,Kareem Hunt,RB,WAS,17.2,8.3,6.333333333333333,2.0,21.82857142857143,7,plus_defense,6.6192
8,00-0033955,Jeremy McNichols,RB,KC,11.8,5.266666666666667,4.666666666666667,0.3333333333333333,18.6,7,plus_defense,5.0236
8,00-0034791,Nick Chubb,RB,SF,8.9,7.1000000000000005,10.0,1.5,22.657142857142862,7,plus_defense,8.583
8,00-0034844,Saquon Barkley,RB,NYG,33.4,10.566666666666666,14.333333333333334,1.3333333333333333,22.071428571428573,7,plus_defense,11.745
8,00-0034975,Justice Hill,RB,CHI,0.2,5.800000000000001,7.5,0.0,24.066666666666663,6,plus_defense,6.9074
8,00-0035250,Devin Singletary,RB,PHI,3.8000000000000003,1.5333333333333334,4.333333333333333,0.0,23.62857142857143,7,plus_defense,4.2675
8,00-0035261,Tony Pollard,RB,IND,6.300000000000001,11.866666666666667,13.666666666666666,1.0,17.485714285714288,7,plus_defense,11.4856
8,00-0035537,Ty Johnson,RB,CAR,0.6000000000000001,1.8,2.5,0.5,19.71428571428572,7,plus_defense,3.15
8,00-0035700,Josh Jacobs,RB,PIT,13.5,25.4,18.5,4.5,20.299999999999997,6,plus_defense,16.8191
8,00-0036139,Rico Dowdle,RB,BUF,5.4,25.633333333333336,27.0,2.6666666666666665,26.883333333333336,6,plus_defense,22.0129
8,00-0036158,J.K. Dobbins,RB,DAL,14.100000000000001,9.466666666666667,17.0,2.3333333333333335,26.142857142857146,7,plus_defense,13.2078
8,00-0036223,Jonathan Taylor,RB,TEN,37.400000000000006,29.166666666666668,21.666666666666668,7.0,26.8,7,plus_defense,19.5009
8,00-0036275,D'Andre Swift,RB,BAL,15.1,23.15,18.5,4.0,29.099999999999998,6,plus_defense,16.6069
8,00-0036875,Rhamondre Stevenson,RB,CLE,5.9,11.766666666666666,14.333333333333334,3.3333333333333335,16.368571428571432,7,plus_defense,11.8363
8,00-0036919,Kenny Gainwell,RB,GB,5.5,6.55,8.5,0.0,17.05,6,plus_defense,7.479
8,00-0036997,Javonte Williams,RB,DEN,17.900000000000002,18.03333333333333,20.666666666666668,5.333333333333333,19.199999999999996,7,plus_defense,16.7526
8,00-0037085,Tyler Badie,RB,DAL,0.6000000000000001,3.25,2.0,0.5,26.142857142857146,7,plus_defense,3.2544
8,00-0037197,Isiah Pacheco,RB,WAS,5.800000000000001,9.033333333333333,14.0,2.0,21.82857142857143,7,plus_defense,11.2686
8,00-0037228,Jaylen Warren,RB,GB,9.299999999999999,14.050000000000002,17.0,1.5,17.05,6,plus_defense,13.8316
8,00-0037248,James Cook,RB,CAR,33.6,6.800000000000001,16.5,2.0,19.71428571428572,7,plus_defense,12.2961
8,00-0037256,Rachaad White,RB,NO,8.1,16.366666666666667,18.0,3.6666666666666665,23.285714285714285,7,plus_defense,14.9711
8,00-0037263,Tyler Allgeier,RB,MIA,9.4,6.199999999999999,7.5,1.5,26.814285714285713,7,plus_defense,7.0387
8,00-0037267,Jerome Ford,RB,NE,0.9,5.6000000000000005,6.0,1.3333333333333333,17.585714285714285,7,plus_defense,5.8471
8,00-0037525,Jordan Mason,RB,LAC,1.6,13.149999999999999,16.0,2.5,22.87142857142857,7,plus_defense,13.2073
8,00-0037594,Julius Chestnut,RB,IND,0.5,0.10000000000000002,0.6666666666666666,0.0,17.485714285714288,7,plus_defense,1.7167
8,00-0037746,Brian Robinson,RB,HOU,0.0,2.8666666666666667,5.666666666666667,0.3333333333333333,20.21666666666667,6,plus_defense,5.2181
8,00-0038120,Breece Hall,RB,CIN,32.86,10.866666666666667,18.333333333333332,1.3333333333333333,30.802857142857146,7,plus_defense,14.3453
8,00-0038542,Bijan Robinson,RB,MIA,7.800000000000001,28.5,24.5,2.5,26.814285714285713,7,plus_defense,21.0515
8,00-0038555,Tank Bigsby,RB,NYG,10.4,0.6666666666666666,0.6666666666666666,0.0,22.071428571428573,7,plus_defense,1.9177
8,00-0038597,Chase Brown,RB,NYJ,25.5,10.233333333333333,14.0,2.0,20.157142857142855,7,plus_defense,11.4474
8,00-0038685,Chris Brooks,RB,PIT,0.0,0.05,1.0,0.5,20.299999999999997,6,plus_defense,1.9652
8,00-0038797,Emanuel Wilson,RB,PIT,11.700000000000001,2.1,5.5,0.5,20.299999999999997,6,plus_defense,4.9844
8,00-0038951,Sean Tucker,RB,NO,10.2,4.333333333333333,4.666666666666667,1.0,23.285714285714285,7,plus_defense,4.9581
8,00-0039040,De'Von Achane,RB,ATL,20.1,20.133333333333336,19.0,2.0,20.76666666666667,6,plus_defense,16.1805
8,00-0039384,Tyrone Tracy Jr.,RB,PHI,7.300000000000001,5.6000000000000005,6.5,0.5,23.62857142857143,7,plus_defense,6.2728
8,00-0039746,Will Shipley,RB,NYG,0.2,1.0333333333333334,1.3333333333333333,0.0,22.071428571428573,7,plus_defense,2.3762
8,00-0039796,Rasheen Ali,RB,CHI,0.0,0.0,0.0,0.0,24.066666666666663,6,plus_defense,1.4486
8,00-0039798,Isaiah Davis,RB,CIN,15.9,4.2,4.666666666666667,0.0,30.802857142857146,7,plus_defense,5.0972
8,00-0039875,Ray Davis,RB,CAR,1.6,5.0,2.0,1.0,19.71428571428572,7,plus_defense,3.4285
8,00-0040078,Brashard Smith,RB,WAS,0.8,8.266666666666667,9.0,2.6666666666666665,21.82857142857143,7,plus_defense,8.1847
8,00-0040162,Dylan Sampson,RB,NE,7.9,2.766666666666667,4.0,0.3333333333333333,17.585714285714285,7,plus_defense,4.161
8,00-0040198,Ollie Gordon II,RB,ATL,13.600000000000001,1.1000000000000003,4.333333333333333,0.3333333333333333,20.76666666666667,6,plus_defense,4.1278
8,00-0040236,Kyle Monangai,RB,BAL,2.4000000000000004,11.400000000000002,11.0,2.0,29.099999999999998,6,plus_defense,10.0823
8,00-0040242,Jacory Croskey-Merritt,RB,KC,2.5,13.666666666666666,16.333333333333332,1.6666666666666667,18.6,7,plus_defense,13.4037
8,00-0040583,Woody Marks,RB,SF,15.1,7.45,11.5,3.0,22.657142857142862,7,plus_defense,9.5297
8,00-0040644,Trevor Etienne,RB,BUF,1.6,1.866666666666667,2.6666666666666665,0.6666666666666666,26.883333333333336,6,plus_defense,3.4156
8,00-0040715,Cam Skattebo,RB,PHI,10.0,21.933333333333334,21.666666666666668,3.6666666666666665,23.62857142857143,7,plus_defense,18.1365
8,00-0040730,RJ Harvey,RB,DAL,24.1,6.566666666666666,6.333333333333333,0.6666666666666666,26.142857142857146,7,plus_defense,6.4022
8,00-0040734,TreVeyon Henderson,RB,CLE,7.5,3.266666666666667,7.333333333333333,0.3333333333333333,16.368571428571432,7,plus_defense,6.1885
8,00-0038738,Hunter Luepke,RB,DEN,0.2,4.0,1.3333333333333333,0.6666666666666666,19.199999999999996,7,plus_defense,2.8454
8,00-0040784,Quinshon Judkins,RB,NE,4.7,14.6,21.0,4.333333333333333,17.585714285714285,7,plus_defense,16.299
8,00-0038440,Zavier Scott,RB,LAC,4.4,1.7,5.0,1.0,22.87142857142857,7,plus_defense,4.6738
8,00-0038611,Chris Rodriguez Jr.,RB,KC,0.2,3.95,4.0,2.5,18.6,7,plus_defense,4.3949
8,00-0039391,Kimani Vidal,RB,MIN,19.700000000000003,11.066666666666668,13.666666666666666,5.333333333333333,19.916666666666668,6,plus_defense,11.395
8,00-0032104,Ameer Abdullah,RB,TEN,1.8,4.3,2.3333333333333335,1.0,26.8,7,plus_defense,3.6532
8,00-0038454,Keaton Mitchell,RB,CHI,4.3,1.15,2.0,0.5,24.066666666666663,6,plus_defense,2.8333
8,00-0039032,Tyjae Spears,RB,IND,17.2,5.8,7.333333333333333,0.3333333333333333,17.485714285714288,7,plus_defense,6.6665
8,00-0040586,Jaydon Blue,RB,DEN,2.9000000000000004,1.7000000000000002,5.0,0.0,19.199999999999996,7,plus_defense,4.5942
8,00-0034367,Nyheim Hines,RB,MIN,-0.2,0.0,0.0,0.0,19.916666666666668,6,plus_defense,1.3586
8,00-0032764,Derrick Henry,RB,CHI,19.1,11.650000000000002,21.0,4.0,24.066666666666663,6,plus_redzone_defense,16.6469
8,00-0033280,Christian McCaffrey,RB,HOU,9.8,30.366666666666664,29.333333333333332,5.666666666666667,20.21666666666667,6,plus_redzone_defense,24.2153
8,00-0033526,Samaje Perine,RB,NYJ,17.0,4.4,7.333333333333333,0.6666666666666666,20.157142857142855,7,plus_redzone_defense,6.1689
8,00-0033854,Dare Ogunbowale,RB,SF,2.7,0.0,0.5,0.0,22.657142857142862,7,plus_redzone_defense,1.6865
8,00-0033906,Alvin Kamara,RB,TB,6.5,9.333333333333334,14.333333333333334,3.0,25.014285714285716,7,plus_redzone_defense,12.204
8,00-0033923,Kareem Hunt,RB,WAS,17.2,8.3,6.333333333333333,2.0,21.82857142857143,7,plus_redzone_defense,7.0934
8,00-0033955,Jeremy McNichols,RB,KC,11.8,5.266666666666667,4.666666666666667,0.3333333333333333,18.6,7,plus_redzone_defense,4.5885
8,00-0034791,Nick Chubb,RB,SF,8.9,7.1000000000000005,10.0,1.5,22.657142857142862,7,plus_redzone_defense,8.539
8,00-0034844,Saquon Barkley,RB,NYG,33.4,10.566666666666666,14.333333333333334,1.3333333333333333,22.071428571428573,7,plus_redzone_defense,11.0615
8,00-0034975,Justice Hill,RB,CHI,0.2,5.800000000000001,7.5,0.0,24.066666666666663,6,plus_redzone_defense,6.0437
8,00-0035250,Devin Singletary,RB,PHI,3.8000000000000003,1.5333333333333334,4.333333333333333,0.0,23.62857142857143,7,plus_redzone_defense,3.8924
8,00-0035261,Tony Pollard,RB,IND,6.300000000000001,11.866666666666667,13.666666666666666,1.0,17.485714285714288,7,plus_redzone_defense,10.4918
8,00-0035537,Ty Johnson,RB,CAR,0.6000000000000001,1.8,2.5,0.5,19.71428571428572,7,plus_redzone_defense,3.2141
8,00-0035700,Josh Jacobs,RB,PIT,13.5,25.4,18.5,4.5,20.299999999999997,6,plus_redzone_defense,17.1489
8,00-0036139,Rico Dowdle,RB,BUF,5.4,25.633333333333336,27.0,2.6666666666666665,26.883333333333336,6,plus_redzone_defense,20.4859
8,00-0036158,J.K. Dobbins,RB,DAL,14.100000000000001,9.466666666666667,17.0,2.3333333333333335,26.142857142857146,7,plus_redzone_defense,13.1657
8,00-0036223,Jonathan Taylor,RB,TEN,37.400000000000006,29.166666666666668,21.666666666666668,7.0,26.8,7,plus_redzone_defense,21.2127
8,00-0036275,D'Andre Swift,RB,BAL,15.1,23.15,18.5,4.0,29.099999999999998,6,plus_redzone_defense,16.7803
8,00-0036875,Rhamondre Stevenson,RB,CLE,5.9,11.766666666666666,14.333333333333334,3.3333333333333335,16.368571428571432,7,plus_redzone_defense,12.4777
8,00-0036919,Kenny Gainwell,RB,GB,5.5,6.55,8.5,0.0,17.05,6,plus_redzone_defense,6.4557
8,00-0036997,Javonte Williams,RB,DEN,17.900000000000002,18.03333333333333,20.666666666666668,5.333333333333333,19.199999999999996,7,plus_redzone_defense,18.0184
8,00-0037085,Tyler Badie,RB,DAL,0.6000000000000001,3.25,2.0,0.5,26.142857142857146,7,plus_redzone_defense,3.2961
8,00-0037197,Isiah Pacheco,RB,WAS,5.800000000000001,9.033333333333333,14.0,2.0,21.82857142857143,7,plus_redzone_defense,11.1869
8,00-0037228,Jaylen Warren,RB,GB,9.299999999999999,14.050000000000002,17.0,1.5,17.05,6,plus_redzone_defense,12.8302
8,00-0037248,James Cook,RB,CAR,33.6,6.800000000000001,16.5,2.0,19.71428571428572,7,plus_redzone_defense,12.1831
8,00-0037256,Rachaad White,RB,NO,8.1,16.366666666666667,18.0,3.6666666666666665,23.285714285714285,7,plus_redzone_defense,15.3492
8,00-0037263,Tyler Allgeier,RB,MIA,9.4,6.199999999999999,7.5,1.5,26.814285714285713,7,plus_redzone_defense,7.2455
8,00-0037267,Jerome Ford,RB,NE,0.9,5.6000000000000005,6.0,1.3333333333333333,17.585714285714285,7,plus_redzone_defense,6.0152
8,00-0037525,Jordan Mason,RB,LAC,1.6,13.149999999999999,16.0,2.5,22.87142857142857,7,plus_redzone_defense,13.0878
8,00-0037594,Julius Chestnut,RB,IND,0.5,0.10000000000000002,0.6666666666666666,0.0,17.485714285714288,7,plus_redzone_defense,1.6406
8,00-0037746,Brian Robinson,RB,HOU,0.0,2.8666666666666667,5.666666666666667,0.3333333333333333,20.21666666666667,6,plus_redzone_defense,4.8853
8,00-0038120,Breece Hall,RB,CIN,32.86,10.866666666666667,18.333333333333332,1.3333333333333333,30.802857142857146,7,plus_redzone_defense,13.4318
8,00-0038542,Bijan Robinson,RB,MIA,7.800000000000001,28.5,24.5,2.5,26.814285714285713,7,plus_redzone_defense,19.3804
8,00-0038555,Tank Bigsby,RB,NYG,10.4,0.6666666666666666,0.6666666666666666,0.0,22.071428571428573,7,plus_redzone_defense,1.8328
8,00-0038597,Chase Brown,RB,NYJ,25.5,10.233333333333333,14.0,2.0,20.157142857142855,7,plus_redzone_defense,11.2759
8,00-0038685,Chris Brooks,RB,PIT,0.0,0.05,1.0,0.5,20.299999999999997,6,plus_redzone_defense,2.2479
8,00-0038797,Emanuel Wilson,RB,PIT,11.700000000000001,2.1,5.5,0.5,20.299999999999997,6,plus_redzone_defense,4.8337
8,00-0038951,Sean Tucker,RB,NO,10.2,4.333333333333333,4.666666666666667,1.0,23.285714285714285,7,plus_redzone_defense,5.0937
8,00-0039040,De'Von Achane,RB,ATL,20.1,20.133333333333336,19.0,2.0,20.76666666666667,6,plus_redzone_defense,15.0282
8,00-0039384,Tyrone Tracy Jr.,RB,PHI,7.300000000000001,5.6000000000000005,6.5,0.5,23.62857142857143,7,plus_redzone_defense,5.8457
8,00-0039746,Will Shipley,RB,NYG,0.2,1.0333333333333334,1.3333333333333333,0.0,22.071428571428573,7,plus_redzone_defense,2.223
8,00-0039796,Rasheen Ali,RB,CHI,0.0,0.0,0.0,0.0,24.066666666666663,6,plus_redzone_defense,1.4644
8,00-0039798,Isaiah Davis,RB,CIN,15.9,4.2,4.666666666666667,0.0,30.802857142857146,7,plus_redzone_defense,4.5687
8,00-0039875,Ray Davis,RB,CAR,1.6,5.0,2.0,1.0,19.71428571428572,7,plus_redzone_defense,3.6744
8,00-0040078,Brashard Smith,RB,WAS,0.8,8.266666666666667,9.0,2.6666666666666665,21.82857142857143,7,plus_redzone_defense,8.9645
8,00-0040162,Dylan Sampson,RB,NE,7.9,2.766666666666667,4.0,0.3333333333333333,17.585714285714285,7,plus_redzone_defense,3.9287
8,00-0040198,Ollie Gordon II,RB,ATL,13.600000000000001,1.1000000000000003,4.333333333333333,0.3333333333333333,20.76666666666667,6,plus_redzone_defense,4.0034
8,00-0040236,Kyle Monangai,RB,BAL,2.4000000000000004,11.400000000000002,11.0,2.0,29.099999999999998,6,plus_redzone_defense,10.0883
8,00-0040242,Jacory Croskey-Merritt,RB,KC,2.5,13.666666666666666,16.333333333333332,1.6666666666666667,18.6,7,plus_redzone_defense,12.6014
8,00-0040583,Woody Marks,RB,SF,15.1,7.45,11.5,3.0,22.657142857142862,7,plus_redzone_defense,10.443
8,00-0040644,Trevor Etienne,RB,BUF,1.6,1.866666666666667,2.6666666666666665,0.6666666666666666,26.883333333333336,6,plus_redzone_defense,3.629
8,00-0040715,Cam Skattebo,RB,PHI,10.0,21.933333333333334,21.666666666666668,3.6666666666666665,23.62857142857143,7,plus_redzone_defense,17.9065
8,00-0040730,RJ Harvey,RB,DAL,24.1,6.566666666666666,6.333333333333333,0.6666666666666666,26.142857142857146,7,plus_redzone_defense,6.058
8,00-0040734,TreVeyon Henderson,RB,CLE,7.5,3.266666666666667,7.333333333333333,0.3333333333333333,16.368571428571432,7,plus_redzone_defense,5.695
8,00-0038738,Hunter Luepke,RB,DEN,0.2,4.0,1.3333333333333333,0.6666666666666666,19.199999999999996,7,plus_redzone_defense,2.9582
8,00-0040784,Quinshon Judkins,RB,NE,4.7,14.6,21.0,4.333333333333333,17.585714285714285,7,plus_redzone_defense,17.0395
8,00-0038440,Zavier Scott,RB,LAC,4.4,1.7,5.0,1.0,22.87142857142857,7,plus_redzone_defense,4.9587
8,00-0038611,Chris Rodriguez Jr.,RB,KC,0.2,3.95,4.0,2.5,18.6,7,plus_redzone_defense,5.6506
8,00-0039391,Kimani Vidal,RB,MIN,19.700000000000003,11.066666666666668,13.666666666666666,5.333333333333333,19.916666666666668,6,plus_redzone_defense,13.5886
8,00-0032104,Ameer Abdullah,RB,TEN,1.8,4.3,2.3333333333333335,1.0,26.8,7,plus_redzone_defense,3.9675
8,00-0038454,Keaton Mitchell,RB,CHI,4.3,1.15,2.0,0.5,24.066666666666663,6,plus_redzone_defense,3.0006
8,00-0039032,Tyjae Spears,RB,IND,17.2,5.8,7.333333333333333,0.3333333333333333,17.485714285714288,7,plus_redzone_defense,6.0127
8,00-0040586,Jaydon Blue,RB,DEN,2.9000000000000004,1.7000000000000002,5.0,0.0,19.199999999999996,7,plus_redzone_defense,4.1363
8,00-0034367,Nyheim Hines,RB,MIN,-0.2,0.0,0.0,0.0,19.916666666666668,6,plus_redzone_defense,1.3485
9,00-0032764,Derrick Henry,RB,MIA,13.1,16.55,24.0,6.0,25.7875,8,baseline,18.4324
9,00-0033280,Christian McCaffrey,RB,NYG,34.3,24.333333333333332,23.666666666666668,4.333333333333333,24.8125,8,baseline,18.9536
9,00-0033526,Samaje Perine,RB,CHI,0.5,8.433333333333334,8.666666666666666,1.0,23.999999999999996,7,baseline,8.0749
9,00-0033854,Dare Ogunbowale,RB,DEN,1.2,1.35,1.5,0.5,19.462500000000002,8,baseline,2.9255
9,00-0033906,Alvin Kamara,RB,LA,2.7,8.333333333333334,12.333333333333334,1.6666666666666667,15.471428571428573,7,baseline,10.3603
9,00-0033923,Kareem Hunt,RB,BUF,12.5,7.8,7.0,1.6666666666666667,25.38571428571429,7,baseline,6.9725
9,00-0033955,Jeremy McNichols,RB,SEA,0.0,8.266666666666667,6.0,0.3333333333333333,20.271428571428572,7,baseline,6.3904
9,00-0034791,Nick Chubb,RB,DEN,3.4000000000000004,5.5,13.5,1.0,19.462500000000002,8,baseline,10.8248
9,00-0034975,Justice Hill,RB,MIA,3.5,4.8,6.5,0.0,25.7875,8,baseline,6.3782
9,00-0035250,Devin Singletary,RB,SF,7.1,1.6666666666666667,2.6666666666666665,0.0,23.1625,8,baseline,3.6853
9,00-0035261,Tony Pollard,RB,LAC,7.800000000000001,8.366666666666667,12.333333333333334,0.6666666666666666,21.3875,8,baseline,10.3635
9,00-0035537,Ty Johnson,RB,KC,10.0,1.6,3.5,0.0,18.087500000000002,8,baseline,4.2006
9,00-0035685,David Montgomery,RB,MIN,13.0,7.0,11.0,0.0,20.28571428571429,7,baseline,9.4009
9,00-0035700,Josh Jacobs,RB,CAR,20.000000000000004,21.433333333333334,17.666666666666668,4.333333333333333,21.725,8,baseline,14.9265
9,00-0036139,Rico Dowdle,RB,GB,28.1,16.633333333333336,20.666666666666668,1.6666666666666667,16.72857142857143,7,baseline,16.354
9,00-0036158,J.K. Dobbins,RB,HOU,6.9,9.033333333333333,15.666666666666666,2.0,18.72857142857143,7,baseline,12.5122
9,00-0036223,Jonathan Taylor,RB,PIT,7.7,31.766666666666666,19.333333333333332,4.333333333333333,21.0,7,baseline,16.9385
9,00-0036555,Chuba Hubbard,RB,GB,1.7000000000000002,8.45,15.0,2.0,16.72857142857143,7,baseline,12.0402
9,00-0036919,Kenny Gainwell,RB,IND,7.4,6.2,8.0,0.0,18.3,8,baseline,7.4483
9,00-0036973,Travis Etienne,RB,LV,16.5,8.0,14.0,0.5,21.914285714285715,7,baseline,11.3722
9,00-0036997,Javonte Williams,RB,ARI,9.3,15.033333333333337,19.666666666666668,5.333333333333333,22.35714285714286,7,baseline,15.5782
9,00-0037085,Tyler Badie,RB,HOU,2.6,2.25,1.5,0.5,18.72857142857143,7,baseline,3.0099
9,00-0037228,Jaylen Warren,RB,IND,16.900000000000002,12.466666666666669,16.666666666666668,1.3333333333333333,18.3,8,baseline,13.4599
9,00-0037248,James Cook,RB,KC,13.5,21.150000000000002,18.0,1.5,18.087500000000002,8,baseline,15.1086
9,00-0037263,Tyler Allgeier,RB,NE,0.6000000000000001,7.266666666666666,7.0,1.6666666666666667,17.075000000000003,8,baseline,6.9224
9,00-0037525,Jordan Mason,RB,DET,4.699999999999999,6.6499999999999995,10.0,1.5,17.32857142857143,7,baseline,8.7422
9,00-0037594,Julius Chestnut,RB,LAC,0.0,0.16666666666666666,0.6666666666666666,0.0,21.3875,8,baseline,2.293
9,00-0037746,Brian Robinson,RB,NYG,11.3,2.466666666666667,4.0,0.3333333333333333,24.8125,8,baseline,4.5948
9,00-0037840,Kyren Williams,RB,NO,17.4,12.6,15.0,2.5,22.799999999999997,8,baseline,12.4293
9,00-0038134,Kenneth Walker III,RB,WAS,8.1,5.65,14.0,2.0,22.075,8,baseline,11.1518
9,00-0038542,Bijan Robinson,RB,NE,17.6,21.599999999999998,20.333333333333332,2.0,17.075000000000003,8,baseline,16.6111
9,00-0038597,Chase Brown,RB,CHI,19.2,14.799999999999999,13.666666666666666,3.6666666666666665,23.999999999999996,7,baseline,11.8012
9,00-0038685,Chris Brooks,RB,CAR,4.4,0.03333333333333333,0.6666666666666666,0.3333333333333333,21.725,8,baseline,2.2805
9,00-0038797,Emanuel Wilson,RB,CAR,2.7,5.300000000000001,8.666666666666666,1.6666666666666667,21.725,8,baseline,7.7811
9,00-0039040,De'Von Achane,RB,BAL,16.6,21.3,21.666666666666668,3.6666666666666665,27.442857142857143,7,baseline,17.4175
9,00-0039139,Jahmyr Gibbs,RB,MIN,5.8,22.150000000000002,19.5,2.5,20.28571428571429,7,baseline,16.1411
9,00-0039165,Zach Charbonnet,RB,WAS,5.6,12.1,13.5,4.5,22.075,8,baseline,11.4437
9,00-0039299,George Holani,RB,WAS,0.9,0.0,0.0,0.0,22.075,8,baseline,1.8601
9,00-0039384,Tyrone Tracy Jr.,RB,SF,6.7,6.166666666666667,8.666666666666666,0.6666666666666666,23.1625,8,baseline,7.8624
9,00-0039407,Dylan Laube,RB,JAX,0.0,0.7000000000000001,1.5,0.0,18.185714285714287,7,baseline,2.8645
9,00-0039738,Blake Corum,RB,NO,5.800000000000001,3.8000000000000007,9.0,2.0,22.799999999999997,8,baseline,7.8491
9,00-0039796,Rasheen Ali,RB,MIA,0.0,0.0,0.0,0.0,25.7875,8,baseline,1.8601
9,00-0039875,Ray Davis,RB,KC,0.0,5.75,6.0,1.5,18.087500000000002,8,baseline,6.1544
9,00-0040078,Brashard Smith,RB,BUF,0.7000000000000001,6.333333333333335,8.666666666666666,2.6666666666666665,25.38571428571429,7,baseline,7.878
9,00-0040122,Ashton Jeanty,RB,JAX,19.9,10.5,17.0,3.0,18.185714285714287,7,baseline,13.4841
9,00-0040198,Ollie Gordon II,RB,BAL,1.9000000000000001,5.7,7.0,1.3333333333333333,27.442857142857143,7,baseline,6.7755
9,00-0040202,Devin Neal,RB,LA,2.2,2.0999999999999996,2.0,0.0,15.471428571428573,7,baseline,3.3087
9,00-0040208,Tahj Brooks,RB,CHI,0.1,0.0,0.0,0.0,23.999999999999996,7,baseline,1.8601
9,00-0040236,Kyle Monangai,RB,CIN,22.8,8.4,9.666666666666666,1.6666666666666667,33.0475,8,baseline,8.6977
9,00-0040238,LeQuint Allen Jr.,RB,LV,2.1,1.8,2.0,0.5,21.914285714285715,7,baseline,3.2806
9,00-0040242,Jacory Croskey-Merritt,RB,SEA,5.1000000000000005,4.833333333333334,14.333333333333334,0.6666666666666666,20.271428571428572,7,baseline,11.2839
9,00-0040583,Woody Marks,RB,DEN,2.7,13.8,15.0,3.5,19.462500000000002,8,baseline,12.5419
9,00-0040644,Trevor Etienne,RB,GB,0.0,1.1,2.3333333333333335,0.3333333333333333,16.72857142857143,7,baseline,3.4236
9,00-0040719,Bhayshul Tuten,RB,LV,9.6,3.5000000000000004,5.0,0.5,21.914285714285715,7,baseline,5.3176
9,00-0040730,RJ Harvey,RB,HOU,16.6,12.6,6.666666666666667,1.6666666666666667,18.72857142857143,7,baseline,7.2139
9,00-0040734,TreVeyon Henderson,RB,ATL,12.7,4.2,7.666666666666667,1.0,23.157142857142862,7,baseline,7.0521
9,00-0037157,Bam Knight,RB,DAL,6.7,10.899999999999999,15.5,3.0,27.725,8,baseline,12.5829
9,00-0038738,Hunter Luepke,RB,ARI,0.0,3.4,1.3333333333333333,0.6666666666666666,22.35714285714286,7,baseline,3.0134
9,00-0038440,Zavier Scott,RB,DET,0.0,3.0,4.5,1.0,17.32857142857143,7,baseline,4.9577
9,00-0038611,Chris Rodriguez Jr.,RB,SEA,12.5,3.7,2.0,0.5,20.271428571428572,7,baseline,3.4588
9,00-0031687,Raheem Mostert,RB,JAX,2.4000000000000004,0.39999999999999997,3.0,1.0,18.185714285714287,7,baseline,3.7752
9,00-0039391,Kimani Vidal,RB,TEN,3.0,16.666666666666668,20.333333333333332,6.0,28.375,8,baseline,16.1485
9,00-0032104,Ameer Abdullah,RB,PIT,1.5,2.7000000000000006,2.6666666666666665,0.3333333333333333,21.0,7,baseline,3.7822
9,00-0038454,Keaton Mitchell,RB,MIA,2.8000000000000003,2.15,2.0,0.5,25.7875,8,baseline,3.3134
9,00-0039032,Tyjae Spears,RB,LAC,9.2,11.066666666666668,10.0,1.6666666666666667,21.3875,8,baseline,9.1563
9,00-0035594,Travis Homer,RB,CIN,0.0,0.0,0.0,0.0,33.0475,8,baseline,1.8601
9,00-0037563,Malik Davis,RB,ARI,0.30000000000000004,0.15000000000000002,1.0,0.0,22.35714285714286,7,baseline,2.5
9,00-0039757,Terrell Jennings,RB,ATL,11.4,1.65,3.5,0.0,23.157142857142862,7,baseline,4.2053
9,00-0032764,Derrick Henry,RB,MIA,13.1,16.55,24.0,6.0,25.7875,8,plus_defense,18.6374
9,00-0033280,Christian McCaffrey,RB,NYG,34.3,24.333333333333332,23.666666666666668,4.333333333333333,24.8125,8,plus_defense,19.1162
9,00-0033526,Samaje Perine,RB,CHI,0.5,8.433333333333334,8.666666666666666,1.0,23.999999999999996,7,plus_defense,8.1883
9,00-0033854,Dare Ogunbowale,RB,DEN,1.2,1.35,1.5,0.5,19.462500000000002,8,plus_defense,2.8149
9,00-0033906,Alvin Kamara,RB,LA,2.7,8.333333333333334,12.333333333333334,1.6666666666666667,15.471428571428573,7,plus_defense,10.0611
9,00-0033923,Kareem Hunt,RB,BUF,12.5,7.8,7.0,1.6666666666666667,25.38571428571429,7,plus_defense,7.1524
9,00-0033955,Jeremy McNichols,RB,SEA,0.0,8.266666666666667,6.0,0.3333333333333333,20.271428571428572,7,plus_defense,6.3232
9,00-0034791,Nick Chubb,RB,DEN,3.4000000000000004,5.5,13.5,1.0,19.462500000000002,8,plus_defense,10.7169
9,00-0034975,Justice Hill,RB,MIA,3.5,4.8,6.5,0.0,25.7875,8,plus_defense,6.5758
9,00-0035250,Devin Singletary,RB,SF,7.1,1.6666666666666667,2.6666666666666665,0.0,23.1625,8,plus_defense,3.7539
9,00-0035261,Tony Pollard,RB,LAC,7.800000000000001,8.366666666666667,12.333333333333334,0.6666666666666666,21.3875,8,plus_defense,10.3504
9,00-0035537,Ty Johnson,RB,KC,10.0,1.6,3.5,0.0,18.087500000000002,8,plus_defense,4.0237
9,00-0035685,David Montgomery,RB,MIN,13.0,7.0,11.0,0.0,20.28571428571429,7,plus_defense,9.3337
9,00-0035700,Josh Jacobs,RB,CAR,20.000000000000004,21.433333333333334,17.666666666666668,4.333333333333333,21.725,8,plus_defense,14.9379
9,00-0036139,Rico Dowdle,RB,GB,28.1,16.633333333333336,20.666666666666668,1.6666666666666667,16.72857142857143,7,plus_defense,16.1208
9,00-0036158,J.K. Dobbins,RB,HOU,6.9,9.033333333333333,15.666666666666666,2.0,18.72857142857143,7,plus_defense,12.3709
9,00-0036223,Jonathan Taylor,RB,PIT,7.7,31.766666666666666,19.333333333333332,4.333333333333333,21.0,7,plus_defense,16.9212
9,00-0036555,Chuba Hubbard,RB,GB,1.7000000000000002,8.45,15.0,2.0,16.72857142857143,7,plus_defense,11.8019
9,00-0036919,Kenny Gainwell,RB,IND,7.4,6.2,8.0,0.0,18.3,8,plus_defense,7.2845
9,00-0036973,Travis Etienne,RB,LV,16.5,8.0,14.0,0.5,21.914285714285715,7,plus_defense,11.3844
9,00-0036997,Javonte Williams,RB,ARI,9.3,15.033333333333337,19.666666666666668,5.333333333333333,22.35714285714286,7,plus_defense,15.6162
9,00-0037085,Tyler Badie,RB,HOU,2.6,2.25,1.5,0.5,18.72857142857143,7,plus_defense,2.8643
9,00-0037228,Jaylen Warren,RB,IND,16.900000000000002,12.466666666666669,16.666666666666668,1.3333333333333333,18.3,8,plus_defense,13.3001
9,00-0037248,James Cook,RB,KC,13.5,21.150000000000002,18.0,1.5,18.087500000000002,8,plus_defense,14.9438
9,00-0037263,Tyler Allgeier,RB,NE,0.6000000000000001,7.266666666666666,7.0,1.6666666666666667,17.075000000000003,8,plus_defense,6.7
9,00-0037525,Jordan Mason,RB,DET,4.699999999999999,6.6499999999999995,10.0,1.5,17.32857142857143,7,plus_defense,8.5317
9,00-0037594,Julius Chestnut,RB,LAC,0.0,0.16666666666666666,0.6666666666666666,0.0,21.3875,8,plus_defense,2.2748
9,00-0037746,Brian Robinson,RB,NYG,11.3,2.466666666666667,4.0,0.3333333333333333,24.8125,8,plus_defense,4.7438
9,00-0037840,Kyren Williams,RB,NO,17.4,12.6,15.0,2.5,22.799999999999997,8,plus_defense,12.4873
9,00-0038134,Kenneth Walker III,RB,WAS,8.1,5.65,14.0,2.0,22.075,8,plus_defense,11.1704
9,00-0038542,Bijan Robinson,RB,NE,17.6,21.599999999999998,20.333333333333332,2.0,17.075000000000003,8,plus_defense,16.3977
9,00-0038597,Chase Brown,RB,CHI,19.2,14.799999999999999,13.666666666666666,3.6666666666666665,23.999999999999996,7,plus_defense,11.9185
9,00-0038685,Chris Brooks,RB,CAR,4.4,0.03333333333333333,0.6666666666666666,0.3333333333333333,21.725,8,plus_defense,2.2785
9,00-0038797,Emanuel Wilson,RB,CAR,2.7,5.300000000000001,8.666666666666666,1.6666666666666667,21.725,8,plus_defense,7.7825
9,00-0039040,De'Von Achane,RB,BAL,16.6,21.3,21.666666666666668,3.6666666666666665,27.442857142857143,7,plus_defense,17.7054
9,00-0039139,Jahmyr Gibbs,RB,MIN,5.8,22.150000000000002,19.5,2.5,20.28571428571429,7,plus_defense,16.0833
9,00-0039165,Zach Charbonnet,RB,WAS,5.6,12.1,13.5,4.5,22.075,8,plus_defense,11.4662
9,00-0039299,George Holani,RB,WAS,0.9,0.0,0.0,0.0,22.075,8,plus_defense,1.8751
9,00-0039384,Tyrone Tracy Jr.,RB,SF,6.7,6.166666666666667,8.666666666666666,0.6666666666666666,23.1625,8,plus_defense,7.9338
9,00-0039407,Dylan Laube,RB,JAX,0.0,0.7000000000000001,1.5,0.0,18.185714285714287,7,plus_defense,2.6917
9,00-0039738,Blake Corum,RB,NO,5.800000000000001,3.8000000000000007,9.0,2.0,22.799999999999997,8,plus_defense,7.9016
9,00-0039796,Rasheen Ali,RB,MIA,0.0,0.0,0.0,0.0,25.7875,8,plus_defense,2.0547
9,00-0039875,Ray Davis,RB,KC,0.0,5.75,6.0,1.5,18.087500000000002,8,plus_defense,5.98
9,00-0040078,Brashard Smith,RB,BUF,0.7000000000000001,6.333333333333335,8.666666666666666,2.6666666666666665,25.38571428571429,7,plus_defense,8.0571
9,00-0040122,Ashton Jeanty,RB,JAX,19.9,10.5,17.0,3.0,18.185714285714287,7,plus_defense,13.3176
9,00-0040198,Ollie Gordon II,RB,BAL,1.9000000000000001,5.7,7.0,1.3333333333333333,27.442857142857143,7,plus_defense,7.0538
9,00-0040202,Devin Neal,RB,LA,2.2,2.0999999999999996,2.0,0.0,15.471428571428573,7,plus_defense,3.0055
9,00-0040208,Tahj Brooks,RB,CHI,0.1,0.0,0.0,0.0,23.999999999999996,7,plus_defense,1.9682
9,00-0040236,Kyle Monangai,RB,CIN,22.8,8.4,9.666666666666666,1.6666666666666667,33.0475,8,plus_defense,9.2487
9,00-0040238,LeQuint Allen Jr.,RB,LV,2.1,1.8,2.0,0.5,21.914285714285715,7,plus_defense,3.2889
9,00-0040242,Jacory Croskey-Merritt,RB,SEA,5.1000000000000005,4.833333333333334,14.333333333333334,0.6666666666666666,20.271428571428572,7,plus_defense,11.2147
9,00-0040583,Woody Marks,RB,DEN,2.7,13.8,15.0,3.5,19.462500000000002,8,plus_defense,12.4391
9,00-0040644,Trevor Etienne,RB,GB,0.0,1.1,2.3333333333333335,0.3333333333333333,16.72857142857143,7,plus_defense,3.1806
9,00-0040719,Bhayshul Tuten,RB,LV,9.6,3.5000000000000004,5.0,0.5,21.914285714285715,7,plus_defense,5.3269
9,00-0040730,RJ Harvey,RB,HOU,16.6,12.6,6.666666666666667,1.6666666666666667,18.72857142857143,7,plus_defense,7.0748
9,00-0040734,TreVeyon Henderson,RB,ATL,12.7,4.2,7.666666666666667,1.0,23.157142857142862,7,plus_defense,7.1221
9,00-0037157,Bam Knight,RB,DAL,6.7,10.899999999999999,15.5,3.0,27.725,8,plus_defense,12.878
9,00-0038738,Hunter Luepke,RB,ARI,0.0,3.4,1.3333333333333333,0.6666666666666666,22.35714285714286,7,plus_defense,3.0441
9,00-0038440,Zavier Scott,RB,DET,0.0,3.0,4.5,1.0,17.32857142857143,7,plus_defense,4.7449
9,00-0038611,Chris Rodriguez Jr.,RB,SEA,12.5,3.7,2.0,0.5,20.271428571428572,7,plus_defense,3.3887
9,00-0031687,Raheem Mostert,RB,JAX,2.4000000000000004,0.39999999999999997,3.0,1.0,18.185714285714287,7,plus_defense,3.6022
9,00-0039391,Kimani Vidal,RB,TEN,3.0,16.666666666666668,20.333333333333332,6.0,28.375,8,plus_defense,16.4788
9,00-0032104,Ameer Abdullah,RB,PIT,1.5,2.7000000000000006,2.6666666666666665,0.3333333333333333,21.0,7,plus_defense,3.7468
9,00-0038454,Keaton Mitchell,RB,MIA,2.8000000000000003,2.15,2.0,0.5,25.7875,8,plus_defense,3.5093
9,00-0039032,Tyjae Spears,RB,LAC,9.2,11.066666666666668,10.0,1.6666666666666667,21.3875,8,plus_defense,9.1449
9,00-0035594,Travis Homer,RB,CIN,0.0,0.0,0.0,0.0,33.0475,8,plus_defense,2.4059
9,00-0037563,Malik Davis,RB,ARI,0.30000000000000004,0.15000000000000002,1.0,0.0,22.35714285714286,7,plus_defense,2.5287
9,00-0039757,Terrell Jennings,RB,ATL,11.4,1.65,3.5,0.0,23.157142857142862,7,plus_defense,4.2737
9,00-0032764,Derrick Henry,RB,MIA,13.1,16.55,24.0,6.0,25.7875,8,plus_redzone_defense,20.4128
9,00-0033280,Christian McCaffrey,RB,NYG,34.3,24.333333333333332,23.666666666666668,4.333333333333333,24.8125,8,plus_redzone_defense,19.097
9,00-0033526,Samaje Perine,RB,CHI,0.5,8.433333333333334,8.666666666666666,1.0,23.999999999999996,7,plus_redzone_defense,7.779
9,00-0033854,Dare Ogunbowale,RB,DEN,1.2,1.35,1.5,0.5,19.462500000000002,8,plus_redzone_defense,2.9786
9,00-0033906,Alvin Kamara,RB,LA,2.7,8.333333333333334,12.333333333333334,1.6666666666666667,15.471428571428573,7,plus_redzone_defense,9.8488
9,00-0033923,Kareem Hunt,RB,BUF,12.5,7.8,7.0,1.6666666666666667,25.38571428571429,7,plus_redzone_defense,7.4165
9,00-0033955,Jeremy McNichols,RB,SEA,0.0,8.266666666666667,6.0,0.3333333333333333,20.271428571428572,7,plus_redzone_defense,5.5738
9,00-0034791,Nick Chubb,RB,DEN,3.4000000000000004,5.5,13.5,1.0,19.462500000000002,8,plus_redzone_defense,10.1504
9,00-0034975,Justice Hill,RB,MIA,3.5,4.8,6.5,0.0,25.7875,8,plus_redzone_defense,5.8262
9,00-0035250,Devin Singletary,RB,SF,7.1,1.6666666666666667,2.6666666666666665,0.0,23.1625,8,plus_redzone_defense,3.4657
9,00-0035261,Tony Pollard,RB,LAC,7.800000000000001,8.366666666666667,12.333333333333334,0.6666666666666666,21.3875,8,plus_redzone_defense,9.4238
9,00-0035537,Ty Johnson,RB,KC,10.0,1.6,3.5,0.0,18.087500000000002,8,plus_redzone_defense,3.6446
9,00-0035685,David Montgomery,RB,MIN,13.0,7.0,11.0,0.0,20.28571428571429,7,plus_redzone_defense,8.0808
9,00-0035700,Josh Jacobs,RB,CAR,20.000000000000004,21.433333333333334,17.666666666666668,4.333333333333333,21.725,8,plus_redzone_defense,15.5076
9,00-0036139,Rico Dowdle,RB,GB,28.1,16.633333333333336,20.666666666666668,1.6666666666666667,16.72857142857143,7,plus_redzone_defense,14.7667
9,00-0036158,J.K. Dobbins,RB,HOU,6.9,9.033333333333333,15.666666666666666,2.0,18.72857142857143,7,plus_redzone_defense,12.1598
9,00-0036223,Jonathan Taylor,RB,PIT,7.7,31.766666666666666,19.333333333333332,4.333333333333333,21.0,7,plus_redzone_defense,16.6446
9,00-0036555,Chuba Hubbard,RB,GB,1.7000000000000002,8.45,15.0,2.0,16.72857142857143,7,plus_redzone_defense,11.6619
9,00-0036919,Kenny Gainwell,RB,IND,7.4,6.2,8.0,0.0,18.3,8,plus_redzone_defense,6.2769
9,00-0036973,Travis Etienne,RB,LV,16.5,8.0,14.0,0.5,21.914285714285715,7,plus_redzone_defense,10.248
9,00-0036997,Javonte Williams,RB,ARI,9.3,15.033333333333337,19.666666666666668,5.333333333333333,22.35714285714286,7,plus_redzone_defense,17.2623
9,00-0037085,Tyler Badie,RB,HOU,2.6,2.25,1.5,0.5,18.72857142857143,7,plus_redzone_defense,2.9591
9,00-0037228,Jaylen Warren,RB,IND,16.900000000000002,12.466666666666669,16.666666666666668,1.3333333333333333,18.3,8,plus_redzone_defense,12.2712
9,00-0037248,James Cook,RB,KC,13.5,21.150000000000002,18.0,1.5,18.087500000000002,8,plus_redzone_defense,13.3376
9,00-0037263,Tyler Allgeier,RB,NE,0.6000000000000001,7.266666666666666,7.0,1.6666666666666667,17.075000000000003,8,plus_redzone_defense,6.9381
9,00-0037525,Jordan Mason,RB,DET,4.699999999999999,6.6499999999999995,10.0,1.5,17.32857142857143,7,plus_redzone_defense,8.4847
9,00-0037594,Julius Chestnut,RB,LAC,0.0,0.16666666666666666,0.6666666666666666,0.0,21.3875,8,plus_redzone_defense,2.2146
9,00-0037746,Brian Robinson,RB,NYG,11.3,2.466666666666667,4.0,0.3333333333333333,24.8125,8,plus_redzone_defense,4.5734
9,00-0037840,Kyren Williams,RB,NO,17.4,12.6,15.0,2.5,22.799999999999997,8,plus_redzone_defense,12.4802
9,00-0038134,Kenneth Walker III,RB,WAS,8.1,5.65,14.0,2.0,22.075,8,plus_redzone_defense,11.3364
9,00-0038542,Bijan Robinson,RB,NE,17.6,21.599999999999998,20.333333333333332,2.0,17.075000000000003,8,plus_redzone_defense,14.9718
9,00-0038597,Chase Brown,RB,CHI,19.2,14.799999999999999,13.666666666666666,3.6666666666666665,23.999999999999996,7,plus_redzone_defense,12.7399
9,00-0038685,Chris Brooks,RB,CAR,4.4,0.03333333333333333,0.6666666666666666,0.3333333333333333,21.725,8,plus_redzone_defense,2.4827
9,00-0038797,Emanuel Wilson,RB,CAR,2.7,5.300000000000001,8.666666666666666,1.6666666666666667,21.725,8,plus_redzone_defense,8.0811
9,00-0039040,De'Von Achane,RB,BAL,16.6,21.3,21.666666666666668,3.6666666666666665,27.442857142857143,7,plus_redzone_defense,17.5512
9,00-0039139,Jahmyr Gibbs,RB,MIN,5.8,22.150000000000002,19.5,2.5,20.28571428571429,7,plus_redzone_defense,15.0786
9,00-0039165,Zach Charbonnet,RB,WAS,5.6,12.1,13.5,4.5,22.075,8,plus_redzone_defense,13.1053
9,00-0039299,George Holani,RB,WAS,0.9,0.0,0.0,0.0,22.075,8,plus_redzone_defense,1.8773
9,00-0039384,Tyrone Tracy Jr.,RB,SF,6.7,6.166666666666667,8.666666666666666,0.6666666666666666,23.1625,8,plus_redzone_defense,7.4252
9,00-0039407,Dylan Laube,RB,JAX,0.0,0.7000000000000001,1.5,0.0,18.185714285714287,7,plus_redzone_defense,2.5129
9,00-0039738,Blake Corum,RB,NO,5.800000000000001,3.8000000000000007,9.0,2.0,22.799999999999997,8,plus_redzone_defense,8.5437
9,00-0039796,Rasheen Ali,RB,MIA,0.0,0.0,0.0,0.0,25.7875,8,plus_redzone_defense,2.0853
9,00-0039875,Ray Davis,RB,KC,0.0,5.75,6.0,1.5,18.087500000000002,8,plus_redzone_defense,6.2744
9,00-0040078,Brashard Smith,RB,BUF,0.7000000000000001,6.333333333333335,8.666666666666666,2.6666666666666665,25.38571428571429,7,plus_redzone_defense,9.0682
9,00-0040122,Ashton Jeanty,RB,JAX,19.9,10.5,17.0,3.0,18.185714285714287,7,plus_redzone_defense,13.6655
9,00-0040198,Ollie Gordon II,RB,BAL,1.9000000000000001,5.7,7.0,1.3333333333333333,27.442857142857143,7,plus_redzone_defense,7.229
9,00-0040202,Devin Neal,RB,LA,2.2,2.0999999999999996,2.0,0.0,15.471428571428573,7,plus_redzone_defense,2.6733
9,00-0040208,Tahj Brooks,RB,CHI,0.1,0.0,0.0,0.0,23.999999999999996,7,plus_redzone_defense,1.9851
9,00-0040236,Kyle Monangai,RB,CIN,22.8,8.4,9.666666666666666,1.6666666666666667,33.0475,8,plus_redzone_defense,9.3477
9,00-0040238,LeQuint Allen Jr.,RB,LV,2.1,1.8,2.0,0.5,21.914285714285715,7,plus_redzone_defense,3.4057
9,00-0040242,Jacory Croskey-Merritt,RB,SEA,5.1000000000000005,4.833333333333334,14.333333333333334,0.6666666666666666,20.271428571428572,7,plus_redzone_defense,10.3921
9,00-0040583,Woody Marks,RB,DEN,2.7,13.8,15.0,3.5,19.462500000000002,8,plus_redzone_defense,13.0792
9,00-0040644,Trevor Etienne,RB,GB,0.0,1.1,2.3333333333333335,0.3333333333333333,16.72857142857143,7,plus_redzone_defense,3.1581
9,00-0040719,Bhayshul Tuten,RB,LV,9.6,3.5000000000000004,5.0,0.5,21.914285714285715,7,plus_redzone_defense,5.1199
9,00-0040730,RJ Harvey,RB,HOU,16.6,12.6,6.666666666666667,1.6666666666666667,18.72857142857143,7,plus_redzone_defense,6.9728
9,00-0040734,TreVeyon Henderson,RB,ATL,12.7,4.2,7.666666666666667,1.0,23.157142857142862,7,plus_redzone_defense,7.0723
9,00-0037157,Bam Knight,RB,DAL,6.7,10.899999999999999,15.5,3.0,27.725,8,plus_redzone_defense,13.3729
9,00-0038738,Hunter Luepke,RB,ARI,0.0,3.4,1.3333333333333333,0.6666666666666666,22.35714285714286,7,plus_redzone_defense,3.2232
9,00-0038440,Zavier Scott,RB,DET,0.0,3.0,4.5,1.0,17.32857142857143,7,plus_redzone_defense,4.9506
9,00-0038611,Chris Rodriguez Jr.,RB,SEA,12.5,3.7,2.0,0.5,20.271428571428572,7,plus_redzone_defense,3.3592
9,00-0031687,Raheem Mostert,RB,JAX,2.4000000000000004,0.39999999999999997,3.0,1.0,18.185714285714287,7,plus_redzone_defense,4.0996
9,00-0039391,Kimani Vidal,RB,TEN,3.0,16.666666666666668,20.333333333333332,6.0,28.375,8,plus_redzone_defense,18.5153
9,00-0032104,Ameer Abdullah,RB,PIT,1.5,2.7000000000000006,2.6666666666666665,0.3333333333333333,21.0,7,plus_redzone_defense,3.6217
9,00-0038454,Keaton Mitchell,RB,MIA,2.8000000000000003,2.15,2.0,0.5,25.7875,8,plus_redzone_defense,3.6311
9,00-0039032,Tyjae Spears,RB,LAC,9.2,11.066666666666668,10.0,1.6666666666666667,21.3875,8,plus_redzone_defense,8.9443
9,00-0035594,Travis Homer,RB,CIN,0.0,0.0,0.0,0.0,33.0475,8,plus_redzone_defense,2.4921
9,00-0037563,Malik Davis,RB,ARI,0.30000000000000004,0.15000000000000002,1.0,0.0,22.35714285714286,7,plus_redzone_defense,2.4545
9,00-0039757,Terrell Jennings,RB,ATL,11.4,1.65,3.5,0.0,23.157142857142862,7,plus_redzone_defense,3.9298
10,00-0032764,Derrick Henry,RB,MIN,11.4,16.1,21.0,4.5,20.1,8,baseline,16.2666
10,00-0033280,Christian McCaffrey,RB,LA,17.6,27.733333333333334,26.666666666666668,4.666666666666667,14.15,8,baseline,21.0213
10,00-0033293,Aaron Jones,RB,BAL,15.899999999999999,8.4,10.0,1.0,26.325,8,baseline,8.7593
10,00-0033906,Alvin Kamara,RB,CAR,14.5,5.033333333333334,10.333333333333334,0.3333333333333333,22.322222222222223,9,baseline,8.5701
10,00-0033955,Jeremy McNichols,RB,DET,3.9,6.1000000000000005,4.333333333333333,0.3333333333333333,17.225,8,baseline,5.0848
10,00-0034791,Nick Chubb,RB,JAX,6.2,4.8,12.666666666666666,2.0,18.7,8,baseline,9.9465
10,00-0034844,Saquon Barkley,RB,GB,13.100000000000001,19.3,19.0,3.0,18.3625,8,baseline,15.434
10,00-0034975,Justice Hill,RB,MIN,8.3,1.85,2.0,0.0,20.1,8,baseline,3.1895
10,00-0035250,Devin Singletary,RB,CHI,10.3,3.6999999999999997,5.0,0.6666666666666666,23.475,8,baseline,5.208
10,00-0035537,Ty Johnson,RB,MIA,4.6000000000000005,5.3,4.0,1.0,25.07777777777778,9,baseline,4.7917
10,00-0035685,David Montgomery,RB,WAS,8.100000000000001,9.45,15.5,1.5,21.244444444444444,9,baseline,12.1889
10,00-0035700,Josh Jacobs,RB,PHI,21.7,17.433333333333334,17.333333333333332,4.333333333333333,23.3125,8,baseline,14.2155
10,00-0036139,Rico Dowdle,RB,NO,15.3,14.700000000000001,18.333333333333332,2.0,22.84444444444444,9,baseline,14.5006
10,00-0036158,J.K. Dobbins,RB,LV,9.399999999999999,10.0,16.0,1.6666666666666667,22.700000000000003,8,baseline,12.5533
10,00-0036223,Jonathan Taylor,RB,ATL,49.60000000000001,26.433333333333334,16.333333333333332,3.3333333333333335,23.275,8,baseline,14.6557
10,00-0036275,D'Andre Swift,RB,NYG,14.8,17.95,16.5,6.0,27.12222222222222,9,baseline,13.7741
10,00-0036555,Chuba Hubbard,RB,NO,2.5000000000000004,6.199999999999999,12.0,2.6666666666666665,22.84444444444444,9,baseline,9.7076
10,00-0036919,Kenny Gainwell,RB,LAC,2.4,5.466666666666666,6.666666666666667,0.3333333333333333,20.9,9,baseline,6.4149
10,00-0036973,Travis Etienne,RB,HOU,15.700000000000001,11.5,19.0,4.5,19.650000000000002,8,baseline,14.5312
10,00-0037085,Tyler Badie,RB,LV,0.0,2.3666666666666667,2.0,0.3333333333333333,22.700000000000003,8,baseline,3.2493
10,00-0037228,Jaylen Warren,RB,LAC,11.1,15.333333333333334,18.333333333333332,2.6666666666666665,20.9,9,baseline,14.5739
10,00-0037248,James Cook,RB,MIA,12.700000000000001,23.55,23.5,2.5,25.07777777777778,9,baseline,18.6325
10,00-0037256,Rachaad White,RB,NE,10.4,8.25,15.5,2.0,17.200000000000003,9,baseline,12.05
10,00-0037263,Tyler Allgeier,RB,IND,17.7,3.8666666666666667,4.0,1.0,19.22222222222222,9,baseline,4.6259
10,00-0037267,Jerome Ford,RB,NYJ,0.1,1.95,2.5,0.5,22.950000000000003,8,baseline,3.5018
10,00-0037525,Jordan Mason,RB,BAL,4.1,6.0,10.333333333333334,2.6666666666666665,26.325,8,baseline,8.682
10,00-0037746,Brian Robinson,RB,LA,11.500000000000002,4.966666666666667,4.666666666666667,0.3333333333333333,14.15,8,baseline,5.1541
10,00-0037840,Kyren Williams,RB,SF,22.400000000000002,12.95,20.0,4.5,22.122222222222224,9,baseline,15.3005
10,00-0038120,Breece Hall,RB,CLE,19.5,20.03,18.0,4.0,16.185000000000002,8,baseline,14.917
10,00-0038134,Kenneth Walker III,RB,ARI,8.0,7.35,15.0,2.5,20.7625,8,baseline,11.6451
10,00-0038542,Bijan Robinson,RB,IND,10.8,15.533333333333333,18.666666666666668,2.3333333333333335,19.22222222222222,9,baseline,14.7976
10,00-0038555,Tank Bigsby,RB,GB,0.7000000000000001,6.2,5.5,0.5,18.3625,8,baseline,5.7981
10,00-0038685,Chris Brooks,RB,PHI,0.0,1.4666666666666668,1.0,0.3333333333333333,23.3125,8,baseline,2.5437
10,00-0038797,Emanuel Wilson,RB,PHI,1.4,5.633333333333334,10.0,3.0,23.3125,8,baseline,8.4391
10,00-0038951,Sean Tucker,RB,NE,6.1000000000000005,5.8999999999999995,7.0,2.0,17.200000000000003,9,baseline,6.6656
10,00-0039040,De'Von Achane,RB,BUF,40.50000000000001,16.500000000000004,22.333333333333332,4.0,23.924999999999997,8,baseline,17.1148
10,00-0039139,Jahmyr Gibbs,RB,WAS,38.2,21.3,16.0,1.5,21.244444444444444,9,baseline,13.8611
10,00-0039165,Zach Charbonnet,RB,ARI,14.3,12.55,11.5,1.5,20.7625,8,baseline,10.1418
10,00-0039299,George Holani,RB,ARI,9.1,0.45,1.5,0.0,20.7625,8,baseline,2.7268
10,00-0039384,Tyrone Tracy Jr.,RB,CHI,8.100000000000001,8.200000000000001,10.333333333333334,0.3333333333333333,23.475,8,baseline,8.9366
10,00-0039407,Dylan Laube,RB,DEN,0.0,0.7000000000000001,1.5,0.0,18.111111111111114,9,baseline,2.7557
10,00-0039738,Blake Corum,RB,SF,5.6000000000000005,5.550000000000001,13.0,2.0,22.122222222222224,9,baseline,10.2338
10,00-0039746,Will Shipley,RB,GB,5.4,0.9500000000000001,2.0,0.0,18.3625,8,baseline,3.0854
10,00-0039798,Isaiah Davis,RB,CLE,2.1,10.55,9.0,2.0,16.185000000000002,8,baseline,8.4067
10,00-0039875,Ray Davis,RB,MIA,0.8,0.8,5.0,1.0,25.07777777777778,9,baseline,4.8724
10,00-0040122,Ashton Jeanty,RB,DEN,15.3,12.149999999999999,12.5,2.0,18.111111111111114,9,baseline,10.697
10,00-0040162,Dylan Sampson,RB,NYJ,0.9,5.300000000000001,6.5,1.5,22.950000000000003,8,baseline,6.2954
10,00-0040198,Ollie Gordon II,RB,BUF,-0.30000000000000004,5.933333333333334,7.0,1.6666666666666667,23.924999999999997,8,baseline,6.6694
10,00-0040202,Devin Neal,RB,CAR,6.1000000000000005,2.1333333333333333,2.6666666666666665,0.6666666666666666,22.322222222222223,9,baseline,3.6233
10,00-0040236,Kyle Monangai,RB,NYG,8.8,14.200000000000003,18.0,4.333333333333333,27.12222222222222,9,baseline,14.2423
10,00-0040238,LeQuint Allen Jr.,RB,HOU,1.6,1.75,1.5,0.5,19.650000000000002,8,baseline,2.8772
10,00-0040242,Jacory Croskey-Merritt,RB,DET,3.0,3.9333333333333336,12.666666666666666,0.6666666666666666,17.225,8,baseline,9.8462
10,00-0040583,Woody Marks,RB,JAX,16.1,10.1,14.333333333333334,2.6666666666666665,18.7,8,baseline,11.5624
10,00-0040644,Trevor Etienne,RB,NO,0.0,0.5333333333333333,1.3333333333333333,0.0,22.84444444444444,9,baseline,2.6362
10,00-0040719,Bhayshul Tuten,RB,HOU,2.0,5.9,7.5,3.0,19.650000000000002,8,baseline,6.9663
10,00-0040730,RJ Harvey,RB,LV,3.8,15.966666666666669,7.0,1.6666666666666667,22.700000000000003,8,baseline,7.8307
10,00-0040734,TreVeyon Henderson,RB,TB,28.000000000000004,6.8999999999999995,10.666666666666666,2.0,23.2125,8,baseline,8.9867
10,00-0037157,Bam Knight,RB,SEA,4.300000000000001,8.049999999999999,14.5,3.0,19.9375,8,baseline,11.4254
10,00-0040784,Quinshon Judkins,RB,NYJ,10.5,15.549999999999999,18.5,2.5,22.950000000000003,8,baseline,14.6993
10,00-0037120,Tyler Goodson,RB,ATL,0.4,1.0,2.0,0.5,23.275,8,baseline,3.0912
10,00-0038611,Chris Rodriguez Jr.,RB,DET,7.6,6.633333333333333,5.333333333333333,1.3333333333333333,17.225,8,baseline,5.748
10,00-0031687,Raheem Mostert,RB,DEN,2.5,1.8000000000000003,1.0,0.0,18.111111111111114,9,baseline,2.5823
10,00-0039391,Kimani Vidal,RB,PIT,17.8,10.066666666666668,17.333333333333332,4.0,19.75,8,baseline,13.3629
10,00-0032104,Ameer Abdullah,RB,ATL,1.8,2.3333333333333335,2.6666666666666665,0.3333333333333333,23.275,8,baseline,3.6464
10,00-0038454,Keaton Mitchell,RB,MIN,3.1,3.55,4.5,1.0,20.1,8,baseline,4.8899
10,00-0039757,Terrell Jennings,RB,TB,0.5,4.8999999999999995,6.333333333333333,1.0,23.2125,8,baseline,6.1489
10,00-0036755,Jaret Patterson,RB,PIT,0.1,3.7,10.0,0.5,19.75,8,baseline,8.2153
10,00-0032764,Derrick Henry,RB,MIN,11.4,16.1,21.0,4.5,20.1,8,plus_defense,16.1723
10,00-0033280,Christian McCaffrey,RB,LA,17.6,27.733333333333334,26.666666666666668,4.666666666666667,14.15,8,plus_defense,20.5492
10,00-0033293,Aaron Jones,RB,BAL,15.899999999999999,8.4,10.0,1.0,26.325,8,plus_defense,9.0613
10,00-0033906,Alvin Kamara,RB,CAR,14.5,5.033333333333334,10.333333333333334,0.3333333333333333,22.322222222222223,9,plus_defense,8.6117
10,00-0033955,Jeremy McNichols,RB,DET,3.9,6.1000000000000005,4.333333333333333,0.3333333333333333,17.225,8,plus_defense,4.7958
10,00-0034791,Nick Chubb,RB,JAX,6.2,4.8,12.666666666666666,2.0,18.7,8,plus_defense,9.7543
10,00-0034844,Saquon Barkley,RB,GB,13.100000000000001,19.3,19.0,3.0,18.3625,8,plus_defense,15.2285
10,00-0034975,Justice Hill,RB,MIN,8.3,1.85,2.0,0.0,20.1,8,plus_defense,3.0838
10,00-0035250,Devin Singletary,RB,CHI,10.3,3.6999999999999997,5.0,0.6666666666666666,23.475,8,plus_defense,5.3222
10,00-0035537,Ty Johnson,RB,MIA,4.6000000000000005,5.3,4.0,1.0,25.07777777777778,9,plus_defense,5.0101
10,00-0035685,David Montgomery,RB,WAS,8.100000000000001,9.45,15.5,1.5,21.244444444444444,9,plus_defense,12.1641
10,00-0035700,Josh Jacobs,RB,PHI,21.7,17.433333333333334,17.333333333333332,4.333333333333333,23.3125,8,plus_defense,14.3288
10,00-0036139,Rico Dowdle,RB,NO,15.3,14.700000000000001,18.333333333333332,2.0,22.84444444444444,9,plus_defense,14.5826
10,00-0036158,J.K. Dobbins,RB,LV,9.399999999999999,10.0,16.0,1.6666666666666667,22.700000000000003,8,plus_defense,12.623
10,00-0036223,Jonathan Taylor,RB,ATL,49.60000000000001,26.433333333333334,16.333333333333332,3.3333333333333335,23.275,8,plus_defense,14.7707
10,00-0036275,D'Andre Swift,RB,NYG,14.8,17.95,16.5,6.0,27.12222222222222,9,plus_defense,14.1338
10,00-0036555,Chuba Hubbard,RB,NO,2.5000000000000004,6.199999999999999,12.0,2.6666666666666665,22.84444444444444,9,plus_defense,9.7839
10,00-0036919,Kenny Gainwell,RB,LAC,2.4,5.466666666666666,6.666666666666667,0.3333333333333333,20.9,9,plus_defense,6.3639
10,00-0036973,Travis Etienne,RB,HOU,15.700000000000001,11.5,19.0,4.5,19.650000000000002,8,plus_defense,14.4052
10,00-0037085,Tyler Badie,RB,LV,0.0,2.3666666666666667,2.0,0.3333333333333333,22.700000000000003,8,plus_defense,3.312
10,00-0037228,Jaylen Warren,RB,LAC,11.1,15.333333333333334,18.333333333333332,2.6666666666666665,20.9,9,plus_defense,14.5304
10,00-0037248,James Cook,RB,MIA,12.700000000000001,23.55,23.5,2.5,25.07777777777778,9,plus_defense,18.8644
10,00-0037256,Rachaad White,RB,NE,10.4,8.25,15.5,2.0,17.200000000000003,9,plus_defense,11.7631
10,00-0037263,Tyler Allgeier,RB,IND,17.7,3.8666666666666667,4.0,1.0,19.22222222222222,9,plus_defense,4.4649
10,00-0037267,Jerome Ford,RB,NYJ,0.1,1.95,2.5,0.5,22.950000000000003,8,plus_defense,3.5806
10,00-0037525,Jordan Mason,RB,BAL,4.1,6.0,10.333333333333334,2.6666666666666665,26.325,8,plus_defense,8.9829
10,00-0037746,Brian Robinson,RB,LA,11.500000000000002,4.966666666666667,4.666666666666667,0.3333333333333333,14.15,8,plus_defense,4.6658
10,00-0037840,Kyren Williams,RB,SF,22.400000000000002,12.95,20.0,4.5,22.122222222222224,9,plus_defense,15.3353
10,00-0038120,Breece Hall,RB,CLE,19.5,20.03,18.0,4.0,16.185000000000002,8,plus_defense,14.5708
10,00-0038134,Kenneth Walker III,RB,ARI,8.0,7.35,15.0,2.5,20.7625,8,plus_defense,11.588
10,00-0038542,Bijan Robinson,RB,IND,10.8,15.533333333333333,18.666666666666668,2.3333333333333335,19.22222222222222,9,plus_defense,14.6457
10,00-0038555,Tank Bigsby,RB,GB,0.7000000000000001,6.2,5.5,0.5,18.3625,8,plus_defense,5.583
10,00-0038685,Chris Brooks,RB,PHI,0.0,1.4666666666666668,1.0,0.3333333333333333,23.3125,8,plus_defense,2.6454
10,00-0038797,Emanuel Wilson,RB,PHI,1.4,5.633333333333334,10.0,3.0,23.3125,8,plus_defense,8.5449
10,00-0038951,Sean Tucker,RB,NE,6.1000000000000005,5.8999999999999995,7.0,2.0,17.200000000000003,9,plus_defense,6.3755
10,00-0039040,De'Von Achane,RB,BUF,40.50000000000001,16.500000000000004,22.333333333333332,4.0,23.924999999999997,8,plus_defense,17.2685
10,00-0039139,Jahmyr Gibbs,RB,WAS,38.2,21.3,16.0,1.5,21.244444444444444,9,plus_defense,13.8422
10,00-0039165,Zach Charbonnet,RB,ARI,14.3,12.55,11.5,1.5,20.7625,8,plus_defense,10.0864
10,00-0039299,George Holani,RB,ARI,9.1,0.45,1.5,0.0,20.7625,8,plus_defense,2.6631
10,00-0039384,Tyrone Tracy Jr.,RB,CHI,8.100000000000001,8.200000000000001,10.333333333333334,0.3333333333333333,23.475,8,plus_defense,9.0543
10,00-0039407,Dylan Laube,RB,DEN,0.0,0.7000000000000001,1.5,0.0,18.111111111111114,9,plus_defense,2.5207
10,00-0039738,Blake Corum,RB,SF,5.6000000000000005,5.550000000000001,13.0,2.0,22.122222222222224,9,plus_defense,10.2634
10,00-0039746,Will Shipley,RB,GB,5.4,0.9500000000000001,2.0,0.0,18.3625,8,plus_defense,2.8669
10,00-0039798,Isaiah Davis,RB,CLE,2.1,10.55,9.0,2.0,16.185000000000002,8,plus_defense,8.0537
10,00-0039875,Ray Davis,RB,MIA,0.8,0.8,5.0,1.0,25.07777777777778,9,plus_defense,5.0889
10,00-0040122,Ashton Jeanty,RB,DEN,15.3,12.149999999999999,12.5,2.0,18.111111111111114,9,plus_defense,10.4702
10,00-0040162,Dylan Sampson,RB,NYJ,0.9,5.300000000000001,6.5,1.5,22.950000000000003,8,plus_defense,6.3768
10,00-0040198,Ollie Gordon II,RB,BUF,-0.30000000000000004,5.933333333333334,7.0,1.6666666666666667,23.924999999999997,8,plus_defense,6.8143
10,00-0040202,Devin Neal,RB,CAR,6.1000000000000005,2.1333333333333333,2.6666666666666665,0.6666666666666666,22.322222222222223,9,plus_defense,3.6616
10,00-0040236,Kyle Monangai,RB,NYG,8.8,14.200000000000003,18.0,4.333333333333333,27.12222222222222,9,plus_defense,14.6006
10,00-0040238,LeQuint Allen Jr.,RB,HOU,1.6,1.75,1.5,0.5,19.650000000000002,8,plus_defense,2.7423
10,00-0040242,Jacory Croskey-Merritt,RB,DET,3.0,3.9333333333333336,12.666666666666666,0.6666666666666666,17.225,8,plus_defense,9.5582
10,00-0040583,Woody Marks,RB,JAX,16.1,10.1,14.333333333333334,2.6666666666666665,18.7,8,plus_defense,11.3731
10,00-0040644,Trevor Etienne,RB,NO,0.0,0.5333333333333333,1.3333333333333333,0.0,22.84444444444444,9,plus_defense,2.7072
10,00-0040719,Bhayshul Tuten,RB,HOU,2.0,5.9,7.5,3.0,19.650000000000002,8,plus_defense,6.8348
10,00-0040730,RJ Harvey,RB,LV,3.8,15.966666666666669,7.0,1.6666666666666667,22.700000000000003,8,plus_defense,7.9011
10,00-0040734,TreVeyon Henderson,RB,TB,28.000000000000004,6.8999999999999995,10.666666666666666,2.0,23.2125,8,plus_defense,9.0868
10,00-0037157,Bam Knight,RB,SEA,4.300000000000001,8.049999999999999,14.5,3.0,19.9375,8,plus_defense,11.3152
10,00-0040784,Quinshon Judkins,RB,NYJ,10.5,15.549999999999999,18.5,2.5,22.950000000000003,8,plus_defense,14.7885
10,00-0037120,Tyler Goodson,RB,ATL,0.4,1.0,2.0,0.5,23.275,8,plus_defense,3.1904
10,00-0038611,Chris Rodriguez Jr.,RB,DET,7.6,6.633333333333333,5.333333333333333,1.3333333333333333,17.225,8,plus_defense,5.4595
10,00-0031687,Raheem Mostert,RB,DEN,2.5,1.8000000000000003,1.0,0.0,18.111111111111114,9,plus_defense,2.3477
10,00-0039391,Kimani Vidal,RB,PIT,17.8,10.066666666666668,17.333333333333332,4.0,19.75,8,plus_defense,13.2423
10,00-0032104,Ameer Abdullah,RB,ATL,1.8,2.3333333333333335,2.6666666666666665,0.3333333333333333,23.275,8,plus_defense,3.7465
10,00-0038454,Keaton Mitchell,RB,MIN,3.1,3.55,4.5,1.0,20.1,8,plus_defense,4.7857
10,00-0039757,Terrell Jennings,RB,TB,0.5,4.8999999999999995,6.333333333333333,1.0,23.2125,8,plus_defense,6.247
10,00-0036755,Jaret Patterson,RB,PIT,0.1,3.7,10.0,0.5,19.75,8,plus_defense,8.0898
10,00-0032764,Derrick Henry,RB,MIN,11.4,16.1,21.0,4.5,20.1,8,plus_redzone_defense,16.6142
10,00-0033280,Christian McCaffrey,RB,LA,17.6,27.733333333333334,26.666666666666668,4.666666666666667,14.15,8,plus_redzone_defense,20.43
10,00-0033293,Aaron Jones,RB,BAL,15.899999999999999,8.4,10.0,1.0,26.325,8,plus_redzone_defense,8.7952
10,00-0033906,Alvin Kamara,RB,CAR,14.5,5.033333333333334,10.333333333333334,0.3333333333333333,22.322222222222223,9,plus_redzone_defense,8.1868
10,00-0033955,Jeremy McNichols,RB,DET,3.9,6.1000000000000005,4.333333333333333,0.3333333333333333,17.225,8,plus_redzone_defense,4.5552
10,00-0034791,Nick Chubb,RB,JAX,6.2,4.8,12.666666666666666,2.0,18.7,8,plus_redzone_defense,9.9136
10,00-0034844,Saquon Barkley,RB,GB,13.100000000000001,19.3,19.0,3.0,18.3625,8,plus_redzone_defense,15.0329
10,00-0034975,Justice Hill,RB,MIN,8.3,1.85,2.0,0.0,20.1,8,plus_redzone_defense,2.9496
10,00-0035250,Devin Singletary,RB,CHI,10.3,3.6999999999999997,5.0,0.6666666666666666,23.475,8,plus_redzone_defense,5.2766
10,00-0035537,Ty Johnson,RB,MIA,4.6000000000000005,5.3,4.0,1.0,25.07777777777778,9,plus_redzone_defense,5.0778
10,00-0035685,David Montgomery,RB,WAS,8.100000000000001,9.45,15.5,1.5,21.244444444444444,9,plus_redzone_defense,11.8536
10,00-0035700,Josh Jacobs,RB,PHI,21.7,17.433333333333334,17.333333333333332,4.333333333333333,23.3125,8,plus_redzone_defense,14.7941
10,00-0036139,Rico Dowdle,RB,NO,15.3,14.700000000000001,18.333333333333332,2.0,22.84444444444444,9,plus_redzone_defense,14.1787
10,00-0036158,J.K. Dobbins,RB,LV,9.399999999999999,10.0,16.0,1.6666666666666667,22.700000000000003,8,plus_redzone_defense,12.3409
10,00-0036223,Jonathan Taylor,RB,ATL,49.60000000000001,26.433333333333334,16.333333333333332,3.3333333333333335,23.275,8,plus_redzone_defense,14.554
10,00-0036275,D'Andre Swift,RB,NYG,14.8,17.95,16.5,6.0,27.12222222222222,9,plus_redzone_defense,15.2764
10,00-0036555,Chuba Hubbard,RB,NO,2.5000000000000004,6.199999999999999,12.0,2.6666666666666665,22.84444444444444,9,plus_redzone_defense,10.1846
10,00-0036919,Kenny Gainwell,RB,LAC,2.4,5.466666666666666,6.666666666666667,0.3333333333333333,20.9,9,plus_redzone_defense,6.0597
10,00-0036973,Travis Etienne,RB,HOU,15.700000000000001,11.5,19.0,4.5,19.650000000000002,8,plus_redzone_defense,15.0855
10,00-0037085,Tyler Badie,RB,LV,0.0,2.3666666666666667,2.0,0.3333333333333333,22.700000000000003,8,plus_redzone_defense,3.2927
10,00-0037228,Jaylen Warren,RB,LAC,11.1,15.333333333333334,18.333333333333332,2.6666666666666665,20.9,9,plus_redzone_defense,14.369
10,00-0037248,James Cook,RB,MIA,12.700000000000001,23.55,23.5,2.5,25.07777777777778,9,plus_redzone_defense,18.1521
10,00-0037256,Rachaad White,RB,NE,10.4,8.25,15.5,2.0,17.200000000000003,9,plus_redzone_defense,11.6935
10,00-0037263,Tyler Allgeier,RB,IND,17.7,3.8666666666666667,4.0,1.0,19.22222222222222,9,plus_redzone_defense,4.5822
10,00-0037267,Jerome Ford,RB,NYJ,0.1,1.95,2.5,0.5,22.950000000000003,8,plus_redzone_defense,3.624
10,00-0037525,Jordan Mason,RB,BAL,4.1,6.0,10.333333333333334,2.6666666666666665,26.325,8,plus_redzone_defense,9.4537
10,00-0037746,Brian Robinson,RB,LA,11.500000000000002,4.966666666666667,4.666666666666667,0.3333333333333333,14.15,8,plus_redzone_defense,4.4524
10,00-0037840,Kyren Williams,RB,SF,22.400000000000002,12.95,20.0,4.5,22.122222222222224,9,plus_redzone_defense,15.9272
10,00-0038120,Breece Hall,RB,CLE,19.5,20.03,18.0,4.0,16.185000000000002,8,plus_redzone_defense,14.7842
10,00-0038134,Kenneth Walker III,RB,ARI,8.0,7.35,15.0,2.5,20.7625,8,plus_redzone_defense,11.7691
10,00-0038542,Bijan Robinson,RB,IND,10.8,15.533333333333333,18.666666666666668,2.3333333333333335,19.22222222222222,9,plus_redzone_defense,14.3316
10,00-0038555,Tank Bigsby,RB,GB,0.7000000000000001,6.2,5.5,0.5,18.3625,8,plus_redzone_defense,5.3619
10,00-0038685,Chris Brooks,RB,PHI,0.0,1.4666666666666668,1.0,0.3333333333333333,23.3125,8,plus_redzone_defense,2.6955
10,00-0038797,Emanuel Wilson,RB,PHI,1.4,5.633333333333334,10.0,3.0,23.3125,8,plus_redzone_defense,9.1732
10,00-0038951,Sean Tucker,RB,NE,6.1000000000000005,5.8999999999999995,7.0,2.0,17.200000000000003,9,plus_redzone_defense,6.7063
10,00-0039040,De'Von Achane,RB,BUF,40.50000000000001,16.500000000000004,22.333333333333332,4.0,23.924999999999997,8,plus_redzone_defense,17.4482
10,00-0039139,Jahmyr Gibbs,RB,WAS,38.2,21.3,16.0,1.5,21.244444444444444,9,plus_redzone_defense,13.0904
10,00-0039165,Zach Charbonnet,RB,ARI,14.3,12.55,11.5,1.5,20.7625,8,plus_redzone_defense,9.8142
10,00-0039299,George Holani,RB,ARI,9.1,0.45,1.5,0.0,20.7625,8,plus_redzone_defense,2.5976
10,00-0039384,Tyrone Tracy Jr.,RB,CHI,8.100000000000001,8.200000000000001,10.333333333333334,0.3333333333333333,23.475,8,plus_redzone_defense,8.5167
10,00-0039407,Dylan Laube,RB,DEN,0.0,0.7000000000000001,1.5,0.0,18.111111111111114,9,plus_redzone_defense,2.4456
10,00-0039738,Blake Corum,RB,SF,5.6000000000000005,5.550000000000001,13.0,2.0,22.122222222222224,9,plus_redzone_defense,10.3844
10,00-0039746,Will Shipley,RB,GB,5.4,0.9500000000000001,2.0,0.0,18.3625,8,plus_redzone_defense,2.7643
10,00-0039798,Isaiah Davis,RB,CLE,2.1,10.55,9.0,2.0,16.185000000000002,8,plus_redzone_defense,8.144
10,00-0039875,Ray Davis,RB,MIA,0.8,0.8,5.0,1.0,25.07777777777778,9,plus_redzone_defense,5.2797
10,00-0040122,Ashton Jeanty,RB,DEN,15.3,12.149999999999999,12.5,2.0,18.111111111111114,9,plus_redzone_defense,10.3735
10,00-0040162,Dylan Sampson,RB,NYJ,0.9,5.300000000000001,6.5,1.5,22.950000000000003,8,plus_redzone_defense,6.5499
10,00-0040198,Ollie Gordon II,RB,BUF,-0.30000000000000004,5.933333333333334,7.0,1.6666666666666667,23.924999999999997,8,plus_redzone_defense,7.0128
10,00-0040202,Devin Neal,RB,CAR,6.1000000000000005,2.1333333333333333,2.6666666666666665,0.6666666666666666,22.322222222222223,9,plus_redzone_defense,3.7585
10,00-0040236,Kyle Monangai,RB,NYG,8.8,14.200000000000003,18.0,4.333333333333333,27.12222222222222,9,plus_redzone_defense,15.1572
10,00-0040238,LeQuint Allen Jr.,RB,HOU,1.6,1.75,1.5,0.5,19.650000000000002,8,plus_redzone_defense,2.8292
10,00-0040242,Jacory Croskey-Merritt,RB,DET,3.0,3.9333333333333336,12.666666666666666,0.6666666666666666,17.225,8,plus_redzone_defense,9.2171
10,00-0040583,Woody Marks,RB,JAX,16.1,10.1,14.333333333333334,2.6666666666666665,18.7,8,plus_redzone_defense,11.5468
10,00-0040644,Trevor Etienne,RB,NO,0.0,0.5333333333333333,1.3333333333333333,0.0,22.84444444444444,9,plus_redzone_defense,2.6454
10,00-0040719,Bhayshul Tuten,RB,HOU,2.0,5.9,7.5,3.0,19.650000000000002,8,plus_redzone_defense,7.5458
10,00-0040730,RJ Harvey,RB,LV,3.8,15.966666666666669,7.0,1.6666666666666667,22.700000000000003,8,plus_redzone_defense,7.7416
10,00-0040734,TreVeyon Henderson,RB,TB,28.000000000000004,6.8999999999999995,10.666666666666666,2.0,23.2125,8,plus_redzone_defense,9.2468
10,00-0037157,Bam Knight,RB,SEA,4.300000000000001,8.049999999999999,14.5,3.0,19.9375,8,plus_redzone_defense,11.6889
10,00-0040784,Quinshon Judkins,RB,NYJ,10.5,15.549999999999999,18.5,2.5,22.950000000000003,8,plus_redzone_defense,14.5473
10,00-0037120,Tyler Goodson,RB,ATL,0.4,1.0,2.0,0.5,23.275,8,plus_redzone_defense,3.2863
10,00-0038611,Chris Rodriguez Jr.,RB,DET,7.6,6.633333333333333,5.333333333333333,1.3333333333333333,17.225,8,plus_redzone_defense,5.5608
10,00-0031687,Raheem Mostert,RB,DEN,2.5,1.8000000000000003,1.0,0.0,18.111111111111114,9,plus_redzone_defense,2.252
10,00-0039391,Kimani Vidal,RB,PIT,17.8,10.066666666666668,17.333333333333332,4.0,19.75,8,plus_redzone_defense,13.8367
10,00-0032104,Ameer Abdullah,RB,ATL,1.8,2.3333333333333335,2.6666666666666665,0.3333333333333333,23.275,8,plus_redzone_defense,3.7037
10,00-0038454,Keaton Mitchell,RB,MIN,3.1,3.55,4.5,1.0,20.1,8,plus_redzone_defense,4.8959
10,00-0039757,Terrell Jennings,RB,TB,0.5,4.8999999999999995,6.333333333333333,1.0,23.2125,8,plus_redzone_defense,6.2415
10,00-0036755,Jaret Patterson,RB,PIT,0.1,3.7,10.0,0.5,19.75,8,plus_redzone_defense,7.7906
11,00-0032764,Derrick Henry,RB,CLE,20.2,14.533333333333333,21.666666666666668,4.0,16.78666666666667,9,baseline,16.3165
11,00-0033280,Christian McCaffrey,RB,ARI,35.1,20.566666666666666,23.333333333333332,4.333333333333333,21.944444444444443,9,baseline,18.5727
11,00-0033293,Aaron Jones,RB,CHI,11.1,10.9,11.666666666666666,1.0,22.91111111111111,9,baseline,10.2622
11,00-0033854,Dare Ogunbowale,RB,TEN,1.9,1.9500000000000002,1.5,0.5,26.044444444444444,9,baseline,2.8993
11,00-0033923,Kareem Hunt,RB,DEN,13.200000000000001,14.85,11.5,4.5,18.080000000000005,10,baseline,11.0827
11,00-0033955,Jeremy McNichols,RB,MIA,4.9,5.233333333333333,4.666666666666667,0.6666666666666666,24.380000000000003,10,baseline,5.3065
11,00-0034791,Nick Chubb,RB,TEN,1.7000000000000002,6.166666666666667,12.0,1.6666666666666667,26.044444444444444,9,baseline,9.3486
11,00-0034844,Saquon Barkley,RB,DET,10.0,23.25,22.0,2.0,16.922222222222224,9,baseline,18.4933
11,00-0035250,Devin Singletary,RB,GB,17.7,7.066666666666667,8.0,1.6666666666666667,18.45555555555556,9,baseline,7.4676
11,00-0035261,Tony Pollard,RB,HOU,5.6000000000000005,7.050000000000001,12.5,2.0,19.611111111111114,9,baseline,9.8126
11,00-0035537,Ty Johnson,RB,TB,15.0,5.066666666666666,3.6666666666666665,0.6666666666666666,23.81111111111111,9,baseline,4.7463
11,00-0035685,David Montgomery,RB,PHI,4.7,10.55,15.5,3.0,23.288888888888888,9,baseline,12.1826
11,00-0035700,Josh Jacobs,RB,NYG,4.0,18.400000000000002,21.666666666666668,3.3333333333333335,26.77,10,baseline,17.2049
11,00-0036139,Rico Dowdle,RB,ATL,15.0,16.266666666666666,19.0,2.6666666666666665,26.444444444444443,9,baseline,15.3229
11,00-0036275,D'Andre Swift,RB,MIN,9.0,14.95,17.0,3.5,20.433333333333334,9,baseline,13.9765
11,00-0036555,Chuba Hubbard,RB,ATL,3.8000000000000003,4.533333333333334,7.666666666666667,2.0,26.444444444444443,9,baseline,6.7115
11,00-0036919,Kenny Gainwell,RB,CIN,29.5,5.1000000000000005,6.0,0.6666666666666666,32.986666666666665,9,baseline,5.9718
11,00-0036973,Travis Etienne,RB,LAC,19.3,16.1,23.5,7.5,20.19,10,baseline,17.6334
11,00-0036997,Javonte Williams,RB,LV,10.3,13.600000000000001,15.5,4.5,21.644444444444446,9,baseline,12.8834
11,00-0037085,Tyler Badie,RB,KC,1.0,1.0666666666666667,1.6666666666666667,0.0,18.68888888888889,9,baseline,2.7833
11,00-0037228,Jaylen Warren,RB,CIN,8.7,12.433333333333335,16.666666666666668,2.3333333333333335,32.986666666666665,9,baseline,13.2243
11,00-0037248,James Cook,RB,TB,20.400000000000002,19.933333333333334,21.666666666666668,2.3333333333333335,23.81111111111111,9,baseline,17.5572
11,00-0037256,Rachaad White,RB,BUF,8.200000000000001,9.25,15.0,2.0,25.92222222222222,9,baseline,11.6229
11,00-0037263,Tyler Allgeier,RB,CAR,9.6,9.233333333333333,6.333333333333333,2.6666666666666665,22.15,10,baseline,7.0955
11,00-0037267,Jerome Ford,RB,BAL,0.2,0.5,2.0,0.5,25.62222222222222,9,baseline,2.8271
11,00-0037525,Jordan Mason,RB,CHI,10.5,3.4666666666666663,7.0,2.0,22.91111111111111,9,baseline,6.1185
11,00-0037594,Julius Chestnut,RB,HOU,0.0,0.25,1.0,0.0,19.611111111111114,9,baseline,2.2477
11,00-0037746,Brian Robinson,RB,ARI,2.4000000000000004,7.600000000000001,4.666666666666667,1.6666666666666667,21.944444444444443,9,baseline,5.8503
11,00-0037840,Kyren Williams,RB,SEA,16.6,19.9,21.0,4.5,19.733333333333334,9,baseline,17.2016
11,00-0038120,Breece Hall,RB,NE,8.4,26.18,22.0,5.0,17.130000000000003,10,baseline,19.1665
11,00-0038134,Kenneth Walker III,RB,LA,20.1,8.05,14.0,3.5,15.811111111111112,9,baseline,10.8253
11,00-0038542,Bijan Robinson,RB,CAR,30.299999999999997,12.066666666666668,17.666666666666668,1.6666666666666667,22.15,10,baseline,13.662
11,00-0038555,Tank Bigsby,RB,DET,3.4000000000000004,5.55,6.0,1.0,16.922222222222224,9,baseline,6.0752
11,00-0038597,Chase Brown,RB,PIT,18.7,22.35,20.0,4.0,19.544444444444444,9,baseline,17.2426
11,00-0038685,Chris Brooks,RB,NYG,0.8,1.4666666666666668,0.6666666666666666,0.0,26.77,10,baseline,2.3532
11,00-0038705,Emari Demercado,RB,SF,4.0,11.100000000000001,11.5,2.5,22.71,10,baseline,10.2211
11,00-0038797,Emanuel Wilson,RB,NYG,11.9,5.2666666666666675,8.333333333333334,2.6666666666666665,26.77,10,baseline,7.228
11,00-0038951,Sean Tucker,RB,BUF,34.0,8.15,11.5,2.0,25.92222222222222,9,baseline,9.5433
11,00-0039040,De'Von Achane,RB,WAS,21.5,25.733333333333338,25.666666666666668,4.333333333333333,23.79,10,baseline,20.9777
11,00-0039139,Jahmyr Gibbs,RB,PHI,19.6,22.0,15.5,3.5,23.288888888888888,9,baseline,14.8133
11,00-0039165,Zach Charbonnet,RB,LA,6.7,9.95,11.5,2.0,15.811111111111112,9,baseline,9.9569
11,00-0039299,George Holani,RB,LA,0.6000000000000001,5.0,5.0,1.5,15.811111111111112,9,baseline,5.4269
11,00-0039384,Tyrone Tracy Jr.,RB,GB,17.900000000000002,7.366666666666667,12.666666666666666,0.6666666666666666,18.45555555555556,9,baseline,9.9723
11,00-0039407,Dylan Laube,RB,DAL,0.0,0.0,0.0,0.0,26.366666666666667,9,baseline,1.6683
11,00-0039738,Blake Corum,RB,SEA,1.5,5.700000000000001,13.0,1.5,19.733333333333334,9,baseline,9.7634
11,00-0039796,Rasheen Ali,RB,CLE,2.5,0.0,0.0,0.0,16.78666666666667,9,baseline,1.6683
11,00-0039798,Isaiah Davis,RB,NE,1.1,9.0,8.0,2.0,17.130000000000003,10,baseline,7.9118
11,00-0039875,Ray Davis,RB,TB,0.0,0.8000000000000002,4.666666666666667,1.0,23.81111111111111,9,baseline,4.2879
11,00-0040078,Brashard Smith,RB,DEN,2.8,0.75,3.5,1.0,18.080000000000005,10,baseline,3.6675
11,00-0040122,Ashton Jeanty,RB,DAL,9.4,17.6,21.0,3.0,26.366666666666667,9,baseline,16.6732
11,00-0040142,Kaleb Johnson,RB,CIN,1.5,1.2999999999999998,2.0,0.0,32.986666666666665,9,baseline,3.0109
11,00-0040162,Dylan Sampson,RB,BAL,1.9000000000000001,4.4,6.0,1.0,25.62222222222222,9,baseline,5.811
11,00-0040198,Ollie Gordon II,RB,WAS,10.5,5.066666666666667,5.0,1.3333333333333333,23.79,10,baseline,5.4422
11,00-0040208,Tahj Brooks,RB,PIT,0.5,0.05,0.5,0.0,19.544444444444444,9,baseline,1.9408
11,00-0040236,Kyle Monangai,RB,MIN,10.700000000000001,11.333333333333334,15.333333333333334,3.6666666666666665,20.433333333333334,9,baseline,12.2756
11,00-0040238,LeQuint Allen Jr.,RB,LAC,3.6,1.85,1.5,0.0,20.19,10,baseline,2.8763
11,00-0040242,Jacory Croskey-Merritt,RB,MIA,4.300000000000001,3.5333333333333337,11.333333333333334,1.3333333333333333,24.380000000000003,10,baseline,8.3956
11,00-0040583,Woody Marks,RB,TEN,6.1000000000000005,11.300000000000002,15.0,3.0,26.044444444444444,9,baseline,12.0939
11,00-0040644,Trevor Etienne,RB,ATL,0.2,0.5333333333333333,1.3333333333333333,0.0,26.444444444444443,9,baseline,2.4868
11,00-0040719,Bhayshul Tuten,RB,LAC,13.4,5.8,8.0,4.0,20.19,10,baseline,7.1766
11,00-0040730,RJ Harvey,RB,KC,8.0,14.833333333333334,7.333333333333333,1.3333333333333333,18.68888888888889,9,baseline,8.9041
11,00-0040734,TreVeyon Henderson,RB,NYJ,32.3,16.066666666666666,15.0,3.0,21.67777777777778,9,baseline,13.1891
11,00-0036187,Reggie Gilliam,RB,TB,0.0,0.0,0.0,0.0,23.81111111111111,9,baseline,1.6683
11,00-0037157,Bam Knight,RB,SF,14.5,5.5,12.5,4.0,22.71,10,baseline,9.4564
11,00-0038738,Hunter Luepke,RB,LV,7.1,0.1,0.5,0.0,21.644444444444446,9,baseline,1.9522
11,00-0040784,Quinshon Judkins,RB,BAL,5.9,7.6,18.5,0.5,25.62222222222222,9,baseline,13.0707
11,00-0038611,Chris Rodriguez Jr.,RB,MIA,9.5,6.766666666666666,6.333333333333333,1.3333333333333333,24.380000000000003,10,baseline,6.5287
11,00-0031687,Raheem Mostert,RB,DAL,3.3000000000000003,2.45,1.5,0.0,26.366666666666667,9,baseline,3.0141
11,00-0039391,Kimani Vidal,RB,JAX,3.1999999999999997,13.5,21.333333333333332,3.3333333333333335,19.1,9,baseline,15.9051
11,00-0038454,Keaton Mitchell,RB,CLE,7.4,3.4,4.333333333333333,1.3333333333333333,16.78666666666667,9,baseline,4.7113
11,00-0039032,Tyjae Spears,RB,HOU,8.4,13.2,11.0,2.5,19.611111111111114,9,baseline,10.4426
11,00-0035594,Travis Homer,RB,MIN,-0.2,0.0,0.0,0.0,20.433333333333334,9,baseline,1.6683
11,00-0037563,Malik Davis,RB,LV,2.0,0.30000000000000004,1.5,0.0,21.644444444444446,9,baseline,2.5202
11,00-0039874,Jaylen Wright,RB,WAS,0.4,2.75,7.5,0.5,23.79,10,baseline,6.2148
11,00-0032764,Derrick Henry,RB,CLE,20.2,14.533333333333333,21.666666666666668,4.0,16.78666666666667,9,plus_defense,15.9899
11,00-0033280,Christian McCaffrey,RB,ARI,35.1,20.566666666666666,23.333333333333332,4.333333333333333,21.944444444444443,9,plus_defense,18.6068
11,00-0033293,Aaron Jones,RB,CHI,11.1,10.9,11.666666666666666,1.0,22.91111111111111,9,plus_defense,10.3558
11,00-0033854,Dare Ogunbowale,RB,TEN,1.9,1.9500000000000002,1.5,0.5,26.044444444444444,9,plus_defense,3.2033
11,00-0033923,Kareem Hunt,RB,DEN,13.200000000000001,14.85,11.5,4.5,18.080000000000005,10,plus_defense,10.8436
11,00-0033955,Jeremy McNichols,RB,MIA,4.9,5.233333333333333,4.666666666666667,0.6666666666666666,24.380000000000003,10,plus_defense,5.4976
11,00-0034791,Nick Chubb,RB,TEN,1.7000000000000002,6.166666666666667,12.0,1.6666666666666667,26.044444444444444,9,plus_defense,9.6571
11,00-0034844,Saquon Barkley,RB,DET,10.0,23.25,22.0,2.0,16.922222222222224,9,plus_defense,18.1805
11,00-0035250,Devin Singletary,RB,GB,17.7,7.066666666666667,8.0,1.6666666666666667,18.45555555555556,9,plus_defense,7.2498
11,00-0035261,Tony Pollard,RB,HOU,5.6000000000000005,7.050000000000001,12.5,2.0,19.611111111111114,9,plus_defense,9.6759
11,00-0035537,Ty Johnson,RB,TB,15.0,5.066666666666666,3.6666666666666665,0.6666666666666666,23.81111111111111,9,plus_defense,4.8976
11,00-0035685,David Montgomery,RB,PHI,4.7,10.55,15.5,3.0,23.288888888888888,9,plus_defense,12.3031
11,00-0035700,Josh Jacobs,RB,NYG,4.0,18.400000000000002,21.666666666666668,3.3333333333333335,26.77,10,plus_defense,17.5719
11,00-0036139,Rico Dowdle,RB,ATL,15.0,16.266666666666666,19.0,2.6666666666666665,26.444444444444443,9,plus_defense,15.6657
11,00-0036275,D'Andre Swift,RB,MIN,9.0,14.95,17.0,3.5,20.433333333333334,9,plus_defense,13.9017
11,00-0036555,Chuba Hubbard,RB,ATL,3.8000000000000003,4.533333333333334,7.666666666666667,2.0,26.444444444444443,9,plus_defense,7.0459
11,00-0036919,Kenny Gainwell,RB,CIN,29.5,5.1000000000000005,6.0,0.6666666666666666,32.986666666666665,9,plus_defense,6.7594
11,00-0036973,Travis Etienne,RB,LAC,19.3,16.1,23.5,7.5,20.19,10,plus_defense,17.5438
11,00-0036997,Javonte Williams,RB,LV,10.3,13.600000000000001,15.5,4.5,21.644444444444446,9,plus_defense,12.8915
11,00-0037085,Tyler Badie,RB,KC,1.0,1.0666666666666667,1.6666666666666667,0.0,18.68888888888889,9,plus_defense,2.5773
11,00-0037228,Jaylen Warren,RB,CIN,8.7,12.433333333333335,16.666666666666668,2.3333333333333335,32.986666666666665,9,plus_defense,14.0179
11,00-0037248,James Cook,RB,TB,20.400000000000002,19.933333333333334,21.666666666666668,2.3333333333333335,23.81111111111111,9,plus_defense,17.72
11,00-0037256,Rachaad White,RB,BUF,8.200000000000001,9.25,15.0,2.0,25.92222222222222,9,plus_defense,11.9251
11,00-0037263,Tyler Allgeier,RB,CAR,9.6,9.233333333333333,6.333333333333333,2.6666666666666665,22.15,10,plus_defense,7.1344
11,00-0037267,Jerome Ford,RB,BAL,0.2,0.5,2.0,0.5,25.62222222222222,9,plus_defense,3.1012
11,00-0037525,Jordan Mason,RB,CHI,10.5,3.4666666666666663,7.0,2.0,22.91111111111111,9,plus_defense,6.2074
11,00-0037594,Julius Chestnut,RB,HOU,0.0,0.25,1.0,0.0,19.611111111111114,9,plus_defense,2.105
11,00-0037746,Brian Robinson,RB,ARI,2.4000000000000004,7.600000000000001,4.666666666666667,1.6666666666666667,21.944444444444443,9,plus_defense,5.8738
11,00-0037840,Kyren Williams,RB,SEA,16.6,19.9,21.0,4.5,19.733333333333334,9,plus_defense,17.0817
11,00-0038120,Breece Hall,RB,NE,8.4,26.18,22.0,5.0,17.130000000000003,10,plus_defense,18.8695
11,00-0038134,Kenneth Walker III,RB,LA,20.1,8.05,14.0,3.5,15.811111111111112,9,plus_defense,10.4261
11,00-0038542,Bijan Robinson,RB,CAR,30.299999999999997,12.066666666666668,17.666666666666668,1.6666666666666667,22.15,10,plus_defense,13.7048
11,00-0038555,Tank Bigsby,RB,DET,3.4000000000000004,5.55,6.0,1.0,16.922222222222224,9,plus_defense,5.75
11,00-0038597,Chase Brown,RB,PIT,18.7,22.35,20.0,4.0,19.544444444444444,9,plus_defense,17.1106
11,00-0038685,Chris Brooks,RB,NYG,0.8,1.4666666666666668,0.6666666666666666,0.0,26.77,10,plus_defense,2.7071
11,00-0038705,Emari Demercado,RB,SF,4.0,11.100000000000001,11.5,2.5,22.71,10,plus_defense,10.3009
11,00-0038797,Emanuel Wilson,RB,NYG,11.9,5.2666666666666675,8.333333333333334,2.6666666666666665,26.77,10,plus_defense,7.5855
11,00-0038951,Sean Tucker,RB,BUF,34.0,8.15,11.5,2.0,25.92222222222222,9,plus_defense,9.8442
11,00-0039040,De'Von Achane,RB,WAS,21.5,25.733333333333338,25.666666666666668,4.333333333333333,23.79,10,plus_defense,21.1428
11,00-0039139,Jahmyr Gibbs,RB,PHI,19.6,22.0,15.5,3.5,23.288888888888888,9,plus_defense,14.9396
11,00-0039165,Zach Charbonnet,RB,LA,6.7,9.95,11.5,2.0,15.811111111111112,9,plus_defense,9.5582
11,00-0039299,George Holani,RB,LA,0.6000000000000001,5.0,5.0,1.5,15.811111111111112,9,plus_defense,5.0242
11,00-0039384,Tyrone Tracy Jr.,RB,GB,17.900000000000002,7.366666666666667,12.666666666666666,0.6666666666666666,18.45555555555556,9,plus_defense,9.7558
11,00-0039407,Dylan Laube,RB,DAL,0.0,0.0,0.0,0.0,26.366666666666667,9,plus_defense,1.9933
11,00-0039738,Blake Corum,RB,SEA,1.5,5.700000000000001,13.0,1.5,19.733333333333334,9,plus_defense,9.6346
11,00-0039796,Rasheen Ali,RB,CLE,2.5,0.0,0.0,0.0,16.78666666666667,9,plus_defense,1.3296
11,00-0039798,Isaiah Davis,RB,NE,1.1,9.0,8.0,2.0,17.130000000000003,10,plus_defense,7.6032
11,00-0039875,Ray Davis,RB,TB,0.0,0.8000000000000002,4.666666666666667,1.0,23.81111111111111,9,plus_defense,4.4373
11,00-0040078,Brashard Smith,RB,DEN,2.8,0.75,3.5,1.0,18.080000000000005,10,plus_defense,3.4195
11,00-0040122,Ashton Jeanty,RB,DAL,9.4,17.6,21.0,3.0,26.366666666666667,9,plus_defense,17.0117
11,00-0040142,Kaleb Johnson,RB,CIN,1.5,1.2999999999999998,2.0,0.0,32.986666666666665,9,plus_defense,3.7957
11,00-0040162,Dylan Sampson,RB,BAL,1.9000000000000001,4.4,6.0,1.0,25.62222222222222,9,plus_defense,6.088
11,00-0040198,Ollie Gordon II,RB,WAS,10.5,5.066666666666667,5.0,1.3333333333333333,23.79,10,plus_defense,5.5924
11,00-0040208,Tahj Brooks,RB,PIT,0.5,0.05,0.5,0.0,19.544444444444444,9,plus_defense,1.7933
11,00-0040236,Kyle Monangai,RB,MIN,10.700000000000001,11.333333333333334,15.333333333333334,3.6666666666666665,20.433333333333334,9,plus_defense,12.1986
11,00-0040238,LeQuint Allen Jr.,RB,LAC,3.6,1.85,1.5,0.0,20.19,10,plus_defense,2.7746
11,00-0040242,Jacory Croskey-Merritt,RB,MIA,4.300000000000001,3.5333333333333337,11.333333333333334,1.3333333333333333,24.380000000000003,10,plus_defense,8.5873
11,00-0040583,Woody Marks,RB,TEN,6.1000000000000005,11.300000000000002,15.0,3.0,26.044444444444444,9,plus_defense,12.4056
11,00-0040644,Trevor Etienne,RB,ATL,0.2,0.5333333333333333,1.3333333333333333,0.0,26.444444444444443,9,plus_defense,2.8178
11,00-0040719,Bhayshul Tuten,RB,LAC,13.4,5.8,8.0,4.0,20.19,10,plus_defense,7.0783
11,00-0040730,RJ Harvey,RB,KC,8.0,14.833333333333334,7.333333333333333,1.3333333333333333,18.68888888888889,9,plus_defense,8.7062
11,00-0040734,TreVeyon Henderson,RB,NYJ,32.3,16.066666666666666,15.0,3.0,21.67777777777778,9,plus_defense,13.2007
11,00-0036187,Reggie Gilliam,RB,TB,0.0,0.0,0.0,0.0,23.81111111111111,9,plus_defense,1.8163
11,00-0037157,Bam Knight,RB,SF,14.5,5.5,12.5,4.0,22.71,10,plus_defense,9.5337
11,00-0038738,Hunter Luepke,RB,LV,7.1,0.1,0.5,0.0,21.644444444444446,9,plus_defense,1.9503
11,00-0040784,Quinshon Judkins,RB,BAL,5.9,7.6,18.5,0.5,25.62222222222222,9,plus_defense,13.3521
11,00-0038611,Chris Rodriguez Jr.,RB,MIA,9.5,6.766666666666666,6.333333333333333,1.3333333333333333,24.380000000000003,10,plus_defense,6.7209
11,00-0031687,Raheem Mostert,RB,DAL,3.3000000000000003,2.45,1.5,0.0,26.366666666666667,9,plus_defense,3.3407
11,00-0039391,Kimani Vidal,RB,JAX,3.1999999999999997,13.5,21.333333333333332,3.3333333333333335,19.1,9,plus_defense,15.7382
11,00-0038454,Keaton Mitchell,RB,CLE,7.4,3.4,4.333333333333333,1.3333333333333333,16.78666666666667,9,plus_defense,4.3753
11,00-0039032,Tyjae Spears,RB,HOU,8.4,13.2,11.0,2.5,19.611111111111114,9,plus_defense,10.3087
11,00-0035594,Travis Homer,RB,MIN,-0.2,0.0,0.0,0.0,20.433333333333334,9,plus_defense,1.5823
11,00-0037563,Malik Davis,RB,LV,2.0,0.30000000000000004,1.5,0.0,21.644444444444446,9,plus_defense,2.5185
11,00-0039874,Jaylen Wright,RB,WAS,0.4,2.75,7.5,0.5,23.79,10,plus_defense,6.3644
11,00-0032764,Derrick Henry,RB,CLE,20.2,14.533333333333333,21.666666666666668,4.0,16.78666666666667,9,plus_redzone_defense,16.1435
11,00-0033280,Christian McCaffrey,RB,ARI,35.1,20.566666666666666,23.333333333333332,4.333333333333333,21.944444444444443,9,plus_redzone_defense,18.6796
11,00-0033293,Aaron Jones,RB,CHI,11.1,10.9,11.666666666666666,1.0,22.91111111111111,9,plus_redzone_defense,10.1029
11,00-0033854,Dare Ogunbowale,RB,TEN,1.9,1.9500000000000002,1.5,0.5,26.044444444444444,9,plus_redzone_defense,3.2503
11,00-0033923,Kareem Hunt,RB,DEN,13.200000000000001,14.85,11.5,4.5,18.080000000000005,10,plus_redzone_defense,11.3571
11,00-0033955,Jeremy McNichols,RB,MIA,4.9,5.233333333333333,4.666666666666667,0.6666666666666666,24.380000000000003,10,plus_redzone_defense,5.4444
11,00-0034791,Nick Chubb,RB,TEN,1.7000000000000002,6.166666666666667,12.0,1.6666666666666667,26.044444444444444,9,plus_redzone_defense,9.6458
11,00-0034844,Saquon Barkley,RB,DET,10.0,23.25,22.0,2.0,16.922222222222224,9,plus_redzone_defense,17.6784
11,00-0035250,Devin Singletary,RB,GB,17.7,7.066666666666667,8.0,1.6666666666666667,18.45555555555556,9,plus_redzone_defense,7.3222
11,00-0035261,Tony Pollard,RB,HOU,5.6000000000000005,7.050000000000001,12.5,2.0,19.611111111111114,9,plus_redzone_defense,9.7182
11,00-0035537,Ty Johnson,RB,TB,15.0,5.066666666666666,3.6666666666666665,0.6666666666666666,23.81111111111111,9,plus_redzone_defense,4.8723
11,00-0035685,David Montgomery,RB,PHI,4.7,10.55,15.5,3.0,23.288888888888888,9,plus_redzone_defense,12.4416
11,00-0035700,Josh Jacobs,RB,NYG,4.0,18.400000000000002,21.666666666666668,3.3333333333333335,26.77,10,plus_redzone_defense,17.4858
11,00-0036139,Rico Dowdle,RB,ATL,15.0,16.266666666666666,19.0,2.6666666666666665,26.444444444444443,9,plus_redzone_defense,15.5267
11,00-0036275,D'Andre Swift,RB,MIN,9.0,14.95,17.0,3.5,20.433333333333334,9,plus_redzone_defense,14.0392
11,00-0036555,Chuba Hubbard,RB,ATL,3.8000000000000003,4.533333333333334,7.666666666666667,2.0,26.444444444444443,9,plus_redzone_defense,7.2512
11,00-0036919,Kenny Gainwell,RB,CIN,29.5,5.1000000000000005,6.0,0.6666666666666666,32.986666666666665,9,plus_redzone_defense,6.672
11,00-0036973,Travis Etienne,RB,LAC,19.3,16.1,23.5,7.5,20.19,10,plus_redzone_defense,18.4573
11,00-0036997,Javonte Williams,RB,LV,10.3,13.600000000000001,15.5,4.5,21.644444444444446,9,plus_redzone_defense,13.3301
11,00-0037085,Tyler Badie,RB,KC,1.0,1.0666666666666667,1.6666666666666667,0.0,18.68888888888889,9,plus_redzone_defense,2.5217
11,00-0037228,Jaylen Warren,RB,CIN,8.7,12.433333333333335,16.666666666666668,2.3333333333333335,32.986666666666665,9,plus_redzone_defense,13.927
11,00-0037248,James Cook,RB,TB,20.400000000000002,19.933333333333334,21.666666666666668,2.3333333333333335,23.81111111111111,9,plus_redzone_defense,17.3666
11,00-0037256,Rachaad White,RB,BUF,8.200000000000001,9.25,15.0,2.0,25.92222222222222,9,plus_redzone_defense,11.8607
11,00-0037263,Tyler Allgeier,RB,CAR,9.6,9.233333333333333,6.333333333333333,2.6666666666666665,22.15,10,plus_redzone_defense,7.4423
11,00-0037267,Jerome Ford,RB,BAL,0.2,0.5,2.0,0.5,25.62222222222222,9,plus_redzone_defense,3.1645
11,00-0037525,Jordan Mason,RB,CHI,10.5,3.4666666666666663,7.0,2.0,22.91111111111111,9,plus_redzone_defense,6.4514
11,00-0037594,Julius Chestnut,RB,HOU,0.0,0.25,1.0,0.0,19.611111111111114,9,plus_redzone_defense,2.081
11,00-0037746,Brian Robinson,RB,ARI,2.4000000000000004,7.600000000000001,4.666666666666667,1.6666666666666667,21.944444444444443,9,plus_redzone_defense,6.015
11,00-0037840,Kyren Williams,RB,SEA,16.6,19.9,21.0,4.5,19.733333333333334,9,plus_redzone_defense,17.2652
11,00-0038120,Breece Hall,RB,NE,8.4,26.18,22.0,5.0,17.130000000000003,10,plus_redzone_defense,19.0275
11,00-0038134,Kenneth Walker III,RB,LA,20.1,8.05,14.0,3.5,15.811111111111112,9,plus_redzone_defense,10.7731
11,00-0038542,Bijan Robinson,RB,CAR,30.299999999999997,12.066666666666668,17.666666666666668,1.6666666666666667,22.15,10,plus_redzone_defense,13.4431
11,00-0038555,Tank Bigsby,RB,DET,3.4000000000000004,5.55,6.0,1.0,16.922222222222224,9,plus_redzone_defense,5.7419
11,00-0038597,Chase Brown,RB,PIT,18.7,22.35,20.0,4.0,19.544444444444444,9,plus_redzone_defense,17.1513
11,00-0038685,Chris Brooks,RB,NYG,0.8,1.4666666666666668,0.6666666666666666,0.0,26.77,10,plus_redzone_defense,2.6639
11,00-0038705,Emari Demercado,RB,SF,4.0,11.100000000000001,11.5,2.5,22.71,10,plus_redzone_defense,10.4068
11,00-0038797,Emanuel Wilson,RB,NYG,11.9,5.2666666666666675,8.333333333333334,2.6666666666666665,26.77,10,plus_redzone_defense,7.9194
11,00-0038951,Sean Tucker,RB,BUF,34.0,8.15,11.5,2.0,25.92222222222222,9,plus_redzone_defense,9.8862
11,00-0039040,De'Von Achane,RB,WAS,21.5,25.733333333333338,25.666666666666668,4.333333333333333,23.79,10,plus_redzone_defense,21.0575
11,00-0039139,Jahmyr Gibbs,RB,PHI,19.6,22.0,15.5,3.5,23.288888888888888,9,plus_redzone_defense,14.9751
11,00-0039165,Zach Charbonnet,RB,LA,6.7,9.95,11.5,2.0,15.811111111111112,9,plus_redzone_defense,9.5704
11,00-0039299,George Holani,RB,LA,0.6000000000000001,5.0,5.0,1.5,15.811111111111112,9,plus_redzone_defense,5.1712
11,00-0039384,Tyrone Tracy Jr.,RB,GB,17.900000000000002,7.366666666666667,12.666666666666666,0.6666666666666666,18.45555555555556,9,plus_redzone_defense,9.4698
11,00-0039407,Dylan Laube,RB,DAL,0.0,0.0,0.0,0.0,26.366666666666667,9,plus_redzone_defense,1.995
11,00-0039738,Blake Corum,RB,SEA,1.5,5.700000000000001,13.0,1.5,19.733333333333334,9,plus_redzone_defense,9.5714
11,00-0039796,Rasheen Ali,RB,CLE,2.5,0.0,0.0,0.0,16.78666666666667,9,plus_redzone_defense,1.3362
11,00-0039798,Isaiah Davis,RB,NE,1.1,9.0,8.0,2.0,17.130000000000003,10,plus_redzone_defense,7.7183
11,00-0039875,Ray Davis,RB,TB,0.0,0.8000000000000002,4.666666666666667,1.0,23.81111111111111,9,plus_redzone_defense,4.5504
11,00-0040078,Brashard Smith,RB,DEN,2.8,0.75,3.5,1.0,18.080000000000005,10,plus_redzone_defense,3.5649
11,00-0040122,Ashton Jeanty,RB,DAL,9.4,17.6,21.0,3.0,26.366666666666667,9,plus_redzone_defense,16.8779
11,00-0040142,Kaleb Johnson,RB,CIN,1.5,1.2999999999999998,2.0,0.0,32.986666666666665,9,plus_redzone_defense,3.72
11,00-0040162,Dylan Sampson,RB,BAL,1.9000000000000001,4.4,6.0,1.0,25.62222222222222,9,plus_redzone_defense,6.0977
11,00-0040198,Ollie Gordon II,RB,WAS,10.5,5.066666666666667,5.0,1.3333333333333333,23.79,10,plus_redzone_defense,5.6941
11,00-0040208,Tahj Brooks,RB,PIT,0.5,0.05,0.5,0.0,19.544444444444444,9,plus_redzone_defense,1.7854
11,00-0040236,Kyle Monangai,RB,MIN,10.700000000000001,11.333333333333334,15.333333333333334,3.6666666666666665,20.433333333333334,9,plus_redzone_defense,12.4868
11,00-0040238,LeQuint Allen Jr.,RB,LAC,3.6,1.85,1.5,0.0,20.19,10,plus_redzone_defense,2.7071
11,00-0040242,Jacory Croskey-Merritt,RB,MIA,4.300000000000001,3.5333333333333337,11.333333333333334,1.3333333333333333,24.380000000000003,10,plus_redzone_defense,8.5645
11,00-0040583,Woody Marks,RB,TEN,6.1000000000000005,11.300000000000002,15.0,3.0,26.044444444444444,9,plus_redzone_defense,12.5403
11,00-0040644,Trevor Etienne,RB,ATL,0.2,0.5333333333333333,1.3333333333333333,0.0,26.444444444444443,9,plus_redzone_defense,2.7766
11,00-0040719,Bhayshul Tuten,RB,LAC,13.4,5.8,8.0,4.0,20.19,10,plus_redzone_defense,7.7322
11,00-0040730,RJ Harvey,RB,KC,8.0,14.833333333333334,7.333333333333333,1.3333333333333333,18.68888888888889,9,plus_redzone_defense,8.564
11,00-0040734,TreVeyon Henderson,RB,NYJ,32.3,16.066666666666666,15.0,3.0,21.67777777777778,9,plus_redzone_defense,13.245
11,00-0036187,Reggie Gilliam,RB,TB,0.0,0.0,0.0,0.0,23.81111111111111,9,plus_redzone_defense,1.8193
11,00-0037157,Bam Knight,RB,SF,14.5,5.5,12.5,4.0,22.71,10,plus_redzone_defense,10.0826
11,00-0038738,Hunter Luepke,RB,LV,7.1,0.1,0.5,0.0,21.644444444444446,9,plus_redzone_defense,1.9403
11,00-0040784,Quinshon Judkins,RB,BAL,5.9,7.6,18.5,0.5,25.62222222222222,9,plus_redzone_defense,12.8762
11,00-0038611,Chris Rodriguez Jr.,RB,MIA,9.5,6.766666666666666,6.333333333333333,1.3333333333333333,24.380000000000003,10,plus_redzone_defense,6.7569
11,00-0031687,Raheem Mostert,RB,DAL,3.3000000000000003,2.45,1.5,0.0,26.366666666666667,9,plus_redzone_defense,3.2583
11,00-0039391,Kimani Vidal,RB,JAX,3.1999999999999997,13.5,21.333333333333332,3.3333333333333335,19.1,9,plus_redzone_defense,15.7594
11,00-0038454,Keaton Mitchell,RB,CLE,7.4,3.4,4.333333333333333,1.3333333333333333,16.78666666666667,9,plus_redzone_defense,4.5292
11,00-0039032,Tyjae Spears,RB,HOU,8.4,13.2,11.0,2.5,19.611111111111114,9,plus_redzone_defense,10.3875
11,00-0035594,Travis Homer,RB,MIN,-0.2,0.0,0.0,0.0,20.433333333333334,9,plus_redzone_defense,1.587
11,00-0037563,Malik Davis,RB,LV,2.0,0.30000000000000004,1.5,0.0,21.644444444444446,9,plus_redzone_defense,2.4803
11,00-0039874,Jaylen Wright,RB,WAS,0.4,2.75,7.5,0.5,23.79,10,plus_redzone_defense,6.2511
12,00-0032764,Derrick Henry,RB,NYJ,22.799999999999997,14.9,21.0,3.3333333333333335,22.800000000000004,10,baseline,15.9436
12,00-0033280,Christian McCaffrey,RB,CAR,27.2,29.0,25.0,5.333333333333333,23.763636363636362,11,baseline,21.4192
12,00-0033293,Aaron Jones,RB,GB,8.700000000000001,12.933333333333332,16.0,1.3333333333333333,20.17,10,baseline,12.9582
12,00-0033854,Dare Ogunbowale,RB,BUF,0.0,1.5499999999999998,1.0,0.0,27.55,10,baseline,2.6504
12,00-0033906,Alvin Kamara,RB,ATL,3.5,8.6,17.0,1.0,25.7,10,baseline,12.3904
12,00-0033923,Kareem Hunt,RB,IND,22.0,12.850000000000001,14.0,4.0,20.15,10,baseline,11.9373
12,00-0034791,Nick Chubb,RB,BUF,2.5,3.766666666666667,7.333333333333333,1.3333333333333333,27.55,10,baseline,6.3644
12,00-0034844,Saquon Barkley,RB,DAL,14.399999999999999,11.55,26.5,1.5,25.0,10,baseline,17.8689
12,00-0034975,Justice Hill,RB,NYJ,0.0,5.9,3.0,0.5,22.800000000000004,10,baseline,4.7228
12,00-0035250,Devin Singletary,RB,DET,4.7,11.699999999999998,12.666666666666666,5.0,16.57,10,baseline,10.987
12,00-0035261,Tony Pollard,RB,SEA,8.1,6.700000000000001,12.5,1.5,19.57,10,baseline,9.6714
12,00-0035537,Ty Johnson,RB,HOU,8.2,9.866666666666667,3.3333333333333335,1.0,19.050000000000004,10,baseline,5.8671
12,00-0035685,David Montgomery,RB,NYG,6.7,8.6,12.666666666666666,2.0,25.854545454545452,11,baseline,10.223
12,00-0036139,Rico Dowdle,RB,SF,11.4,19.46666666666667,25.0,5.666666666666667,23.03636363636364,11,baseline,19.0697
12,00-0036223,Jonathan Taylor,RB,KC,8.600000000000001,28.650000000000006,25.5,5.5,18.560000000000002,10,baseline,21.583
12,00-0036275,D'Andre Swift,RB,PIT,3.9000000000000004,11.9,21.5,2.5,19.53,10,baseline,15.4544
12,00-0036555,Chuba Hubbard,RB,SF,8.3,2.6666666666666674,5.666666666666667,2.0,23.03636363636364,11,baseline,5.2597
12,00-0036842,Kene Nwangwu,RB,BAL,0.0,0.0,0.0,0.0,23.86,10,baseline,1.7683
12,00-0036919,Kenny Gainwell,RB,CHI,18.200000000000003,13.1,9.333333333333334,2.6666666666666665,22.78,10,baseline,9.6649
12,00-0036973,Travis Etienne,RB,ARI,20.6,17.166666666666668,22.666666666666668,8.0,23.5,10,baseline,17.3358
12,00-0036997,Javonte Williams,RB,PHI,12.100000000000001,9.8,19.5,4.5,23.39,10,baseline,13.9365
12,00-0037228,Jaylen Warren,RB,CHI,12.8,12.233333333333334,15.333333333333334,2.0,22.78,10,baseline,12.4522
12,00-0037248,James Cook,RB,HOU,21.900000000000002,15.533333333333337,21.666666666666668,2.3333333333333335,19.050000000000004,10,baseline,16.4332
12,00-0037256,Rachaad White,RB,LA,5.200000000000001,9.3,14.0,1.5,16.970000000000002,10,baseline,11.0624
12,00-0037263,Tyler Allgeier,RB,NO,5.9,9.299999999999999,6.0,2.3333333333333335,22.339999999999996,10,baseline,7.0612
12,00-0037267,Jerome Ford,RB,LV,-0.30000000000000004,0.15000000000000002,1.5,0.5,21.42,10,baseline,2.5555
12,00-0037525,Jordan Mason,RB,GB,4.2,6.433333333333333,7.333333333333333,2.3333333333333335,20.17,10,baseline,7.0216
12,00-0037594,Julius Chestnut,RB,SEA,0.30000000000000004,0.0,0.0,0.0,19.57,10,baseline,1.7683
12,00-0037746,Brian Robinson,RB,CAR,5.4,8.4,7.666666666666667,2.0,23.763636363636362,11,baseline,7.673
12,00-0037840,Kyren Williams,RB,TB,5.800000000000001,18.8,18.666666666666668,5.0,24.97,10,baseline,15.7377
12,00-0038120,Breece Hall,RB,BAL,15.9,13.95,19.0,2.0,23.86,10,baseline,14.7092
12,00-0038134,Kenneth Walker III,RB,TEN,13.100000000000001,12.066666666666668,15.666666666666666,2.6666666666666665,24.41,10,baseline,12.5779
12,00-0038488,Brady Russell,RB,TEN,0.0,0.0,0.0,0.0,24.41,10,baseline,1.7683
12,00-0038542,Bijan Robinson,RB,NO,12.7,19.566666666666666,23.0,2.6666666666666665,22.339999999999996,10,baseline,18.094
12,00-0038555,Tank Bigsby,RB,DAL,0.8,2.0500000000000003,3.5,0.5,25.0,10,baseline,4.024
12,00-0038597,Chase Brown,RB,NE,15.000000000000002,18.95,25.5,2.0,16.436363636363637,11,baseline,19.1925
12,00-0038685,Chris Brooks,RB,MIN,3.6,1.7333333333333334,1.0,0.0,20.34,10,baseline,2.6956
12,00-0038797,Emanuel Wilson,RB,MIN,26.500000000000004,5.333333333333333,7.333333333333333,2.3333333333333335,20.34,10,baseline,6.7505
12,00-0038896,Jacob Saylors,RB,NYG,0.0,0.0,0.0,0.0,25.854545454545452,11,baseline,1.7683
12,00-0038951,Sean Tucker,RB,LA,5.6000000000000005,20.05,16.0,2.0,16.970000000000002,10,baseline,14.712
12,00-0039139,Jahmyr Gibbs,RB,NYG,55.400000000000006,21.2,17.0,3.3333333333333335,25.854545454545452,11,baseline,15.4956
12,00-0039165,Zach Charbonnet,RB,TEN,9.5,8.866666666666665,12.0,2.3333333333333335,24.41,10,baseline,9.9553
12,00-0039384,Tyrone Tracy Jr.,RB,DET,16.0,10.9,16.0,0.6666666666666666,16.57,10,baseline,12.4571
12,00-0039407,Dylan Laube,RB,CLE,0.0,0.0,0.0,0.0,18.118000000000002,10,baseline,1.7683
12,00-0039738,Blake Corum,RB,TB,2.4000000000000004,4.300000000000001,12.0,2.0,24.97,10,baseline,8.8299
12,00-0039798,Isaiah Davis,RB,BAL,0.7000000000000001,1.6,3.5,0.5,23.86,10,baseline,3.9131
12,00-0039875,Ray Davis,RB,HOU,0.0,0.26666666666666666,1.3333333333333333,0.3333333333333333,19.050000000000004,10,baseline,2.5009
12,00-0040078,Brashard Smith,RB,IND,6.6,1.75,3.5,1.5,20.15,10,baseline,3.9501
12,00-0040122,Ashton Jeanty,RB,CLE,24.8,14.866666666666667,18.666666666666668,2.6666666666666665,18.118000000000002,10,baseline,14.7684
12,00-0040162,Dylan Sampson,RB,LV,16.200000000000003,1.4000000000000001,2.5,0.0,21.42,10,baseline,3.3637
12,00-0040202,Devin Neal,RB,ATL,11.1,4.15,5.5,1.0,25.7,10,baseline,5.5419
12,00-0040208,Tahj Brooks,RB,NE,0.5,0.3,1.0,0.0,16.436363636363637,11,baseline,2.3423
12,00-0040236,Kyle Monangai,RB,PIT,10.8,14.100000000000001,17.333333333333332,4.0,19.53,10,baseline,13.9126
12,00-0040238,LeQuint Allen Jr.,RB,ARI,0.2,2.4333333333333336,3.6666666666666665,0.6666666666666666,23.5,10,baseline,4.2019
12,00-0040583,Woody Marks,RB,BUF,7.9,8.3,16.333333333333332,3.0,27.55,10,baseline,11.983
12,00-0040644,Trevor Etienne,RB,SF,0.0,0.06666666666666667,0.3333333333333333,0.0,23.03636363636364,11,baseline,1.9514
12,00-0040719,Bhayshul Tuten,RB,ARI,1.7000000000000002,8.333333333333334,10.333333333333334,4.0,23.5,10,baseline,8.9903
12,00-0040734,TreVeyon Henderson,RB,CIN,11.100000000000001,24.333333333333332,19.666666666666668,4.666666666666667,33.658,10,baseline,17.6016
12,00-0036187,Reggie Gilliam,RB,HOU,1.2,0.0,0.0,0.5,19.050000000000004,10,baseline,1.7683
12,00-0037157,Bam Knight,RB,JAX,13.2,8.5,11.333333333333334,3.6666666666666665,17.68,10,baseline,9.5315
12,00-0038738,Hunter Luepke,RB,PHI,1.7000000000000002,3.55,2.0,0.5,23.39,10,baseline,3.6435
12,00-0040784,Quinshon Judkins,RB,LV,16.7,8.2,22.0,2.5,21.42,10,baseline,14.7926
12,00-0037120,Tyler Goodson,RB,KC,0.0,1.1,1.5,0.5,18.560000000000002,10,baseline,2.7896
12,00-0031687,Raheem Mostert,RB,CLE,5.0,2.733333333333334,2.3333333333333335,0.0,18.118000000000002,10,baseline,3.6089
12,00-0036924,Michael Carter,RB,JAX,8.8,4.1,6.0,2.0,17.68,10,baseline,5.7796
12,00-0032104,Ameer Abdullah,RB,KC,0.0,1.65,1.5,0.0,18.560000000000002,10,baseline,2.9251
12,00-0038454,Keaton Mitchell,RB,NYJ,2.9,4.433333333333334,6.0,1.6666666666666667,22.800000000000004,10,baseline,5.8618
12,00-0039032,Tyjae Spears,RB,SEA,6.5,8.8,9.5,0.5,19.57,10,baseline,8.6885
12,00-0037563,Malik Davis,RB,PHI,2.4000000000000004,1.15,2.5,0.5,23.39,10,baseline,3.3021
12,00-0039757,Terrell Jennings,RB,CIN,0.0,5.95,8.0,1.5,33.658,10,baseline,7.2359
12,00-0032764,Derrick Henry,RB,NYJ,22.799999999999997,14.9,21.0,3.3333333333333335,22.800000000000004,10,plus_defense,16.0365
12,00-0033280,Christian McCaffrey,RB,CAR,27.2,29.0,25.0,5.333333333333333,23.763636363636362,11,plus_defense,21.616
12,00-0033293,Aaron Jones,RB,GB,8.700000000000001,12.933333333333332,16.0,1.3333333333333333,20.17,10,plus_defense,12.8447
12,00-0033854,Dare Ogunbowale,RB,BUF,0.0,1.5499999999999998,1.0,0.0,27.55,10,plus_defense,3.1033
12,00-0033906,Alvin Kamara,RB,ATL,3.5,8.6,17.0,1.0,25.7,10,plus_defense,12.7
12,00-0033923,Kareem Hunt,RB,IND,22.0,12.850000000000001,14.0,4.0,20.15,10,plus_defense,11.8239
12,00-0034791,Nick Chubb,RB,BUF,2.5,3.766666666666667,7.333333333333333,1.3333333333333333,27.55,10,plus_defense,6.8167
12,00-0034844,Saquon Barkley,RB,DAL,14.399999999999999,11.55,26.5,1.5,25.0,10,plus_defense,18.122
12,00-0034975,Justice Hill,RB,NYJ,0.0,5.9,3.0,0.5,22.800000000000004,10,plus_defense,4.8111
12,00-0035250,Devin Singletary,RB,DET,4.7,11.699999999999998,12.666666666666666,5.0,16.57,10,plus_defense,10.5914
12,00-0035261,Tony Pollard,RB,SEA,8.1,6.700000000000001,12.5,1.5,19.57,10,plus_defense,9.4999
12,00-0035537,Ty Johnson,RB,HOU,8.2,9.866666666666667,3.3333333333333335,1.0,19.050000000000004,10,plus_defense,5.67
12,00-0035685,David Montgomery,RB,NYG,6.7,8.6,12.666666666666666,2.0,25.854545454545452,11,plus_defense,10.5486
12,00-0036139,Rico Dowdle,RB,SF,11.4,19.46666666666667,25.0,5.666666666666667,23.03636363636364,11,plus_defense,19.188
12,00-0036223,Jonathan Taylor,RB,KC,8.600000000000001,28.650000000000006,25.5,5.5,18.560000000000002,10,plus_defense,21.3705
12,00-0036275,D'Andre Swift,RB,PIT,3.9000000000000004,11.9,21.5,2.5,19.53,10,plus_defense,15.2836
12,00-0036555,Chuba Hubbard,RB,SF,8.3,2.6666666666666674,5.666666666666667,2.0,23.03636363636364,11,plus_defense,5.3569
12,00-0036842,Kene Nwangwu,RB,BAL,0.0,0.0,0.0,0.0,23.86,10,plus_defense,1.9291
12,00-0036919,Kenny Gainwell,RB,CHI,18.200000000000003,13.1,9.333333333333334,2.6666666666666665,22.78,10,plus_defense,9.7624
12,00-0036973,Travis Etienne,RB,ARI,20.6,17.166666666666668,22.666666666666668,8.0,23.5,10,plus_defense,17.4873
12,00-0036997,Javonte Williams,RB,PHI,12.100000000000001,9.8,19.5,4.5,23.39,10,plus_defense,14.0655
12,00-0037228,Jaylen Warren,RB,CHI,12.8,12.233333333333334,15.333333333333334,2.0,22.78,10,plus_defense,12.5425
12,00-0037248,James Cook,RB,HOU,21.900000000000002,15.533333333333337,21.666666666666668,2.3333333333333335,19.050000000000004,10,plus_defense,16.2328
12,00-0037256,Rachaad White,RB,LA,5.200000000000001,9.3,14.0,1.5,16.970000000000002,10,plus_defense,10.6915
12,00-0037263,Tyler Allgeier,RB,NO,5.9,9.299999999999999,6.0,2.3333333333333335,22.339999999999996,10,plus_defense,7.1185
12,00-0037267,Jerome Ford,RB,LV,-0.30000000000000004,0.15000000000000002,1.5,0.5,21.42,10,plus_defense,2.5239
12,00-0037525,Jordan Mason,RB,GB,4.2,6.433333333333333,7.333333333333333,2.3333333333333335,20.17,10,plus_defense,6.901
12,00-0037594,Julius Chestnut,RB,SEA,0.30000000000000004,0.0,0.0,0.0,19.57,10,plus_defense,1.5926
12,00-0037746,Brian Robinson,RB,CAR,5.4,8.4,7.666666666666667,2.0,23.763636363636362,11,plus_defense,7.8385
12,00-0037840,Kyren Williams,RB,TB,5.800000000000001,18.8,18.666666666666668,5.0,24.97,10,plus_defense,16.0117
12,00-0038120,Breece Hall,RB,BAL,15.9,13.95,19.0,2.0,23.86,10,plus_defense,14.8849
12,00-0038134,Kenneth Walker III,RB,TEN,13.100000000000001,12.066666666666668,15.666666666666666,2.6666666666666665,24.41,10,plus_defense,12.7953
12,00-0038488,Brady Russell,RB,TEN,0.0,0.0,0.0,0.0,24.41,10,plus_defense,1.9722
12,00-0038542,Bijan Robinson,RB,NO,12.7,19.566666666666666,23.0,2.6666666666666665,22.339999999999996,10,plus_defense,18.1597
12,00-0038555,Tank Bigsby,RB,DAL,0.8,2.0500000000000003,3.5,0.5,25.0,10,plus_defense,4.2758
12,00-0038597,Chase Brown,RB,NE,15.000000000000002,18.95,25.5,2.0,16.436363636363637,11,plus_defense,18.7914
12,00-0038685,Chris Brooks,RB,MIN,3.6,1.7333333333333334,1.0,0.0,20.34,10,plus_defense,2.5833
12,00-0038797,Emanuel Wilson,RB,MIN,26.500000000000004,5.333333333333333,7.333333333333333,2.3333333333333335,20.34,10,plus_defense,6.6408
12,00-0038896,Jacob Saylors,RB,NYG,0.0,0.0,0.0,0.0,25.854545454545452,11,plus_defense,2.0855
12,00-0038951,Sean Tucker,RB,LA,5.6000000000000005,20.05,16.0,2.0,16.970000000000002,10,plus_defense,14.3637
12,00-0039139,Jahmyr Gibbs,RB,NYG,55.400000000000006,21.2,17.0,3.3333333333333335,25.854545454545452,11,plus_defense,15.8459
12,00-0039165,Zach Charbonnet,RB,TEN,9.5,8.866666666666665,12.0,2.3333333333333335,24.41,10,plus_defense,10.1688
12,00-0039384,Tyrone Tracy Jr.,RB,DET,16.0,10.9,16.0,0.6666666666666666,16.57,10,plus_defense,12.0567
12,00-0039407,Dylan Laube,RB,CLE,0.0,0.0,0.0,0.0,18.118000000000002,10,plus_defense,1.4787
12,00-0039738,Blake Corum,RB,TB,2.4000000000000004,4.300000000000001,12.0,2.0,24.97,10,plus_defense,9.0769
12,00-0039798,Isaiah Davis,RB,BAL,0.7000000000000001,1.6,3.5,0.5,23.86,10,plus_defense,4.0745
12,00-0039875,Ray Davis,RB,HOU,0.0,0.26666666666666666,1.3333333333333333,0.3333333333333333,19.050000000000004,10,plus_defense,2.2838
12,00-0040078,Brashard Smith,RB,IND,6.6,1.75,3.5,1.5,20.15,10,plus_defense,3.8208
12,00-0040122,Ashton Jeanty,RB,CLE,24.8,14.866666666666667,18.666666666666668,2.6666666666666665,18.118000000000002,10,plus_defense,14.496
12,00-0040162,Dylan Sampson,RB,LV,16.200000000000003,1.4000000000000001,2.5,0.0,21.42,10,plus_defense,3.3341
12,00-0040202,Devin Neal,RB,ATL,11.1,4.15,5.5,1.0,25.7,10,plus_defense,5.8516
12,00-0040208,Tahj Brooks,RB,NE,0.5,0.3,1.0,0.0,16.436363636363637,11,plus_defense,1.9207
12,00-0040236,Kyle Monangai,RB,PIT,10.8,14.100000000000001,17.333333333333332,4.0,19.53,10,plus_defense,13.7504
12,00-0040238,LeQuint Allen Jr.,RB,ARI,0.2,2.4333333333333336,3.6666666666666665,0.6666666666666666,23.5,10,plus_defense,4.3367
12,00-0040583,Woody Marks,RB,BUF,7.9,8.3,16.333333333333332,3.0,27.55,10,plus_defense,12.4377
12,00-0040644,Trevor Etienne,RB,SF,0.0,0.06666666666666667,0.3333333333333333,0.0,23.03636363636364,11,plus_defense,2.0475
12,00-0040719,Bhayshul Tuten,RB,ARI,1.7000000000000002,8.333333333333334,10.333333333333334,4.0,23.5,10,plus_defense,9.1326
12,00-0040734,TreVeyon Henderson,RB,CIN,11.100000000000001,24.333333333333332,19.666666666666668,4.666666666666667,33.658,10,plus_defense,18.5686
12,00-0036187,Reggie Gilliam,RB,HOU,1.2,0.0,0.0,0.5,19.050000000000004,10,plus_defense,1.5518
12,00-0037157,Bam Knight,RB,JAX,13.2,8.5,11.333333333333334,3.6666666666666665,17.68,10,plus_defense,9.2169
12,00-0038738,Hunter Luepke,RB,PHI,1.7000000000000002,3.55,2.0,0.5,23.39,10,plus_defense,3.7737
12,00-0040784,Quinshon Judkins,RB,LV,16.7,8.2,22.0,2.5,21.42,10,plus_defense,14.7612
12,00-0037120,Tyler Goodson,RB,KC,0.0,1.1,1.5,0.5,18.560000000000002,10,plus_defense,2.5358
12,00-0031687,Raheem Mostert,RB,CLE,5.0,2.733333333333334,2.3333333333333335,0.0,18.118000000000002,10,plus_defense,3.3235
12,00-0036924,Michael Carter,RB,JAX,8.8,4.1,6.0,2.0,17.68,10,plus_defense,5.4597
12,00-0032104,Ameer Abdullah,RB,KC,0.0,1.65,1.5,0.0,18.560000000000002,10,plus_defense,2.6726
12,00-0038454,Keaton Mitchell,RB,NYJ,2.9,4.433333333333334,6.0,1.6666666666666667,22.800000000000004,10,plus_defense,5.9442
12,00-0039032,Tyjae Spears,RB,SEA,6.5,8.8,9.5,0.5,19.57,10,plus_defense,8.5244
12,00-0037563,Malik Davis,RB,PHI,2.4000000000000004,1.15,2.5,0.5,23.39,10,plus_defense,3.4264
12,00-0039757,Terrell Jennings,RB,CIN,0.0,5.95,8.0,1.5,33.658,10,plus_defense,8.1716
12,00-0032764,Derrick Henry,RB,NYJ,22.799999999999997,14.9,21.0,3.3333333333333335,22.800000000000004,10,plus_redzone_defense,16.0276
12,00-0033280,Christian McCaffrey,RB,CAR,27.2,29.0,25.0,5.333333333333333,23.763636363636362,11,plus_redzone_defense,21.7586
12,00-0033293,Aaron Jones,RB,GB,8.700000000000001,12.933333333333332,16.0,1.3333333333333333,20.17,10,plus_redzone_defense,12.4011
12,00-0033854,Dare Ogunbowale,RB,BUF,0.0,1.5499999999999998,1.0,0.0,27.55,10,plus_redzone_defense,3.0314
12,00-0033906,Alvin Kamara,RB,ATL,3.5,8.6,17.0,1.0,25.7,10,plus_redzone_defense,12.2311
12,00-0033923,Kareem Hunt,RB,IND,22.0,12.850000000000001,14.0,4.0,20.15,10,plus_redzone_defense,12.3189
12,00-0034791,Nick Chubb,RB,BUF,2.5,3.766666666666667,7.333333333333333,1.3333333333333333,27.55,10,plus_redzone_defense,6.9087
12,00-0034844,Saquon Barkley,RB,DAL,14.399999999999999,11.55,26.5,1.5,25.0,10,plus_redzone_defense,17.4192
12,00-0034975,Justice Hill,RB,NYJ,0.0,5.9,3.0,0.5,22.800000000000004,10,plus_redzone_defense,4.7181
12,00-0035250,Devin Singletary,RB,DET,4.7,11.699999999999998,12.666666666666666,5.0,16.57,10,plus_redzone_defense,11.4842
12,00-0035261,Tony Pollard,RB,SEA,8.1,6.700000000000001,12.5,1.5,19.57,10,plus_redzone_defense,9.3899
12,00-0035537,Ty Johnson,RB,HOU,8.2,9.866666666666667,3.3333333333333335,1.0,19.050000000000004,10,plus_redzone_defense,5.6226
12,00-0035685,David Montgomery,RB,NYG,6.7,8.6,12.666666666666666,2.0,25.854545454545452,11,plus_redzone_defense,10.5515
12,00-0036139,Rico Dowdle,RB,SF,11.4,19.46666666666667,25.0,5.666666666666667,23.03636363636364,11,plus_redzone_defense,19.6865
12,00-0036223,Jonathan Taylor,RB,KC,8.600000000000001,28.650000000000006,25.5,5.5,18.560000000000002,10,plus_redzone_defense,21.5555
12,00-0036275,D'Andre Swift,RB,PIT,3.9000000000000004,11.9,21.5,2.5,19.53,10,plus_redzone_defense,15.0616
12,00-0036555,Chuba Hubbard,RB,SF,8.3,2.6666666666666674,5.666666666666667,2.0,23.03636363636364,11,plus_redzone_defense,5.7474
12,00-0036842,Kene Nwangwu,RB,BAL,0.0,0.0,0.0,0.0,23.86,10,plus_redzone_defense,1.9282
12,00-0036919,Kenny Gainwell,RB,CHI,18.200000000000003,13.1,9.333333333333334,2.6666666666666665,22.78,10,plus_redzone_defense,9.9753
12,00-0036973,Travis Etienne,RB,ARI,20.6,17.166666666666668,22.666666666666668,8.0,23.5,10,plus_redzone_defense,18.885
12,00-0036997,Javonte Williams,RB,PHI,12.100000000000001,9.8,19.5,4.5,23.39,10,plus_redzone_defense,14.6203
12,00-0037228,Jaylen Warren,RB,CHI,12.8,12.233333333333334,15.333333333333334,2.0,22.78,10,plus_redzone_defense,12.3588
12,00-0037248,James Cook,RB,HOU,21.900000000000002,15.533333333333337,21.666666666666668,2.3333333333333335,19.050000000000004,10,plus_redzone_defense,15.856
12,00-0037256,Rachaad White,RB,LA,5.200000000000001,9.3,14.0,1.5,16.970000000000002,10,plus_redzone_defense,10.4614
12,00-0037263,Tyler Allgeier,RB,NO,5.9,9.299999999999999,6.0,2.3333333333333335,22.339999999999996,10,plus_redzone_defense,7.4334
12,00-0037267,Jerome Ford,RB,LV,-0.30000000000000004,0.15000000000000002,1.5,0.5,21.42,10,plus_redzone_defense,2.6297
12,00-0037525,Jordan Mason,RB,GB,4.2,6.433333333333333,7.333333333333333,2.3333333333333335,20.17,10,plus_redzone_defense,7.2439
12,00-0037594,Julius Chestnut,RB,SEA,0.30000000000000004,0.0,0.0,0.0,19.57,10,plus_redzone_defense,1.5883
12,00-0037746,Brian Robinson,RB,CAR,5.4,8.4,7.666666666666667,2.0,23.763636363636362,11,plus_redzone_defense,8.0131
12,00-0037840,Kyren Williams,RB,TB,5.800000000000001,18.8,18.666666666666668,5.0,24.97,10,plus_redzone_defense,16.5248
12,00-0038120,Breece Hall,RB,BAL,15.9,13.95,19.0,2.0,23.86,10,plus_redzone_defense,14.5341
12,00-0038134,Kenneth Walker III,RB,TEN,13.100000000000001,12.066666666666668,15.666666666666666,2.6666666666666665,24.41,10,plus_redzone_defense,12.8234
12,00-0038488,Brady Russell,RB,TEN,0.0,0.0,0.0,0.0,24.41,10,plus_redzone_defense,1.9718
12,00-0038542,Bijan Robinson,RB,NO,12.7,19.566666666666666,23.0,2.6666666666666665,22.339999999999996,10,plus_redzone_defense,17.7444
12,00-0038555,Tank Bigsby,RB,DAL,0.8,2.0500000000000003,3.5,0.5,25.0,10,plus_redzone_defense,4.2678
12,00-0038597,Chase Brown,RB,NE,15.000000000000002,18.95,25.5,2.0,16.436363636363637,11,plus_redzone_defense,18.0862
12,00-0038685,Chris Brooks,RB,MIN,3.6,1.7333333333333334,1.0,0.0,20.34,10,plus_redzone_defense,2.501
12,00-0038797,Emanuel Wilson,RB,MIN,26.500000000000004,5.333333333333333,7.333333333333333,2.3333333333333335,20.34,10,plus_redzone_defense,7.0124
12,00-0038896,Jacob Saylors,RB,NYG,0.0,0.0,0.0,0.0,25.854545454545452,11,plus_redzone_defense,2.0862
12,00-0038951,Sean Tucker,RB,LA,5.6000000000000005,20.05,16.0,2.0,16.970000000000002,10,plus_redzone_defense,13.9498
12,00-0039139,Jahmyr Gibbs,RB,NYG,55.400000000000006,21.2,17.0,3.3333333333333335,25.854545454545452,11,plus_redzone_defense,15.8101
12,00-0039165,Zach Charbonnet,RB,TEN,9.5,8.866666666666665,12.0,2.3333333333333335,24.41,10,plus_redzone_defense,10.2947
12,00-0039384,Tyrone Tracy Jr.,RB,DET,16.0,10.9,16.0,0.6666666666666666,16.57,10,plus_redzone_defense,11.4457
12,00-0039407,Dylan Laube,RB,CLE,0.0,0.0,0.0,0.0,18.118000000000002,10,plus_redzone_defense,1.4733
12,00-0039738,Blake Corum,RB,TB,2.4000000000000004,4.300000000000001,12.0,2.0,24.97,10,plus_redzone_defense,9.2134
12,00-0039798,Isaiah Davis,RB,BAL,0.7000000000000001,1.6,3.5,0.5,23.86,10,plus_redzone_defense,4.0772
12,00-0039875,Ray Davis,RB,HOU,0.0,0.26666666666666666,1.3333333333333333,0.3333333333333333,19.050000000000004,10,plus_redzone_defense,2.336
12,00-0040078,Brashard Smith,RB,IND,6.6,1.75,3.5,1.5,20.15,10,plus_redzone_defense,4.1427
12,00-0040122,Ashton Jeanty,RB,CLE,24.8,14.866666666666667,18.666666666666668,2.6666666666666665,18.118000000000002,10,plus_redzone_defense,14.3454
12,00-0040162,Dylan Sampson,RB,LV,16.200000000000003,1.4000000000000001,2.5,0.0,21.42,10,plus_redzone_defense,3.2108
12,00-0040202,Devin Neal,RB,ATL,11.1,4.15,5.5,1.0,25.7,10,plus_redzone_defense,5.8852
12,00-0040208,Tahj Brooks,RB,NE,0.5,0.3,1.0,0.0,16.436363636363637,11,plus_redzone_defense,1.8725
12,00-0040236,Kyle Monangai,RB,PIT,10.8,14.100000000000001,17.333333333333332,4.0,19.53,10,plus_redzone_defense,14.1003
12,00-0040238,LeQuint Allen Jr.,RB,ARI,0.2,2.4333333333333336,3.6666666666666665,0.6666666666666666,23.5,10,plus_redzone_defense,4.3662
12,00-0040583,Woody Marks,RB,BUF,7.9,8.3,16.333333333333332,3.0,27.55,10,plus_redzone_defense,12.6524
12,00-0040644,Trevor Etienne,RB,SF,0.0,0.06666666666666667,0.3333333333333333,0.0,23.03636363636364,11,plus_redzone_defense,2.033
12,00-0040719,Bhayshul Tuten,RB,ARI,1.7000000000000002,8.333333333333334,10.333333333333334,4.0,23.5,10,plus_redzone_defense,9.871
12,00-0040734,TreVeyon Henderson,RB,CIN,11.100000000000001,24.333333333333332,19.666666666666668,4.666666666666667,33.658,10,plus_redzone_defense,18.8024
12,00-0036187,Reggie Gilliam,RB,HOU,1.2,0.0,0.0,0.5,19.050000000000004,10,plus_redzone_defense,1.7101
12,00-0037157,Bam Knight,RB,JAX,13.2,8.5,11.333333333333334,3.6666666666666665,17.68,10,plus_redzone_defense,9.804
12,00-0038738,Hunter Luepke,RB,PHI,1.7000000000000002,3.55,2.0,0.5,23.39,10,plus_redzone_defense,3.7758
12,00-0040784,Quinshon Judkins,RB,LV,16.7,8.2,22.0,2.5,21.42,10,plus_redzone_defense,14.6201
12,00-0037120,Tyler Goodson,RB,KC,0.0,1.1,1.5,0.5,18.560000000000002,10,plus_redzone_defense,2.6147
12,00-0031687,Raheem Mostert,RB,CLE,5.0,2.733333333333334,2.3333333333333335,0.0,18.118000000000002,10,plus_redzone_defense,3.1685
12,00-0036924,Michael Carter,RB,JAX,8.8,4.1,6.0,2.0,17.68,10,plus_redzone_defense,5.7974
12,00-0032104,Ameer Abdullah,RB,KC,0.0,1.65,1.5,0.0,18.560000000000002,10,plus_redzone_defense,2.5742
12,00-0038454,Keaton Mitchell,RB,NYJ,2.9,4.433333333333334,6.0,1.6666666666666667,22.800000000000004,10,plus_redzone_defense,6.1687
12,00-0039032,Tyjae Spears,RB,SEA,6.5,8.8,9.5,0.5,19.57,10,plus_redzone_defense,8.1347
12,00-0037563,Malik Davis,RB,PHI,2.4000000000000004,1.15,2.5,0.5,23.39,10,plus_redzone_defense,3.4741
12,00-0039757,Terrell Jennings,RB,CIN,0.0,5.95,8.0,1.5,33.658,10,plus_redzone_defense,8.2436
13,00-0032764,Derrick Henry,RB,CIN,17.4,18.133333333333333,22.0,6.0,31.78909090909091,11,baseline,17.109
13,00-0033280,Christian McCaffrey,RB,CLE,17.400000000000002,26.633333333333336,24.0,5.0,19.180000000000003,11,baseline,20.4796
13,00-0033293,Aaron Jones,RB,SEA,6.5,11.9,16.666666666666668,1.3333333333333333,19.145454545454545,11,baseline,12.8574
13,00-0033854,Dare Ogunbowale,RB,IND,0.0,0.95,0.5,0.0,21.254545454545454,11,baseline,2.2596
13,00-0033923,Kareem Hunt,RB,DAL,9.0,17.6,24.0,4.5,24.10909090909091,11,baseline,17.8759
13,00-0033955,Jeremy McNichols,RB,DEN,5.0,4.4,6.0,1.5,17.890909090909094,11,baseline,5.7857
13,00-0034791,Nick Chubb,RB,IND,9.4,3.466666666666667,6.0,0.3333333333333333,21.254545454545454,11,baseline,5.5167
13,00-0034844,Saquon Barkley,RB,CHI,5.6000000000000005,12.5,23.666666666666668,2.0,23.527272727272727,11,baseline,16.2525
13,00-0035250,Devin Singletary,RB,NE,19.200000000000003,10.9,14.0,4.666666666666667,16.358333333333334,12,baseline,11.3417
13,00-0035261,Tony Pollard,RB,JAX,7.3,6.85,14.5,0.0,18.072727272727274,11,baseline,10.4045
13,00-0035537,Ty Johnson,RB,PIT,5.5,9.266666666666667,3.6666666666666665,0.6666666666666666,19.09090909090909,11,baseline,6.1144
13,00-0035685,David Montgomery,RB,GB,12.799999999999999,6.5,10.333333333333334,1.3333333333333333,19.50909090909091,11,baseline,8.3857
13,00-0035700,Josh Jacobs,RB,DET,10.100000000000001,12.85,17.5,2.5,16.945454545454545,11,baseline,13.5148
13,00-0036139,Rico Dowdle,RB,LA,9.9,13.9,19.0,5.0,16.463636363636365,11,baseline,14.5079
13,00-0036223,Jonathan Taylor,RB,HOU,15.1,29.100000000000005,27.0,6.0,20.163636363636368,11,baseline,22.5715
13,00-0036275,D'Andre Swift,RB,PHI,20.8,9.233333333333334,17.333333333333332,2.0,22.736363636363638,11,baseline,12.3957
13,00-0036555,Chuba Hubbard,RB,LA,20.400000000000002,4.866666666666667,6.0,1.0,16.463636363636365,11,baseline,5.9202
13,00-0036919,Kenny Gainwell,RB,BUF,6.5,16.7,12.0,3.3333333333333335,25.99090909090909,11,baseline,12.0928
13,00-0036973,Travis Etienne,RB,TEN,5.1000000000000005,18.533333333333335,20.0,6.333333333333333,24.245454545454546,11,baseline,16.3037
13,00-0036997,Javonte Williams,RB,KC,17.0,11.200000000000001,23.0,5.0,17.654545454545456,11,baseline,15.571
13,00-0037085,Tyler Badie,RB,WAS,4.8,0.5,1.0,0.5,24.572727272727267,11,baseline,2.3601
13,00-0037228,Jaylen Warren,RB,BUF,12.4,10.866666666666665,15.333333333333334,1.3333333333333333,25.99090909090909,11,baseline,11.9458
13,00-0037248,James Cook,RB,PIT,20.7,18.333333333333332,19.0,1.3333333333333333,19.09090909090909,11,baseline,15.7858
13,00-0037256,Rachaad White,RB,ARI,5.9,7.9333333333333345,12.0,1.3333333333333333,23.40909090909091,11,baseline,9.566
13,00-0037263,Tyler Allgeier,RB,NYJ,13.5,11.066666666666665,9.666666666666666,2.0,23.063636363636366,11,baseline,9.3951
13,00-0037267,Jerome Ford,RB,SF,4.7,0.0,1.3333333333333333,0.3333333333333333,22.758333333333336,12,baseline,2.3694
13,00-0037525,Jordan Mason,RB,SEA,5.8,6.266666666666667,6.333333333333333,1.0,19.145454545454545,11,baseline,6.4772
13,00-0037594,Julius Chestnut,RB,JAX,0.0,0.15000000000000002,1.0,0.5,18.072727272727274,11,baseline,2.2592
13,00-0037746,Brian Robinson,RB,CLE,2.6,6.4333333333333345,9.0,2.0,19.180000000000003,11,baseline,7.7527
13,00-0037840,Kyren Williams,RB,CAR,13.2,14.933333333333332,14.666666666666666,3.0,24.5,12,baseline,12.8111
13,00-0038120,Breece Hall,RB,ATL,15.600000000000001,14.6,19.333333333333332,2.0,24.69090909090909,11,baseline,14.8631
13,00-0038134,Kenneth Walker III,RB,MIN,10.400000000000002,13.733333333333334,16.333333333333332,3.0,21.227272727272727,11,baseline,13.2324
13,00-0038542,Bijan Robinson,RB,NYJ,30.300000000000004,17.933333333333334,21.0,2.3333333333333335,23.063636363636366,11,baseline,16.5911
13,00-0038597,Chase Brown,RB,BAL,18.3,16.85,24.5,0.5,23.2,11,baseline,17.8899
13,00-0038685,Chris Brooks,RB,DET,2.9,1.4666666666666668,3.3333333333333335,0.6666666666666666,16.945454545454545,11,baseline,3.7128
13,00-0038797,Emanuel Wilson,RB,DET,1.4000000000000001,13.266666666666667,14.666666666666666,2.6666666666666665,16.945454545454545,11,baseline,12.3307
13,00-0038951,Sean Tucker,RB,ARI,0.0,15.233333333333334,15.333333333333334,2.0,23.40909090909091,11,baseline,13.2044
13,00-0039040,De'Von Achane,RB,NO,19.4,31.000000000000004,27.0,5.5,21.999999999999996,11,baseline,23.1191
13,00-0039139,Jahmyr Gibbs,RB,GB,11.600000000000001,37.73333333333334,22.0,3.0,19.50909090909091,11,baseline,22.7583
13,00-0039165,Zach Charbonnet,RB,MIN,11.2,10.166666666666666,11.0,3.0,21.227272727272727,11,baseline,9.7494
13,00-0039384,Tyrone Tracy Jr.,RB,NE,4.3,14.0,21.0,2.3333333333333335,16.358333333333334,12,baseline,15.4574
13,00-0039407,Dylan Laube,RB,LAC,0.0,0.0,0.0,0.0,21.654545454545456,11,baseline,1.7557
13,00-0039738,Blake Corum,RB,CAR,14.1,3.1666666666666665,10.0,2.0,24.5,12,baseline,7.2715
13,00-0039746,Will Shipley,RB,CHI,2.1,2.7,3.0,0.0,23.527272727272727,11,baseline,3.9148
13,00-0039798,Isaiah Davis,RB,ATL,0.0,1.3,3.6666666666666665,0.3333333333333333,24.69090909090909,11,baseline,3.8182
13,00-0039875,Ray Davis,RB,PIT,6.2,0.26666666666666666,1.3333333333333333,0.3333333333333333,19.09090909090909,11,baseline,2.4463
13,00-0040078,Brashard Smith,RB,DAL,0.0,4.699999999999999,4.0,1.5,24.10909090909091,11,baseline,4.9516
13,00-0040122,Ashton Jeanty,RB,LAC,12.1,16.5,21.0,1.6666666666666667,21.654545454545456,11,baseline,16.178
13,00-0040142,Kaleb Johnson,RB,BUF,0.30000000000000004,0.9,3.5,1.0,25.99090909090909,11,baseline,3.6262
13,00-0040162,Dylan Sampson,RB,SF,2.3000000000000003,6.333333333333335,5.0,0.3333333333333333,22.758333333333336,12,baseline,5.8827
13,00-0040198,Ollie Gordon II,RB,NO,1.0,5.1,5.0,3.0,21.999999999999996,11,baseline,5.5272
13,00-0040202,Devin Neal,RB,MIA,9.9,8.6,10.5,0.0,23.863636363636363,11,baseline,9.0677
13,00-0040236,Kyle Monangai,RB,PHI,19.0,10.1,11.0,2.6666666666666665,22.736363636363638,11,baseline,9.7302
13,00-0040238,LeQuint Allen Jr.,RB,TEN,0.0,1.8,3.3333333333333335,0.6666666666666666,24.245454545454546,11,baseline,3.8088
13,00-0040242,Jacory Croskey-Merritt,RB,DEN,2.0,3.6500000000000004,10.5,3.0,17.890909090909094,11,baseline,7.641
13,00-0040583,Woody Marks,RB,IND,7.7,10.033333333333333,17.666666666666668,4.666666666666667,21.254545454545454,11,baseline,12.7797
13,00-0040644,Trevor Etienne,RB,LA,1.4,0.06666666666666667,0.3333333333333333,0.0,16.463636363636365,11,baseline,1.9283
13,00-0040719,Bhayshul Tuten,RB,TEN,8.899999999999999,5.7,9.666666666666666,2.6666666666666665,24.245454545454546,11,baseline,7.8482
13,00-0040730,RJ Harvey,RB,WAS,21.2,5.9,11.0,3.0,24.572727272727267,11,baseline,8.5196
13,00-0040734,TreVeyon Henderson,RB,NYG,11.6,23.8,20.333333333333332,4.333333333333333,28.875,12,baseline,17.9752
13,00-0036187,Reggie Gilliam,RB,PIT,0.0,0.6,0.5,0.5,19.09090909090909,11,baseline,2.1588
13,00-0037157,Bam Knight,RB,TB,18.799999999999997,10.666666666666666,12.666666666666666,3.3333333333333335,23.44545454545454,11,baseline,10.6607
13,00-0040784,Quinshon Judkins,RB,SF,13.9,11.033333333333331,20.0,2.6666666666666665,22.758333333333336,12,baseline,14.142
13,00-0037120,Tyler Goodson,RB,HOU,0.0,0.2,0.5,0.0,20.163636363636368,11,baseline,2.0435
13,00-0038611,Chris Rodriguez Jr.,RB,DEN,10.100000000000001,8.55,11.0,2.5,17.890909090909094,11,baseline,9.2834
13,00-0031687,Raheem Mostert,RB,LAC,0.6000000000000001,3.6,3.3333333333333335,0.0,21.654545454545456,11,baseline,4.3277
13,00-0036924,Michael Carter,RB,TB,11.4,5.666666666666667,6.666666666666667,2.3333333333333335,23.44545454545454,11,baseline,6.4577
13,00-0039391,Kimani Vidal,RB,LV,20.700000000000003,10.5,16.5,1.5,22.436363636363637,11,baseline,12.3772
13,00-0032104,Ameer Abdullah,RB,HOU,0.0,0.9,1.0,0.0,20.163636363636368,11,baseline,2.4754
13,00-0038454,Keaton Mitchell,RB,CIN,11.100000000000001,4.466666666666667,5.333333333333333,1.6666666666666667,31.78909090909091,11,baseline,5.4981
13,00-0039032,Tyjae Spears,RB,JAX,8.4,7.45,8.5,1.0,18.072727272727274,11,baseline,7.8156
13,00-0037563,Malik Davis,RB,KC,10.7,2.2,3.5,0.5,17.654545454545456,11,baseline,4.0009
13,00-0039757,Terrell Jennings,RB,NYG,0.0,0.25,2.5,0.5,28.875,12,baseline,2.9785
13,00-0039874,Jaylen Wright,RB,NO,1.6,1.05,3.0,0.5,21.999999999999996,11,baseline,3.4392
13,00-0032764,Derrick Henry,RB,CIN,17.4,18.133333333333333,22.0,6.0,31.78909090909091,11,plus_defense,17.7592
13,00-0033280,Christian McCaffrey,RB,CLE,17.400000000000002,26.633333333333336,24.0,5.0,19.180000000000003,11,plus_defense,20.3363
13,00-0033293,Aaron Jones,RB,SEA,6.5,11.9,16.666666666666668,1.3333333333333333,19.145454545454545,11,plus_defense,12.6927
13,00-0033854,Dare Ogunbowale,RB,IND,0.0,0.95,0.5,0.0,21.254545454545454,11,plus_defense,2.2253
13,00-0033923,Kareem Hunt,RB,DAL,9.0,17.6,24.0,4.5,24.10909090909091,11,plus_defense,18.0321
13,00-0033955,Jeremy McNichols,RB,DEN,5.0,4.4,6.0,1.5,17.890909090909094,11,plus_defense,5.5373
13,00-0034791,Nick Chubb,RB,IND,9.4,3.466666666666667,6.0,0.3333333333333333,21.254545454545454,11,plus_defense,5.4818
13,00-0034844,Saquon Barkley,RB,CHI,5.6000000000000005,12.5,23.666666666666668,2.0,23.527272727272727,11,plus_defense,16.3628
13,00-0035250,Devin Singletary,RB,NE,19.200000000000003,10.9,14.0,4.666666666666667,16.358333333333334,12,plus_defense,10.9994
13,00-0035261,Tony Pollard,RB,JAX,7.3,6.85,14.5,0.0,18.072727272727274,11,plus_defense,10.1643
13,00-0035537,Ty Johnson,RB,PIT,5.5,9.266666666666667,3.6666666666666665,0.6666666666666666,19.09090909090909,11,plus_defense,5.9534
13,00-0035685,David Montgomery,RB,GB,12.799999999999999,6.5,10.333333333333334,1.3333333333333333,19.50909090909091,11,plus_defense,8.2405
13,00-0035700,Josh Jacobs,RB,DET,10.100000000000001,12.85,17.5,2.5,16.945454545454545,11,plus_defense,13.2103
13,00-0036139,Rico Dowdle,RB,LA,9.9,13.9,19.0,5.0,16.463636363636365,11,plus_defense,14.1731
13,00-0036223,Jonathan Taylor,RB,HOU,15.1,29.100000000000005,27.0,6.0,20.163636363636368,11,plus_defense,22.4927
13,00-0036275,D'Andre Swift,RB,PHI,20.8,9.233333333333334,17.333333333333332,2.0,22.736363636363638,11,plus_defense,12.4554
13,00-0036555,Chuba Hubbard,RB,LA,20.400000000000002,4.866666666666667,6.0,1.0,16.463636363636365,11,plus_defense,5.5814
13,00-0036919,Kenny Gainwell,RB,BUF,6.5,16.7,12.0,3.3333333333333335,25.99090909090909,11,plus_defense,12.3786
13,00-0036973,Travis Etienne,RB,TEN,5.1000000000000005,18.533333333333335,20.0,6.333333333333333,24.245454545454546,11,plus_defense,16.4738
13,00-0036997,Javonte Williams,RB,KC,17.0,11.200000000000001,23.0,5.0,17.654545454545456,11,plus_defense,15.3039
13,00-0037085,Tyler Badie,RB,WAS,4.8,0.5,1.0,0.5,24.572727272727267,11,plus_defense,2.5368
13,00-0037228,Jaylen Warren,RB,BUF,12.4,10.866666666666665,15.333333333333334,1.3333333333333333,25.99090909090909,11,plus_defense,12.2184
13,00-0037248,James Cook,RB,PIT,20.7,18.333333333333332,19.0,1.3333333333333333,19.09090909090909,11,plus_defense,15.6267
13,00-0037256,Rachaad White,RB,ARI,5.9,7.9333333333333345,12.0,1.3333333333333333,23.40909090909091,11,plus_defense,9.6713
13,00-0037263,Tyler Allgeier,RB,NYJ,13.5,11.066666666666665,9.666666666666666,2.0,23.063636363636366,11,plus_defense,9.4859
13,00-0037267,Jerome Ford,RB,SF,4.7,0.0,1.3333333333333333,0.3333333333333333,22.758333333333336,12,plus_defense,2.4289
13,00-0037525,Jordan Mason,RB,SEA,5.8,6.266666666666667,6.333333333333333,1.0,19.145454545454545,11,plus_defense,6.312
13,00-0037594,Julius Chestnut,RB,JAX,0.0,0.15000000000000002,1.0,0.5,18.072727272727274,11,plus_defense,2.0195
13,00-0037746,Brian Robinson,RB,CLE,2.6,6.4333333333333345,9.0,2.0,19.180000000000003,11,plus_defense,7.5876
13,00-0037840,Kyren Williams,RB,CAR,13.2,14.933333333333332,14.666666666666666,3.0,24.5,12,plus_defense,12.996
13,00-0038120,Breece Hall,RB,ATL,15.600000000000001,14.6,19.333333333333332,2.0,24.69090909090909,11,plus_defense,15.0555
13,00-0038134,Kenneth Walker III,RB,MIN,10.400000000000002,13.733333333333334,16.333333333333332,3.0,21.227272727272727,11,plus_defense,13.2044
13,00-0038542,Bijan Robinson,RB,NYJ,30.300000000000004,17.933333333333334,21.0,2.3333333333333335,23.063636363636366,11,plus_defense,16.6837
13,00-0038597,Chase Brown,RB,BAL,18.3,16.85,24.5,0.5,23.2,11,plus_defense,17.9861
13,00-0038685,Chris Brooks,RB,DET,2.9,1.4666666666666668,3.3333333333333335,0.6666666666666666,16.945454545454545,11,plus_defense,3.4012
13,00-0038797,Emanuel Wilson,RB,DET,1.4000000000000001,13.266666666666667,14.666666666666666,2.6666666666666665,16.945454545454545,11,plus_defense,12.0295
13,00-0038951,Sean Tucker,RB,ARI,0.0,15.233333333333334,15.333333333333334,2.0,23.40909090909091,11,plus_defense,13.3195
13,00-0039040,De'Von Achane,RB,NO,19.4,31.000000000000004,27.0,5.5,21.999999999999996,11,plus_defense,23.1611
13,00-0039139,Jahmyr Gibbs,RB,GB,11.600000000000001,37.73333333333334,22.0,3.0,19.50909090909091,11,plus_defense,22.6573
13,00-0039165,Zach Charbonnet,RB,MIN,11.2,10.166666666666666,11.0,3.0,21.227272727272727,11,plus_defense,9.72
13,00-0039384,Tyrone Tracy Jr.,RB,NE,4.3,14.0,21.0,2.3333333333333335,16.358333333333334,12,plus_defense,15.1142
13,00-0039407,Dylan Laube,RB,LAC,0.0,0.0,0.0,0.0,21.654545454545456,11,plus_defense,1.7458
13,00-0039738,Blake Corum,RB,CAR,14.1,3.1666666666666665,10.0,2.0,24.5,12,plus_defense,7.4401
13,00-0039746,Will Shipley,RB,CHI,2.1,2.7,3.0,0.0,23.527272727272727,11,plus_defense,4.0267
13,00-0039798,Isaiah Davis,RB,ATL,0.0,1.3,3.6666666666666665,0.3333333333333333,24.69090909090909,11,plus_defense,4.0014
13,00-0039875,Ray Davis,RB,PIT,6.2,0.26666666666666666,1.3333333333333333,0.3333333333333333,19.09090909090909,11,plus_defense,2.2716
13,00-0040078,Brashard Smith,RB,DAL,0.0,4.699999999999999,4.0,1.5,24.10909090909091,11,plus_defense,5.1033
13,00-0040122,Ashton Jeanty,RB,LAC,12.1,16.5,21.0,1.6666666666666667,21.654545454545456,11,plus_defense,16.1779
13,00-0040142,Kaleb Johnson,RB,BUF,0.30000000000000004,0.9,3.5,1.0,25.99090909090909,11,plus_defense,3.892
13,00-0040162,Dylan Sampson,RB,SF,2.3000000000000003,6.333333333333335,5.0,0.3333333333333333,22.758333333333336,12,plus_defense,5.9499
13,00-0040198,Ollie Gordon II,RB,NO,1.0,5.1,5.0,3.0,21.999999999999996,11,plus_defense,5.5438
13,00-0040202,Devin Neal,RB,MIA,9.9,8.6,10.5,0.0,23.863636363636363,11,plus_defense,9.2046
13,00-0040236,Kyle Monangai,RB,PHI,19.0,10.1,11.0,2.6666666666666665,22.736363636363638,11,plus_defense,9.7972
13,00-0040238,LeQuint Allen Jr.,RB,TEN,0.0,1.8,3.3333333333333335,0.6666666666666666,24.245454545454546,11,plus_defense,3.9648
13,00-0040242,Jacory Croskey-Merritt,RB,DEN,2.0,3.6500000000000004,10.5,3.0,17.890909090909094,11,plus_defense,7.3872
13,00-0040583,Woody Marks,RB,IND,7.7,10.033333333333333,17.666666666666668,4.666666666666667,21.254545454545454,11,plus_defense,12.7458
13,00-0040644,Trevor Etienne,RB,LA,1.4,0.06666666666666667,0.3333333333333333,0.0,16.463636363636365,11,plus_defense,1.5862
13,00-0040719,Bhayshul Tuten,RB,TEN,8.899999999999999,5.7,9.666666666666666,2.6666666666666665,24.245454545454546,11,plus_defense,8.0053
13,00-0040730,RJ Harvey,RB,WAS,21.2,5.9,11.0,3.0,24.572727272727267,11,plus_defense,8.6967
13,00-0040734,TreVeyon Henderson,RB,NYG,11.6,23.8,20.333333333333332,4.333333333333333,28.875,12,plus_defense,18.4503
13,00-0036187,Reggie Gilliam,RB,PIT,0.0,0.6,0.5,0.5,19.09090909090909,11,plus_defense,1.9855
13,00-0037157,Bam Knight,RB,TB,18.799999999999997,10.666666666666666,12.666666666666666,3.3333333333333335,23.44545454545454,11,plus_defense,10.7725
13,00-0040784,Quinshon Judkins,RB,SF,13.9,11.033333333333331,20.0,2.6666666666666665,22.758333333333336,12,plus_defense,14.2039
13,00-0037120,Tyler Goodson,RB,HOU,0.0,0.2,0.5,0.0,20.163636363636368,11,plus_defense,1.9381
13,00-0038611,Chris Rodriguez Jr.,RB,DEN,10.100000000000001,8.55,11.0,2.5,17.890909090909094,11,plus_defense,9.0378
13,00-0031687,Raheem Mostert,RB,LAC,0.6000000000000001,3.6,3.3333333333333335,0.0,21.654545454545456,11,plus_defense,4.321
13,00-0036924,Michael Carter,RB,TB,11.4,5.666666666666667,6.666666666666667,2.3333333333333335,23.44545454545454,11,plus_defense,6.5662
13,00-0039391,Kimani Vidal,RB,LV,20.700000000000003,10.5,16.5,1.5,22.436363636363637,11,plus_defense,12.4207
13,00-0032104,Ameer Abdullah,RB,HOU,0.0,0.9,1.0,0.0,20.163636363636368,11,plus_defense,2.3708
13,00-0038454,Keaton Mitchell,RB,CIN,11.100000000000001,4.466666666666667,5.333333333333333,1.6666666666666667,31.78909090909091,11,plus_defense,6.1394
13,00-0039032,Tyjae Spears,RB,JAX,8.4,7.45,8.5,1.0,18.072727272727274,11,plus_defense,7.5819
13,00-0037563,Malik Davis,RB,KC,10.7,2.2,3.5,0.5,17.654545454545456,11,plus_defense,3.7358
13,00-0039757,Terrell Jennings,RB,NYG,0.0,0.25,2.5,0.5,28.875,12,plus_defense,3.4286
13,00-0039874,Jaylen Wright,RB,NO,1.6,1.05,3.0,0.5,21.999999999999996,11,plus_defense,3.4505
13,00-0032764,Derrick Henry,RB,CIN,17.4,18.133333333333333,22.0,6.0,31.78909090909091,11,plus_redzone_defense,18.4607
13,00-0033280,Christian McCaffrey,RB,CLE,17.400000000000002,26.633333333333336,24.0,5.0,19.180000000000003,11,plus_redzone_defense,20.446
13,00-0033293,Aaron Jones,RB,SEA,6.5,11.9,16.666666666666668,1.3333333333333333,19.145454545454545,11,plus_redzone_defense,12.2769
13,00-0033854,Dare Ogunbowale,RB,IND,0.0,0.95,0.5,0.0,21.254545454545454,11,plus_redzone_defense,2.1739
13,00-0033923,Kareem Hunt,RB,DAL,9.0,17.6,24.0,4.5,24.10909090909091,11,plus_redzone_defense,18.2242
13,00-0033955,Jeremy McNichols,RB,DEN,5.0,4.4,6.0,1.5,17.890909090909094,11,plus_redzone_defense,5.6943
13,00-0034791,Nick Chubb,RB,IND,9.4,3.466666666666667,6.0,0.3333333333333333,21.254545454545454,11,plus_redzone_defense,5.3009
13,00-0034844,Saquon Barkley,RB,CHI,5.6000000000000005,12.5,23.666666666666668,2.0,23.527272727272727,11,plus_redzone_defense,15.925
13,00-0035250,Devin Singletary,RB,NE,19.200000000000003,10.9,14.0,4.666666666666667,16.358333333333334,12,plus_redzone_defense,11.7247
13,00-0035261,Tony Pollard,RB,JAX,7.3,6.85,14.5,0.0,18.072727272727274,11,plus_redzone_defense,9.5344
13,00-0035537,Ty Johnson,RB,PIT,5.5,9.266666666666667,3.6666666666666665,0.6666666666666666,19.09090909090909,11,plus_redzone_defense,5.7936
13,00-0035685,David Montgomery,RB,GB,12.799999999999999,6.5,10.333333333333334,1.3333333333333333,19.50909090909091,11,plus_redzone_defense,8.1589
13,00-0035700,Josh Jacobs,RB,DET,10.100000000000001,12.85,17.5,2.5,16.945454545454545,11,plus_redzone_defense,13.1065
13,00-0036139,Rico Dowdle,RB,LA,9.9,13.9,19.0,5.0,16.463636363636365,11,plus_redzone_defense,14.7713
13,00-0036223,Jonathan Taylor,RB,HOU,15.1,29.100000000000005,27.0,6.0,20.163636363636368,11,plus_redzone_defense,22.7563
13,00-0036275,D'Andre Swift,RB,PHI,20.8,9.233333333333334,17.333333333333332,2.0,22.736363636363638,11,plus_redzone_defense,12.2956
13,00-0036555,Chuba Hubbard,RB,LA,20.400000000000002,4.866666666666667,6.0,1.0,16.463636363636365,11,plus_redzone_defense,5.5714
13,00-0036919,Kenny Gainwell,RB,BUF,6.5,16.7,12.0,3.3333333333333335,25.99090909090909,11,plus_redzone_defense,12.5953
13,00-0036973,Travis Etienne,RB,TEN,5.1000000000000005,18.533333333333335,20.0,6.333333333333333,24.245454545454546,11,plus_redzone_defense,17.3306
13,00-0036997,Javonte Williams,RB,KC,17.0,11.200000000000001,23.0,5.0,17.654545454545456,11,plus_redzone_defense,15.8522
13,00-0037085,Tyler Badie,RB,WAS,4.8,0.5,1.0,0.5,24.572727272727267,11,plus_redzone_defense,2.6363
13,00-0037228,Jaylen Warren,RB,BUF,12.4,10.866666666666665,15.333333333333334,1.3333333333333333,25.99090909090909,11,plus_redzone_defense,11.8684
13,00-0037248,James Cook,RB,PIT,20.7,18.333333333333332,19.0,1.3333333333333333,19.09090909090909,11,plus_redzone_defense,14.9703
13,00-0037256,Rachaad White,RB,ARI,5.9,7.9333333333333345,12.0,1.3333333333333333,23.40909090909091,11,plus_redzone_defense,9.5003
13,00-0037263,Tyler Allgeier,RB,NYJ,13.5,11.066666666666665,9.666666666666666,2.0,23.063636363636366,11,plus_redzone_defense,9.5094
13,00-0037267,Jerome Ford,RB,SF,4.7,0.0,1.3333333333333333,0.3333333333333333,22.758333333333336,12,plus_redzone_defense,2.4803
13,00-0037525,Jordan Mason,RB,SEA,5.8,6.266666666666667,6.333333333333333,1.0,19.145454545454545,11,plus_redzone_defense,6.2542
13,00-0037594,Julius Chestnut,RB,JAX,0.0,0.15000000000000002,1.0,0.5,18.072727272727274,11,plus_redzone_defense,2.1299
13,00-0037746,Brian Robinson,RB,CLE,2.6,6.4333333333333345,9.0,2.0,19.180000000000003,11,plus_redzone_defense,7.7548
13,00-0037840,Kyren Williams,RB,CAR,13.2,14.933333333333332,14.666666666666666,3.0,24.5,12,plus_redzone_defense,13.0758
13,00-0038120,Breece Hall,RB,ATL,15.600000000000001,14.6,19.333333333333332,2.0,24.69090909090909,11,plus_redzone_defense,14.6929
13,00-0038134,Kenneth Walker III,RB,MIN,10.400000000000002,13.733333333333334,16.333333333333332,3.0,21.227272727272727,11,plus_redzone_defense,13.2663
13,00-0038542,Bijan Robinson,RB,NYJ,30.300000000000004,17.933333333333334,21.0,2.3333333333333335,23.063636363636366,11,plus_redzone_defense,16.2863
13,00-0038597,Chase Brown,RB,BAL,18.3,16.85,24.5,0.5,23.2,11,plus_redzone_defense,16.9432
13,00-0038685,Chris Brooks,RB,DET,2.9,1.4666666666666668,3.3333333333333335,0.6666666666666666,16.945454545454545,11,plus_redzone_defense,3.4582
13,00-0038797,Emanuel Wilson,RB,DET,1.4000000000000001,13.266666666666667,14.666666666666666,2.6666666666666665,16.945454545454545,11,plus_redzone_defense,12.052
13,00-0038951,Sean Tucker,RB,ARI,0.0,15.233333333333334,15.333333333333334,2.0,23.40909090909091,11,plus_redzone_defense,13.0615
13,00-0039040,De'Von Achane,RB,NO,19.4,31.000000000000004,27.0,5.5,21.999999999999996,11,plus_redzone_defense,23.219
13,00-0039139,Jahmyr Gibbs,RB,GB,11.600000000000001,37.73333333333334,22.0,3.0,19.50909090909091,11,plus_redzone_defense,21.9141
13,00-0039165,Zach Charbonnet,RB,MIN,11.2,10.166666666666666,11.0,3.0,21.227272727272727,11,plus_redzone_defense,10.0375
13,00-0039384,Tyrone Tracy Jr.,RB,NE,4.3,14.0,21.0,2.3333333333333335,16.358333333333334,12,plus_redzone_defense,14.8225
13,00-0039407,Dylan Laube,RB,LAC,0.0,0.0,0.0,0.0,21.654545454545456,11,plus_redzone_defense,1.7344
13,00-0039738,Blake Corum,RB,CAR,14.1,3.1666666666666665,10.0,2.0,24.5,12,plus_redzone_defense,7.6619
13,00-0039746,Will Shipley,RB,CHI,2.1,2.7,3.0,0.0,23.527272727272727,11,plus_redzone_defense,3.8528
13,00-0039798,Isaiah Davis,RB,ATL,0.0,1.3,3.6666666666666665,0.3333333333333333,24.69090909090909,11,plus_redzone_defense,3.9474
13,00-0039875,Ray Davis,RB,PIT,6.2,0.26666666666666666,1.3333333333333333,0.3333333333333333,19.09090909090909,11,plus_redzone_defense,2.3169
13,00-0040078,Brashard Smith,RB,DAL,0.0,4.699999999999999,4.0,1.5,24.10909090909091,11,plus_redzone_defense,5.3111
13,00-0040122,Ashton Jeanty,RB,LAC,12.1,16.5,21.0,1.6666666666666667,21.654545454545456,11,plus_redzone_defense,15.6121
13,00-0040142,Kaleb Johnson,RB,BUF,0.30000000000000004,0.9,3.5,1.0,25.99090909090909,11,plus_redzone_defense,4.0599
13,00-0040162,Dylan Sampson,RB,SF,2.3000000000000003,6.333333333333335,5.0,0.3333333333333333,22.758333333333336,12,plus_redzone_defense,5.723
13,00-0040198,Ollie Gordon II,RB,NO,1.0,5.1,5.0,3.0,21.999999999999996,11,plus_redzone_defense,6.1764
13,00-0040202,Devin Neal,RB,MIA,9.9,8.6,10.5,0.0,23.863636363636363,11,plus_redzone_defense,8.6479
13,00-0040236,Kyle Monangai,RB,PHI,19.0,10.1,11.0,2.6666666666666665,22.736363636363638,11,plus_redzone_defense,10.0127
13,00-0040238,LeQuint Allen Jr.,RB,TEN,0.0,1.8,3.3333333333333335,0.6666666666666666,24.245454545454546,11,plus_redzone_defense,4.0111
13,00-0040242,Jacory Croskey-Merritt,RB,DEN,2.0,3.6500000000000004,10.5,3.0,17.890909090909094,11,plus_redzone_defense,7.8929
13,00-0040583,Woody Marks,RB,IND,7.7,10.033333333333333,17.666666666666668,4.666666666666667,21.254545454545454,11,plus_redzone_defense,13.3818
13,00-0040644,Trevor Etienne,RB,LA,1.4,0.06666666666666667,0.3333333333333333,0.0,16.463636363636365,11,plus_redzone_defense,1.5644
13,00-0040719,Bhayshul Tuten,RB,TEN,8.899999999999999,5.7,9.666666666666666,2.6666666666666665,24.245454545454546,11,plus_redzone_defense,8.377
13,00-0040730,RJ Harvey,RB,WAS,21.2,5.9,11.0,3.0,24.572727272727267,11,plus_redzone_defense,9.1261
13,00-0040734,TreVeyon Henderson,RB,NYG,11.6,23.8,20.333333333333332,4.333333333333333,28.875,12,plus_redzone_defense,18.5366
13,00-0036187,Reggie Gilliam,RB,PIT,0.0,0.6,0.5,0.5,19.09090909090909,11,plus_redzone_defense,2.0988
13,00-0037157,Bam Knight,RB,TB,18.799999999999997,10.666666666666666,12.666666666666666,3.3333333333333335,23.44545454545454,11,plus_redzone_defense,11.1292
13,00-0040784,Quinshon Judkins,RB,SF,13.9,11.033333333333331,20.0,2.6666666666666665,22.758333333333336,12,plus_redzone_defense,14.1225
13,00-0037120,Tyler Goodson,RB,HOU,0.0,0.2,0.5,0.0,20.163636363636368,11,plus_redzone_defense,1.9067
13,00-0038611,Chris Rodriguez Jr.,RB,DEN,10.100000000000001,8.55,11.0,2.5,17.890909090909094,11,plus_redzone_defense,9.2439
13,00-0031687,Raheem Mostert,RB,LAC,0.6000000000000001,3.6,3.3333333333333335,0.0,21.654545454545456,11,plus_redzone_defense,4.1137
13,00-0036924,Michael Carter,RB,TB,11.4,5.666666666666667,6.666666666666667,2.3333333333333335,23.44545454545454,11,plus_redzone_defense,6.9264
13,00-0039391,Kimani Vidal,RB,LV,20.700000000000003,10.5,16.5,1.5,22.436363636363637,11,plus_redzone_defense,12.0977
13,00-0032104,Ameer Abdullah,RB,HOU,0.0,0.9,1.0,0.0,20.163636363636368,11,plus_redzone_defense,2.3058
13,00-0038454,Keaton Mitchell,RB,CIN,11.100000000000001,4.466666666666667,5.333333333333333,1.6666666666666667,31.78909090909091,11,plus_redzone_defense,6.3628
13,00-0039032,Tyjae Spears,RB,JAX,8.4,7.45,8.5,1.0,18.072727272727274,11,plus_redzone_defense,7.4276
13,00-0037563,Malik Davis,RB,KC,10.7,2.2,3.5,0.5,17.654545454545456,11,plus_redzone_defense,3.7165
13,00-0039757,Terrell Jennings,RB,NYG,0.0,0.25,2.5,0.5,28.875,12,plus_redzone_defense,3.4882
13,00-0039874,Jaylen Wright,RB,NO,1.6,1.05,3.0,0.5,21.999999999999996,11,plus_redzone_defense,3.4756
14,00-0032764,Derrick Henry,RB,PIT,11.200000000000001,20.133333333333333,18.0,5.0,20.2,12,baseline,15.4179
14,00-0033293,Aaron Jones,RB,WAS,7.6000000000000005,8.766666666666667,15.0,1.3333333333333333,25.024999999999995,12,baseline,11.1729
14,00-0033854,Dare Ogunbowale,RB,KC,6.5,0.6333333333333333,0.3333333333333333,0.0,18.491666666666667,12,baseline,2.173
14,00-0033923,Kareem Hunt,RB,HOU,9.0,14.733333333333334,21.333333333333332,4.333333333333333,19.74166666666667,12,baseline,15.6674
14,00-0033955,Jeremy McNichols,RB,MIN,1.2,4.95,7.0,1.5,21.308333333333334,12,baseline,6.4174
14,00-0034791,Nick Chubb,RB,KC,0.30000000000000004,4.533333333333334,7.0,1.3333333333333333,18.491666666666667,12,baseline,6.3141
14,00-0034844,Saquon Barkley,RB,LAC,18.200000000000003,10.0,20.333333333333332,2.6666666666666665,20.908333333333335,12,baseline,14.0183
14,00-0035261,Tony Pollard,RB,CLE,28.1,7.0,13.666666666666666,0.0,19.248333333333335,12,baseline,10.1002
14,00-0035537,Ty Johnson,RB,CIN,5.9,9.566666666666666,5.0,0.6666666666666666,31.656666666666666,12,baseline,6.6088
14,00-0035685,David Montgomery,RB,DAL,14.3,8.066666666666666,8.666666666666666,1.6666666666666667,23.291666666666668,12,baseline,7.9833
14,00-0035700,Josh Jacobs,RB,CHI,17.200000000000003,7.050000000000001,13.0,2.0,22.208333333333332,12,baseline,9.7951
14,00-0036223,Jonathan Taylor,RB,JAX,13.4,11.850000000000001,22.5,3.0,17.875,12,baseline,15.5085
14,00-0036275,D'Andre Swift,RB,GB,11.200000000000001,11.233333333333334,17.0,1.6666666666666667,19.916666666666668,12,baseline,12.7365
14,00-0036842,Kene Nwangwu,RB,MIA,0.0,0.0,0.0,0.0,22.825,12,baseline,1.8573
14,00-0036919,Kenny Gainwell,RB,BAL,16.2,18.066666666666666,13.666666666666666,3.6666666666666665,23.40833333333333,12,baseline,12.8422
14,00-0036973,Travis Etienne,RB,IND,21.2,15.000000000000002,17.666666666666668,4.0,20.908333333333335,12,baseline,13.9873
14,00-0036997,Javonte Williams,RB,DET,14.7,13.133333333333335,22.0,5.0,16.733333333333334,12,baseline,15.5884
14,00-0037085,Tyler Badie,RB,LV,3.1,2.9,3.0,1.5,23.24166666666667,12,baseline,4.0045
14,00-0037228,Jaylen Warren,RB,BAL,15.2,11.299999999999999,14.666666666666666,2.0,23.40833333333333,12,baseline,11.6418
14,00-0037248,James Cook,RB,CIN,13.1,21.0,24.666666666666668,3.0,31.656666666666666,12,baseline,18.8075
14,00-0037256,Rachaad White,RB,NO,6.500000000000001,6.4333333333333345,8.666666666666666,1.3333333333333333,22.0,12,baseline,7.5786
14,00-0037263,Tyler Allgeier,RB,SEA,8.700000000000001,9.666666666666666,9.333333333333334,1.3333333333333333,18.833333333333332,12,baseline,8.6972
14,00-0037267,Jerome Ford,RB,TEN,3.0,1.5333333333333334,1.6666666666666667,0.0,23.391666666666666,12,baseline,3.0309
14,00-0037525,Jordan Mason,RB,WAS,11.2,6.833333333333333,7.0,0.6666666666666666,25.024999999999995,12,baseline,6.884
14,00-0037594,Julius Chestnut,RB,CLE,0.0,0.10000000000000002,0.6666666666666666,0.3333333333333333,19.248333333333335,12,baseline,2.1995
14,00-0037840,Kyren Williams,RB,ARI,17.7,11.866666666666667,13.666666666666666,3.6666666666666665,23.291666666666668,12,baseline,11.306
14,00-0038120,Breece Hall,RB,MIA,4.3,13.300000000000002,19.0,2.3333333333333335,22.825,12,baseline,14.201
14,00-0038134,Kenneth Walker III,RB,ATL,3.8000000000000003,14.533333333333337,17.0,2.0,23.933333333333337,12,baseline,13.5542
14,00-0038542,Bijan Robinson,RB,SEA,11.4,24.433333333333337,24.666666666666668,3.3333333333333335,18.833333333333332,12,baseline,19.6582
14,00-0038555,Tank Bigsby,RB,LAC,0.4,2.1,2.5,0.0,20.908333333333335,12,baseline,3.5682
14,00-0038597,Chase Brown,RB,BUF,18.5,17.333333333333332,23.666666666666668,2.0,25.424999999999997,12,baseline,17.4228
14,00-0038685,Chris Brooks,RB,CHI,1.6,2.4333333333333336,4.0,0.6666666666666666,22.208333333333332,12,baseline,4.3651
14,00-0038797,Emanuel Wilson,RB,CHI,1.0,13.266666666666667,15.333333333333334,3.0,22.208333333333332,12,baseline,12.4466
14,00-0038896,Jacob Saylors,RB,DAL,0.0,0.0,0.0,0.0,23.291666666666668,12,baseline,1.8573
14,00-0038951,Sean Tucker,RB,NO,8.9,13.200000000000001,12.333333333333334,2.0,22.0,12,baseline,11.0014
14,00-0039040,De'Von Achane,RB,NYJ,17.500000000000004,20.45,24.5,6.5,24.791666666666668,12,baseline,18.5919
14,00-0039139,Jahmyr Gibbs,RB,DAL,37.0,28.866666666666664,23.666666666666668,2.0,23.291666666666668,12,baseline,20.2805
14,00-0039165,Zach Charbonnet,RB,ATL,8.600000000000001,9.133333333333333,11.0,3.0,23.933333333333337,12,baseline,9.3588
14,00-0039407,Dylan Laube,RB,DEN,0.0,0.0,0.0,0.0,17.825000000000003,12,baseline,1.8573
14,00-0039738,Blake Corum,RB,ARI,26.1,6.0,8.0,2.0,23.291666666666668,12,baseline,7.1538
14,00-0039746,Will Shipley,RB,LAC,1.3,1.05,0.5,0.0,20.908333333333335,12,baseline,2.3556
14,00-0039796,Rasheen Ali,RB,PIT,3.3000000000000003,2.1,2.5,0.0,20.2,12,baseline,3.5682
14,00-0039798,Isaiah Davis,RB,MIA,2.2,0.6000000000000001,2.6666666666666665,0.3333333333333333,22.825,12,baseline,3.2759
14,00-0039875,Ray Davis,RB,CIN,0.0,2.066666666666667,3.0,0.0,31.656666666666666,12,baseline,3.798
14,00-0040078,Brashard Smith,RB,HOU,0.7000000000000001,3.133333333333333,2.6666666666666665,1.0,19.74166666666667,12,baseline,3.9036
14,00-0040122,Ashton Jeanty,RB,DEN,5.8,15.433333333333335,20.666666666666668,1.6666666666666667,17.825000000000003,12,baseline,15.5233
14,00-0040142,Kaleb Johnson,RB,BAL,0.4,0.9,3.5,1.0,23.40833333333333,12,baseline,3.7471
14,00-0040162,Dylan Sampson,RB,TEN,11.8,6.800000000000001,5.333333333333333,0.3333333333333333,23.391666666666666,12,baseline,6.082
14,00-0040198,Ollie Gordon II,RB,NYJ,7.7,5.75,6.0,3.0,24.791666666666668,12,baseline,6.1394
14,00-0040202,Devin Neal,RB,TB,15.4,10.5,15.5,0.0,24.00833333333333,12,baseline,11.8405
14,00-0040236,Kyle Monangai,RB,GB,6.7,13.5,16.0,3.6666666666666665,19.916666666666668,12,baseline,12.8219
14,00-0040238,LeQuint Allen Jr.,RB,IND,2.8,1.2666666666666668,3.0,0.6666666666666666,20.908333333333335,12,baseline,3.5998
14,00-0040242,Jacory Croskey-Merritt,RB,MIN,3.2,3.1500000000000004,7.0,1.5,21.308333333333334,12,baseline,5.9714
14,00-0040583,Woody Marks,RB,KC,15.600000000000001,7.233333333333333,18.666666666666668,4.0,18.491666666666667,12,baseline,12.5391
14,00-0040719,Bhayshul Tuten,RB,IND,0.5,8.0,10.666666666666666,3.0,20.908333333333335,12,baseline,8.9192
14,00-0040730,RJ Harvey,RB,LV,22.0,14.6,16.0,5.5,23.24166666666667,12,baseline,13.0944
14,00-0036187,Reggie Gilliam,RB,CIN,0.0,0.39999999999999997,0.3333333333333333,0.3333333333333333,31.656666666666666,12,baseline,2.1151
14,00-0037157,Bam Knight,RB,LA,6.3999999999999995,15.5,12.666666666666666,2.0,17.733333333333334,12,baseline,11.73
14,00-0038738,Hunter Luepke,RB,DET,0.0,4.4,2.5,0.5,16.733333333333334,12,baseline,4.1381
14,00-0040784,Quinshon Judkins,RB,TEN,9.4,12.166666666666666,20.333333333333332,3.0,23.391666666666666,12,baseline,14.5552
14,00-0038611,Chris Rodriguez Jr.,RB,MIN,5.2,9.8,14.0,4.0,21.308333333333334,12,baseline,10.9527
14,00-0031687,Raheem Mostert,RB,DEN,1.2,2.966666666666667,3.0,0.0,17.825000000000003,12,baseline,4.021
14,00-0036924,Michael Carter,RB,LA,5.1,9.333333333333334,9.333333333333334,2.0,17.733333333333334,12,baseline,8.6146
14,00-0039391,Kimani Vidal,RB,PHI,11.4,11.950000000000001,16.5,2.0,24.158333333333335,12,baseline,12.676
14,00-0032104,Ameer Abdullah,RB,JAX,2.9,0.0,0.5,0.0,17.875,12,baseline,2.0954
14,00-0038454,Keaton Mitchell,RB,PIT,7.6000000000000005,7.133333333333334,5.666666666666667,1.3333333333333333,20.2,12,baseline,6.3234
14,00-0039032,Tyjae Spears,RB,CLE,6.700000000000001,7.766666666666667,8.333333333333334,1.0,19.248333333333335,12,baseline,7.7502
14,00-0038794,Jaleel McLaughlin,RB,LV,4.1000000000000005,6.2,7.0,1.5,23.24166666666667,12,baseline,6.7271
14,00-0035594,Travis Homer,RB,GB,0.0,-0.1,0.5,0.0,19.916666666666668,12,baseline,2.0706
14,00-0037563,Malik Davis,RB,DET,0.6000000000000001,5.033333333333333,3.3333333333333335,0.6666666666666666,16.733333333333334,12,baseline,4.6918
14,00-0039874,Jaylen Wright,RB,NYJ,16.700000000000003,1.0,2.0,0.0,24.791666666666668,12,baseline,3.0575
14,00-0032764,Derrick Henry,RB,PIT,11.200000000000001,20.133333333333333,18.0,5.0,20.2,12,plus_defense,15.3302
14,00-0033293,Aaron Jones,RB,WAS,7.6000000000000005,8.766666666666667,15.0,1.3333333333333333,25.024999999999995,12,plus_defense,11.3812
14,00-0033854,Dare Ogunbowale,RB,KC,6.5,0.6333333333333333,0.3333333333333333,0.0,18.491666666666667,12,plus_defense,1.9639
14,00-0033923,Kareem Hunt,RB,HOU,9.0,14.733333333333334,21.333333333333332,4.333333333333333,19.74166666666667,12,plus_defense,15.5411
14,00-0033955,Jeremy McNichols,RB,MIN,1.2,4.95,7.0,1.5,21.308333333333334,12,plus_defense,6.389
14,00-0034791,Nick Chubb,RB,KC,0.30000000000000004,4.533333333333334,7.0,1.3333333333333333,18.491666666666667,12,plus_defense,6.1052
14,00-0034844,Saquon Barkley,RB,LAC,18.200000000000003,10.0,20.333333333333332,2.6666666666666665,20.908333333333335,12,plus_defense,13.9613
14,00-0035261,Tony Pollard,RB,CLE,28.1,7.0,13.666666666666666,0.0,19.248333333333335,12,plus_defense,9.938
14,00-0035537,Ty Johnson,RB,CIN,5.9,9.566666666666666,5.0,0.6666666666666666,31.656666666666666,12,plus_defense,7.2492
14,00-0035685,David Montgomery,RB,DAL,14.3,8.066666666666666,8.666666666666666,1.6666666666666667,23.291666666666668,12,plus_defense,8.0845
14,00-0035700,Josh Jacobs,RB,CHI,17.200000000000003,7.050000000000001,13.0,2.0,22.208333333333332,12,plus_defense,9.8226
14,00-0036223,Jonathan Taylor,RB,JAX,13.4,11.850000000000001,22.5,3.0,17.875,12,plus_defense,15.2585
14,00-0036275,D'Andre Swift,RB,GB,11.200000000000001,11.233333333333334,17.0,1.6666666666666667,19.916666666666668,12,plus_defense,12.6201
14,00-0036842,Kene Nwangwu,RB,MIA,0.0,0.0,0.0,0.0,22.825,12,plus_defense,1.9246
14,00-0036919,Kenny Gainwell,RB,BAL,16.2,18.066666666666666,13.666666666666666,3.6666666666666665,23.40833333333333,12,plus_defense,12.96
14,00-0036973,Travis Etienne,RB,IND,21.2,15.000000000000002,17.666666666666668,4.0,20.908333333333335,12,plus_defense,13.9385
14,00-0036997,Javonte Williams,RB,DET,14.7,13.133333333333335,22.0,5.0,16.733333333333334,12,plus_defense,15.2673
14,00-0037085,Tyler Badie,RB,LV,3.1,2.9,3.0,1.5,23.24166666666667,12,plus_defense,4.1
14,00-0037228,Jaylen Warren,RB,BAL,15.2,11.299999999999999,14.666666666666666,2.0,23.40833333333333,12,plus_defense,11.7503
14,00-0037248,James Cook,RB,CIN,13.1,21.0,24.666666666666668,3.0,31.656666666666666,12,plus_defense,19.4484
14,00-0037256,Rachaad White,RB,NO,6.500000000000001,6.4333333333333345,8.666666666666666,1.3333333333333333,22.0,12,plus_defense,7.5952
14,00-0037263,Tyler Allgeier,RB,SEA,8.700000000000001,9.666666666666666,9.333333333333334,1.3333333333333333,18.833333333333332,12,plus_defense,8.515
14,00-0037267,Jerome Ford,RB,TEN,3.0,1.5333333333333334,1.6666666666666667,0.0,23.391666666666666,12,plus_defense,3.1352
14,00-0037525,Jordan Mason,RB,WAS,11.2,6.833333333333333,7.0,0.6666666666666666,25.024999999999995,12,plus_defense,7.0956
14,00-0037594,Julius Chestnut,RB,CLE,0.0,0.10000000000000002,0.6666666666666666,0.3333333333333333,19.248333333333335,12,plus_defense,2.0379
14,00-0037840,Kyren Williams,RB,ARI,17.7,11.866666666666667,13.666666666666666,3.6666666666666665,23.291666666666668,12,plus_defense,11.4085
14,00-0038120,Breece Hall,RB,MIA,4.3,13.300000000000002,19.0,2.3333333333333335,22.825,12,plus_defense,14.2717
14,00-0038134,Kenneth Walker III,RB,ATL,3.8000000000000003,14.533333333333337,17.0,2.0,23.933333333333337,12,plus_defense,13.6986
14,00-0038542,Bijan Robinson,RB,SEA,11.4,24.433333333333337,24.666666666666668,3.3333333333333335,18.833333333333332,12,plus_defense,19.4838
14,00-0038555,Tank Bigsby,RB,LAC,0.4,2.1,2.5,0.0,20.908333333333335,12,plus_defense,3.5139
14,00-0038597,Chase Brown,RB,BUF,18.5,17.333333333333332,23.666666666666668,2.0,25.424999999999997,12,plus_defense,17.6614
14,00-0038685,Chris Brooks,RB,CHI,1.6,2.4333333333333336,4.0,0.6666666666666666,22.208333333333332,12,plus_defense,4.3933
14,00-0038797,Emanuel Wilson,RB,CHI,1.0,13.266666666666667,15.333333333333334,3.0,22.208333333333332,12,plus_defense,12.4804
14,00-0038896,Jacob Saylors,RB,DAL,0.0,0.0,0.0,0.0,23.291666666666668,12,plus_defense,1.9544
14,00-0038951,Sean Tucker,RB,NO,8.9,13.200000000000001,12.333333333333334,2.0,22.0,12,plus_defense,11.0239
14,00-0039040,De'Von Achane,RB,NYJ,17.500000000000004,20.45,24.5,6.5,24.791666666666668,12,plus_defense,18.7934
14,00-0039139,Jahmyr Gibbs,RB,DAL,37.0,28.866666666666664,23.666666666666668,2.0,23.291666666666668,12,plus_defense,20.3973
14,00-0039165,Zach Charbonnet,RB,ATL,8.600000000000001,9.133333333333333,11.0,3.0,23.933333333333337,12,plus_defense,9.5007
14,00-0039407,Dylan Laube,RB,DEN,0.0,0.0,0.0,0.0,17.825000000000003,12,plus_defense,1.605
14,00-0039738,Blake Corum,RB,ARI,26.1,6.0,8.0,2.0,23.291666666666668,12,plus_defense,7.2528
14,00-0039746,Will Shipley,RB,LAC,1.3,1.05,0.5,0.0,20.908333333333335,12,plus_defense,2.3014
14,00-0039796,Rasheen Ali,RB,PIT,3.3000000000000003,2.1,2.5,0.0,20.2,12,plus_defense,3.4686
14,00-0039798,Isaiah Davis,RB,MIA,2.2,0.6000000000000001,2.6666666666666665,0.3333333333333333,22.825,12,plus_defense,3.3421
14,00-0039875,Ray Davis,RB,CIN,0.0,2.066666666666667,3.0,0.0,31.656666666666666,12,plus_defense,4.4303
14,00-0040078,Brashard Smith,RB,HOU,0.7000000000000001,3.133333333333333,2.6666666666666665,1.0,19.74166666666667,12,plus_defense,3.7759
14,00-0040122,Ashton Jeanty,RB,DEN,5.8,15.433333333333335,20.666666666666668,1.6666666666666667,17.825000000000003,12,plus_defense,15.2759
14,00-0040142,Kaleb Johnson,RB,BAL,0.4,0.9,3.5,1.0,23.40833333333333,12,plus_defense,3.8503
14,00-0040162,Dylan Sampson,RB,TEN,11.8,6.800000000000001,5.333333333333333,0.3333333333333333,23.391666666666666,12,plus_defense,6.1904
14,00-0040198,Ollie Gordon II,RB,NYJ,7.7,5.75,6.0,3.0,24.791666666666668,12,plus_defense,6.3354
14,00-0040202,Devin Neal,RB,TB,15.4,10.5,15.5,0.0,24.00833333333333,12,plus_defense,11.9857
14,00-0040236,Kyle Monangai,RB,GB,6.7,13.5,16.0,3.6666666666666665,19.916666666666668,12,plus_defense,12.709
14,00-0040238,LeQuint Allen Jr.,RB,IND,2.8,1.2666666666666668,3.0,0.6666666666666666,20.908333333333335,12,plus_defense,3.5441
14,00-0040242,Jacory Croskey-Merritt,RB,MIN,3.2,3.1500000000000004,7.0,1.5,21.308333333333334,12,plus_defense,5.9408
14,00-0040583,Woody Marks,RB,KC,15.600000000000001,7.233333333333333,18.666666666666668,4.0,18.491666666666667,12,plus_defense,12.3253
14,00-0040719,Bhayshul Tuten,RB,IND,0.5,8.0,10.666666666666666,3.0,20.908333333333335,12,plus_defense,8.8666
14,00-0040730,RJ Harvey,RB,LV,22.0,14.6,16.0,5.5,23.24166666666667,12,plus_defense,13.1955
14,00-0036187,Reggie Gilliam,RB,CIN,0.0,0.39999999999999997,0.3333333333333333,0.3333333333333333,31.656666666666666,12,plus_defense,2.7472
14,00-0037157,Bam Knight,RB,LA,6.3999999999999995,15.5,12.666666666666666,2.0,17.733333333333334,12,plus_defense,11.4825
14,00-0038738,Hunter Luepke,RB,DET,0.0,4.4,2.5,0.5,16.733333333333334,12,plus_defense,3.8198
14,00-0040784,Quinshon Judkins,RB,TEN,9.4,12.166666666666666,20.333333333333332,3.0,23.391666666666666,12,plus_defense,14.6597
14,00-0038611,Chris Rodriguez Jr.,RB,MIN,5.2,9.8,14.0,4.0,21.308333333333334,12,plus_defense,10.9255
14,00-0031687,Raheem Mostert,RB,DEN,1.2,2.966666666666667,3.0,0.0,17.825000000000003,12,plus_defense,3.7704
14,00-0036924,Michael Carter,RB,LA,5.1,9.333333333333334,9.333333333333334,2.0,17.733333333333334,12,plus_defense,8.3617
14,00-0039391,Kimani Vidal,RB,PHI,11.4,11.950000000000001,16.5,2.0,24.158333333333335,12,plus_defense,12.8319
14,00-0032104,Ameer Abdullah,RB,JAX,2.9,0.0,0.5,0.0,17.875,12,plus_defense,1.846
14,00-0038454,Keaton Mitchell,RB,PIT,7.6000000000000005,7.133333333333334,5.666666666666667,1.3333333333333333,20.2,12,plus_defense,6.2279
14,00-0039032,Tyjae Spears,RB,CLE,6.700000000000001,7.766666666666667,8.333333333333334,1.0,19.248333333333335,12,plus_defense,7.5929
14,00-0038794,Jaleel McLaughlin,RB,LV,4.1000000000000005,6.2,7.0,1.5,23.24166666666667,12,plus_defense,6.8239
14,00-0035594,Travis Homer,RB,GB,0.0,-0.1,0.5,0.0,19.916666666666668,12,plus_defense,1.9516
14,00-0037563,Malik Davis,RB,DET,0.6000000000000001,5.033333333333333,3.3333333333333335,0.6666666666666666,16.733333333333334,12,plus_defense,4.3738
14,00-0039874,Jaylen Wright,RB,NYJ,16.700000000000003,1.0,2.0,0.0,24.791666666666668,12,plus_defense,3.2504
14,00-0032764,Derrick Henry,RB,PIT,11.200000000000001,20.133333333333333,18.0,5.0,20.2,12,plus_redzone_defense,15.7782
14,00-0033293,Aaron Jones,RB,WAS,7.6000000000000005,8.766666666666667,15.0,1.3333333333333333,25.024999999999995,12,plus_redzone_defense,11.1062
14,00-0033854,Dare Ogunbowale,RB,KC,6.5,0.6333333333333333,0.3333333333333333,0.0,18.491666666666667,12,plus_redzone_defense,1.9238
14,00-0033923,Kareem Hunt,RB,HOU,9.0,14.733333333333334,21.333333333333332,4.333333333333333,19.74166666666667,12,plus_redzone_defense,15.826
14,00-0033955,Jeremy McNichols,RB,MIN,1.2,4.95,7.0,1.5,21.308333333333334,12,plus_redzone_defense,6.4907
14,00-0034791,Nick Chubb,RB,KC,0.30000000000000004,4.533333333333334,7.0,1.3333333333333333,18.491666666666667,12,plus_redzone_defense,6.1701
14,00-0034844,Saquon Barkley,RB,LAC,18.200000000000003,10.0,20.333333333333332,2.6666666666666665,20.908333333333335,12,plus_redzone_defense,13.8974
14,00-0035261,Tony Pollard,RB,CLE,28.1,7.0,13.666666666666666,0.0,19.248333333333335,12,plus_redzone_defense,9.3561
14,00-0035537,Ty Johnson,RB,CIN,5.9,9.566666666666666,5.0,0.6666666666666666,31.656666666666666,12,plus_redzone_defense,7.0444
14,00-0035685,David Montgomery,RB,DAL,14.3,8.066666666666666,8.666666666666666,1.6666666666666667,23.291666666666668,12,plus_redzone_defense,8.1102
14,00-0035700,Josh Jacobs,RB,CHI,17.200000000000003,7.050000000000001,13.0,2.0,22.208333333333332,12,plus_redzone_defense,9.8458
14,00-0036223,Jonathan Taylor,RB,JAX,13.4,11.850000000000001,22.5,3.0,17.875,12,plus_redzone_defense,15.1875
14,00-0036275,D'Andre Swift,RB,GB,11.200000000000001,11.233333333333334,17.0,1.6666666666666667,19.916666666666668,12,plus_redzone_defense,12.3297
14,00-0036842,Kene Nwangwu,RB,MIA,0.0,0.0,0.0,0.0,22.825,12,plus_redzone_defense,1.9061
14,00-0036919,Kenny Gainwell,RB,BAL,16.2,18.066666666666666,13.666666666666666,3.6666666666666665,23.40833333333333,12,plus_redzone_defense,13.1886
14,00-0036973,Travis Etienne,RB,IND,21.2,15.000000000000002,17.666666666666668,4.0,20.908333333333335,12,plus_redzone_defense,14.2246
14,00-0036997,Javonte Williams,RB,DET,14.7,13.133333333333335,22.0,5.0,16.733333333333334,12,plus_redzone_defense,15.7701
14,00-0037085,Tyler Badie,RB,LV,3.1,2.9,3.0,1.5,23.24166666666667,12,plus_redzone_defense,4.366
14,00-0037228,Jaylen Warren,RB,BAL,15.2,11.299999999999999,14.666666666666666,2.0,23.40833333333333,12,plus_redzone_defense,11.6217
14,00-0037248,James Cook,RB,CIN,13.1,21.0,24.666666666666668,3.0,31.656666666666666,12,plus_redzone_defense,19.0834
14,00-0037256,Rachaad White,RB,NO,6.500000000000001,6.4333333333333345,8.666666666666666,1.3333333333333333,22.0,12,plus_redzone_defense,7.563
14,00-0037263,Tyler Allgeier,RB,SEA,8.700000000000001,9.666666666666666,9.333333333333334,1.3333333333333333,18.833333333333332,12,plus_redzone_defense,8.3881
14,00-0037267,Jerome Ford,RB,TEN,3.0,1.5333333333333334,1.6666666666666667,0.0,23.391666666666666,12,plus_redzone_defense,3.0309
14,00-0037525,Jordan Mason,RB,WAS,11.2,6.833333333333333,7.0,0.6666666666666666,25.024999999999995,12,plus_redzone_defense,6.9036
14,00-0037594,Julius Chestnut,RB,CLE,0.0,0.10000000000000002,0.6666666666666666,0.3333333333333333,19.248333333333335,12,plus_redzone_defense,2.0986
14,00-0037840,Kyren Williams,RB,ARI,17.7,11.866666666666667,13.666666666666666,3.6666666666666665,23.291666666666668,12,plus_redzone_defense,11.7864
14,00-0038120,Breece Hall,RB,MIA,4.3,13.300000000000002,19.0,2.3333333333333335,22.825,12,plus_redzone_defense,14.0674
14,00-0038134,Kenneth Walker III,RB,ATL,3.8000000000000003,14.533333333333337,17.0,2.0,23.933333333333337,12,plus_redzone_defense,13.4239
14,00-0038542,Bijan Robinson,RB,SEA,11.4,24.433333333333337,24.666666666666668,3.3333333333333335,18.833333333333332,12,plus_redzone_defense,19.1444
14,00-0038555,Tank Bigsby,RB,LAC,0.4,2.1,2.5,0.0,20.908333333333335,12,plus_redzone_defense,3.3736
14,00-0038597,Chase Brown,RB,BUF,18.5,17.333333333333332,23.666666666666668,2.0,25.424999999999997,12,plus_redzone_defense,17.124
14,00-0038685,Chris Brooks,RB,CHI,1.6,2.4333333333333336,4.0,0.6666666666666666,22.208333333333332,12,plus_redzone_defense,4.3967
14,00-0038797,Emanuel Wilson,RB,CHI,1.0,13.266666666666667,15.333333333333334,3.0,22.208333333333332,12,plus_redzone_defense,12.5806
14,00-0038896,Jacob Saylors,RB,DAL,0.0,0.0,0.0,0.0,23.291666666666668,12,plus_redzone_defense,1.9356
14,00-0038951,Sean Tucker,RB,NO,8.9,13.200000000000001,12.333333333333334,2.0,22.0,12,plus_redzone_defense,10.9186
14,00-0039040,De'Von Achane,RB,NYJ,17.500000000000004,20.45,24.5,6.5,24.791666666666668,12,plus_redzone_defense,19.4829
14,00-0039139,Jahmyr Gibbs,RB,DAL,37.0,28.866666666666664,23.666666666666668,2.0,23.291666666666668,12,plus_redzone_defense,19.584
14,00-0039165,Zach Charbonnet,RB,ATL,8.600000000000001,9.133333333333333,11.0,3.0,23.933333333333337,12,plus_redzone_defense,9.8251
14,00-0039407,Dylan Laube,RB,DEN,0.0,0.0,0.0,0.0,17.825000000000003,12,plus_redzone_defense,1.5904
14,00-0039738,Blake Corum,RB,ARI,26.1,6.0,8.0,2.0,23.291666666666668,12,plus_redzone_defense,7.4459
14,00-0039746,Will Shipley,RB,LAC,1.3,1.05,0.5,0.0,20.908333333333335,12,plus_redzone_defense,2.2445
14,00-0039796,Rasheen Ali,RB,PIT,3.3000000000000003,2.1,2.5,0.0,20.2,12,plus_redzone_defense,3.3289
14,00-0039798,Isaiah Davis,RB,MIA,2.2,0.6000000000000001,2.6666666666666665,0.3333333333333333,22.825,12,plus_redzone_defense,3.3297
14,00-0039875,Ray Davis,RB,CIN,0.0,2.066666666666667,3.0,0.0,31.656666666666666,12,plus_redzone_defense,4.2679
14,00-0040078,Brashard Smith,RB,HOU,0.7000000000000001,3.133333333333333,2.6666666666666665,1.0,19.74166666666667,12,plus_redzone_defense,3.9014
14,00-0040122,Ashton Jeanty,RB,DEN,5.8,15.433333333333335,20.666666666666668,1.6666666666666667,17.825000000000003,12,plus_redzone_defense,14.7793
14,00-0040142,Kaleb Johnson,RB,BAL,0.4,0.9,3.5,1.0,23.40833333333333,12,plus_redzone_defense,4.0025
14,00-0040162,Dylan Sampson,RB,TEN,11.8,6.800000000000001,5.333333333333333,0.3333333333333333,23.391666666666666,12,plus_redzone_defense,5.9508
14,00-0040198,Ollie Gordon II,RB,NYJ,7.7,5.75,6.0,3.0,24.791666666666668,12,plus_redzone_defense,6.8861
14,00-0040202,Devin Neal,RB,TB,15.4,10.5,15.5,0.0,24.00833333333333,12,plus_redzone_defense,11.2624
14,00-0040236,Kyle Monangai,RB,GB,6.7,13.5,16.0,3.6666666666666665,19.916666666666668,12,plus_redzone_defense,12.9824
14,00-0040238,LeQuint Allen Jr.,RB,IND,2.8,1.2666666666666668,3.0,0.6666666666666666,20.908333333333335,12,plus_redzone_defense,3.6057
14,00-0040242,Jacory Croskey-Merritt,RB,MIN,3.2,3.1500000000000004,7.0,1.5,21.308333333333334,12,plus_redzone_defense,6.0858
14,00-0040583,Woody Marks,RB,KC,15.600000000000001,7.233333333333333,18.666666666666668,4.0,18.491666666666667,12,plus_redzone_defense,12.7712
14,00-0040719,Bhayshul Tuten,RB,IND,0.5,8.0,10.666666666666666,3.0,20.908333333333335,12,plus_redzone_defense,9.2304
14,00-0040730,RJ Harvey,RB,LV,22.0,14.6,16.0,5.5,23.24166666666667,12,plus_redzone_defense,13.9798
14,00-0036187,Reggie Gilliam,RB,CIN,0.0,0.39999999999999997,0.3333333333333333,0.3333333333333333,31.656666666666666,12,plus_redzone_defense,2.8007
14,00-0037157,Bam Knight,RB,LA,6.3999999999999995,15.5,12.666666666666666,2.0,17.733333333333334,12,plus_redzone_defense,11.3154
14,00-0038738,Hunter Luepke,RB,DET,0.0,4.4,2.5,0.5,16.733333333333334,12,plus_redzone_defense,3.7747
14,00-0040784,Quinshon Judkins,RB,TEN,9.4,12.166666666666666,20.333333333333332,3.0,23.391666666666666,12,plus_redzone_defense,14.6399
14,00-0038611,Chris Rodriguez Jr.,RB,MIN,5.2,9.8,14.0,4.0,21.308333333333334,12,plus_redzone_defense,11.4432
14,00-0031687,Raheem Mostert,RB,DEN,1.2,2.966666666666667,3.0,0.0,17.825000000000003,12,plus_redzone_defense,3.5971
14,00-0036924,Michael Carter,RB,LA,5.1,9.333333333333334,9.333333333333334,2.0,17.733333333333334,12,plus_redzone_defense,8.4401
14,00-0039391,Kimani Vidal,RB,PHI,11.4,11.950000000000001,16.5,2.0,24.158333333333335,12,plus_redzone_defense,12.6337
14,00-0032104,Ameer Abdullah,RB,JAX,2.9,0.0,0.5,0.0,17.875,12,plus_redzone_defense,1.8168
14,00-0038454,Keaton Mitchell,RB,PIT,7.6000000000000005,7.133333333333334,5.666666666666667,1.3333333333333333,20.2,12,plus_redzone_defense,6.2676
14,00-0039032,Tyjae Spears,RB,CLE,6.700000000000001,7.766666666666667,8.333333333333334,1.0,19.248333333333335,12,plus_redzone_defense,7.4423
14,00-0038794,Jaleel McLaughlin,RB,LV,4.1000000000000005,6.2,7.0,1.5,23.24166666666667,12,plus_redzone_defense,6.894
14,00-0035594,Travis Homer,RB,GB,0.0,-0.1,0.5,0.0,19.916666666666668,12,plus_redzone_defense,1.9232
14,00-0037563,Malik Davis,RB,DET,0.6000000000000001,5.033333333333333,3.3333333333333335,0.6666666666666666,16.733333333333334,12,plus_redzone_defense,4.3383
14,00-0039874,Jaylen Wright,RB,NYJ,16.700000000000003,1.0,2.0,0.0,24.791666666666668,12,plus_redzone_defense,3.1481
15,00-0032764,Derrick Henry,RB,CIN,10.0,17.133333333333333,20.333333333333332,5.666666666666667,30.68307692307692,13,baseline,15.7111
15,00-0033280,Christian McCaffrey,RB,TEN,15.700000000000001,22.3,28.0,8.5,23.45384615384615,13,baseline,20.6098
15,00-0033293,Aaron Jones,RB,DAL,9.5,7.6000000000000005,12.666666666666666,0.6666666666666666,25.446153846153848,13,baseline,9.6959
15,00-0033526,Samaje Perine,RB,BAL,5.3,6.1,11.5,3.0,24.053846153846152,13,baseline,8.7679
15,00-0033854,Dare Ogunbowale,RB,ARI,6.4,2.1666666666666665,0.3333333333333333,0.3333333333333333,25.184615384615384,13,baseline,2.5514
15,00-0033923,Kareem Hunt,RB,LAC,3.0,13.333333333333334,20.666666666666668,5.333333333333333,20.83076923076923,13,baseline,14.895
15,00-0033955,Jeremy McNichols,RB,NYG,3.2,3.1,4.5,1.0,28.392307692307693,13,baseline,4.7344
15,00-0034844,Saquon Barkley,RB,LV,17.2,12.733333333333334,18.333333333333332,2.3333333333333335,23.700000000000003,13,baseline,13.6528
15,00-0035250,Devin Singletary,RB,WAS,2.4,11.950000000000001,14.5,0.5,24.776923076923076,13,baseline,11.6637
15,00-0035261,Tony Pollard,RB,SF,18.2,14.5,17.666666666666668,0.3333333333333333,22.615384615384617,13,baseline,13.7934
15,00-0035537,Ty Johnson,RB,NE,5.8,6.533333333333334,5.666666666666667,0.6666666666666666,16.907692307692308,13,baseline,6.1567
15,00-0035685,David Montgomery,RB,LA,9.2,11.266666666666666,8.666666666666666,1.6666666666666667,17.253846153846155,13,baseline,8.7669
15,00-0035700,Josh Jacobs,RB,DEN,23.2,13.650000000000002,20.0,1.5,16.992307692307694,13,baseline,14.6649
15,00-0036139,Rico Dowdle,RB,NO,12.4,10.65,15.0,1.0,22.73076923076923,13,baseline,11.5646
15,00-0036223,Jonathan Taylor,RB,SEA,13.100000000000001,12.366666666666667,22.0,3.0,18.93076923076923,13,baseline,15.27
15,00-0036275,D'Andre Swift,RB,CLE,22.6,11.966666666666669,15.333333333333334,2.3333333333333335,20.444615384615386,13,baseline,12.0568
15,00-0036555,Chuba Hubbard,RB,NO,4.800000000000001,14.350000000000001,13.0,0.5,22.73076923076923,13,baseline,11.5774
15,00-0036875,Rhamondre Stevenson,RB,BUF,10.7,6.5,11.5,3.0,25.26153846153846,13,baseline,8.8702
15,00-0036919,Kenny Gainwell,RB,MIA,19.6,13.633333333333335,11.666666666666666,4.333333333333333,21.569230769230767,13,baseline,10.7719
15,00-0036973,Travis Etienne,RB,NYJ,31.5,15.633333333333335,17.666666666666668,2.0,26.107692307692307,13,baseline,14.0832
15,00-0036997,Javonte Williams,RB,MIN,15.1,14.6,21.333333333333332,4.666666666666667,20.407692307692308,13,baseline,15.53
15,00-0037085,Tyler Badie,RB,GB,1.1,3.95,5.0,1.5,19.761538461538464,13,baseline,5.185
15,00-0037197,Isiah Pacheco,RB,LAC,2.1,4.15,7.0,0.0,20.83076923076923,13,baseline,6.1694
15,00-0037228,Jaylen Warren,RB,MIA,7.800000000000001,13.466666666666669,14.333333333333334,2.6666666666666665,21.569230769230767,13,baseline,11.9737
15,00-0037248,James Cook,RB,NE,31.1,18.566666666666666,25.0,4.666666666666667,16.907692307692308,13,baseline,18.2552
15,00-0037256,Rachaad White,RB,ATL,3.6,5.866666666666667,8.666666666666666,1.3333333333333333,23.04615384615385,13,baseline,7.3861
15,00-0037263,Tyler Allgeier,RB,TB,1.8,9.366666666666667,12.0,2.3333333333333335,23.584615384615383,13,baseline,9.8365
15,00-0037525,Jordan Mason,RB,DAL,2.9000000000000004,7.066666666666666,8.666666666666666,2.0,25.446153846153848,13,baseline,7.693
15,00-0037594,Julius Chestnut,RB,SF,0.0,0.10000000000000002,0.6666666666666666,0.3333333333333333,22.615384615384617,13,baseline,2.1785
15,00-0037746,Brian Robinson,RB,TEN,2.1,4.0,8.5,1.0,23.45384615384615,13,baseline,6.8311
15,00-0037840,Kyren Williams,RB,DET,21.8,12.233333333333334,14.0,2.3333333333333335,16.623076923076926,13,baseline,11.5028
15,00-0038120,Breece Hall,RB,JAX,5.700000000000001,11.933333333333332,18.666666666666668,3.0,17.753846153846155,13,baseline,13.6037
15,00-0038134,Kenneth Walker III,RB,IND,2.9000000000000004,9.100000000000001,15.0,3.0,21.184615384615384,13,baseline,11.1683
15,00-0038542,Bijan Robinson,RB,TB,31.5,18.133333333333333,22.666666666666668,3.3333333333333335,23.584615384615383,13,baseline,17.0556
15,00-0038555,Tank Bigsby,RB,LV,5.7,0.6000000000000001,1.0,0.5,23.700000000000003,13,baseline,2.4619
15,00-0038597,Chase Brown,RB,BAL,16.0,17.26666666666667,20.333333333333332,2.6666666666666665,24.053846153846152,13,baseline,15.7452
15,00-0038685,Chris Brooks,RB,DEN,2.6,2.6999999999999997,4.0,0.6666666666666666,16.992307692307694,13,baseline,4.3988
15,00-0038797,Emanuel Wilson,RB,DEN,0.30000000000000004,9.633333333333335,12.333333333333334,2.3333333333333335,16.992307692307694,13,baseline,10.0603
15,00-0038951,Sean Tucker,RB,ATL,6.7,4.833333333333333,7.666666666666667,1.3333333333333333,23.04615384615385,13,baseline,6.6553
15,00-0039040,De'Von Achane,RB,PIT,18.7,18.450000000000003,15.5,2.5,20.346153846153847,13,baseline,13.7923
15,00-0039139,Jahmyr Gibbs,RB,LA,9.8,34.666666666666664,23.333333333333332,2.6666666666666665,17.253846153846155,13,baseline,21.5942
15,00-0039165,Zach Charbonnet,RB,IND,3.1,9.766666666666667,10.0,2.3333333333333335,21.184615384615384,13,baseline,9.0055
15,00-0039361,Bucky Irving,RB,ATL,8.1,16.1,18.5,1.5,23.04615384615385,13,baseline,14.5914
15,00-0039384,Tyrone Tracy Jr.,RB,WAS,24.7,10.15,17.5,2.5,24.776923076923076,13,baseline,12.6033
15,00-0039407,Dylan Laube,RB,PHI,0.4,0.0,0.0,0.0,24.307692307692314,13,baseline,1.8418
15,00-0039738,Blake Corum,RB,DET,13.100000000000001,14.200000000000001,9.0,2.0,16.623076923076926,13,baseline,9.6725
15,00-0039746,Will Shipley,RB,LV,0.0,1.1333333333333335,0.6666666666666666,0.0,23.700000000000003,13,baseline,2.4427
15,00-0039796,Rasheen Ali,RB,CIN,11.2,2.5,4.0,1.0,30.68307692307692,13,baseline,4.3476
15,00-0039798,Isaiah Davis,RB,JAX,13.5,0.9666666666666668,2.3333333333333335,0.0,17.753846153846155,13,baseline,3.1778
15,00-0039875,Ray Davis,RB,NE,2.3,2.066666666666667,3.0,0.0,16.907692307692308,13,baseline,3.7702
15,00-0040078,Brashard Smith,RB,LAC,0.1,2.433333333333333,2.0,0.3333333333333333,20.83076923076923,13,baseline,3.3973
15,00-0040122,Ashton Jeanty,RB,PHI,8.2,14.233333333333333,20.666666666666668,1.6666666666666667,24.307692307692314,13,baseline,15.1251
15,00-0040142,Kaleb Johnson,RB,MIA,0.4,0.35000000000000003,2.0,0.0,21.569230769230767,13,baseline,2.8646
15,00-0040198,Ollie Gordon II,RB,PIT,0.0,4.35,4.0,0.5,20.346153846153847,13,baseline,4.8207
15,00-0040202,Devin Neal,RB,CAR,10.200000000000001,12.133333333333333,17.0,1.0,24.715384615384615,13,baseline,12.8771
15,00-0040236,Kyle Monangai,RB,CLE,3.3000000000000003,12.166666666666666,17.0,4.0,20.444615384615386,13,baseline,12.8857
15,00-0040238,LeQuint Allen Jr.,RB,NYJ,2.6,1.0,1.0,0.0,26.107692307692307,13,baseline,2.5642
15,00-0040242,Jacory Croskey-Merritt,RB,NYG,15.600000000000001,2.6,5.5,0.5,28.392307692307693,13,baseline,5.0732
15,00-0040583,Woody Marks,RB,ARI,4.8,10.4,22.0,5.333333333333333,25.184615384615384,13,baseline,14.7672
15,00-0040644,Trevor Etienne,RB,NO,0.0,0.7,0.5,0.0,22.73076923076923,13,baseline,2.2541
15,00-0040719,Bhayshul Tuten,RB,NYJ,9.3,3.6999999999999993,6.333333333333333,1.6666666666666667,26.107692307692307,13,baseline,5.7433
15,00-0040730,RJ Harvey,RB,GB,12.5,21.6,20.0,6.0,19.761538461538464,13,baseline,16.6976
15,00-0040734,TreVeyon Henderson,RB,BUF,30.1,11.350000000000001,18.5,2.5,25.26153846153846,13,baseline,13.3768
15,00-0036187,Reggie Gilliam,RB,NE,0.0,0.39999999999999997,0.3333333333333333,0.0,16.907692307692308,13,baseline,2.0997
15,00-0037157,Bam Knight,RB,HOU,-0.2,12.799999999999999,14.0,1.3333333333333333,19.200000000000003,13,baseline,11.6477
15,00-0038738,Hunter Luepke,RB,MIN,5.0,0.8500000000000001,0.5,0.0,20.407692307692308,13,baseline,2.2925
15,00-0040784,Quinshon Judkins,RB,CHI,4.699999999999999,13.333333333333334,19.666666666666668,2.3333333333333335,22.023076923076925,13,baseline,14.4284
15,00-0037120,Tyler Goodson,RB,SEA,0.0,0.0,0.0,0.0,18.93076923076923,13,baseline,1.8418
15,00-0039364,Sione Vaki,RB,LA,0.0,0.0,0.0,0.0,17.253846153846155,13,baseline,1.8418
15,00-0031687,Raheem Mostert,RB,PHI,1.2,2.2666666666666666,2.0,0.0,24.307692307692314,13,baseline,3.3547
15,00-0036924,Michael Carter,RB,HOU,13.400000000000002,8.433333333333335,8.666666666666666,1.6666666666666667,19.200000000000003,13,baseline,8.0424
15,00-0039391,Kimani Vidal,RB,KC,5.800000000000001,16.05,21.5,3.0,18.792307692307695,13,baseline,15.9785
15,00-0032104,Ameer Abdullah,RB,SEA,9.7,0.9666666666666667,1.3333333333333333,0.3333333333333333,18.93076923076923,13,baseline,2.7112
15,00-0038454,Keaton Mitchell,RB,CIN,6.6000000000000005,7.2,4.666666666666667,0.6666666666666666,30.68307692307692,13,baseline,5.8605
15,00-0039032,Tyjae Spears,RB,SF,5.6000000000000005,7.2,9.333333333333334,1.0,22.615384615384617,13,baseline,8.0381
15,00-0039603,British Brooks,RB,ARI,0.0,0.0,0.0,0.0,25.184615384615384,13,baseline,1.8418
15,00-0038794,Jaleel McLaughlin,RB,GB,0.4,4.050000000000001,6.0,0.5,19.761538461538464,13,baseline,5.6772
15,00-0037563,Malik Davis,RB,MIN,11.7,4.566666666666666,3.0,0.6666666666666666,20.407692307692308,13,baseline,4.4094
15,00-0039874,Jaylen Wright,RB,PIT,2.1,9.150000000000002,15.0,1.5,20.346153846153847,13,baseline,11.181
15,00-0037557,Ronnie Rivers,RB,DET,0.0,2.0500000000000003,4.0,0.0,16.623076923076926,13,baseline,4.2326
15,00-0038397,Evan Hull,RB,CAR,1.2000000000000002,1.75,3.5,0.0,24.715384615384615,13,baseline,3.9225
15,00-0032764,Derrick Henry,RB,CIN,10.0,17.133333333333333,20.333333333333332,5.666666666666667,30.68307692307692,13,plus_defense,16.3582
15,00-0033280,Christian McCaffrey,RB,TEN,15.700000000000001,22.3,28.0,8.5,23.45384615384615,13,plus_defense,20.7384
15,00-0033293,Aaron Jones,RB,DAL,9.5,7.6000000000000005,12.666666666666666,0.6666666666666666,25.446153846153848,13,plus_defense,9.9618
15,00-0033526,Samaje Perine,RB,BAL,5.3,6.1,11.5,3.0,24.053846153846152,13,plus_defense,8.9329
15,00-0033854,Dare Ogunbowale,RB,ARI,6.4,2.1666666666666665,0.3333333333333333,0.3333333333333333,25.184615384615384,13,plus_defense,2.7981
15,00-0033923,Kareem Hunt,RB,LAC,3.0,13.333333333333334,20.666666666666668,5.333333333333333,20.83076923076923,13,plus_defense,14.8307
15,00-0033955,Jeremy McNichols,RB,NYG,3.2,3.1,4.5,1.0,28.392307692307693,13,plus_defense,5.2113
15,00-0034844,Saquon Barkley,RB,LV,17.2,12.733333333333334,18.333333333333332,2.3333333333333335,23.700000000000003,13,plus_defense,13.7951
15,00-0035250,Devin Singletary,RB,WAS,2.4,11.950000000000001,14.5,0.5,24.776923076923076,13,plus_defense,11.884
15,00-0035261,Tony Pollard,RB,SF,18.2,14.5,17.666666666666668,0.3333333333333333,22.615384615384617,13,plus_defense,13.8591
15,00-0035537,Ty Johnson,RB,NE,5.8,6.533333333333334,5.666666666666667,0.6666666666666666,16.907692307692308,13,plus_defense,5.8096
15,00-0035685,David Montgomery,RB,LA,9.2,11.266666666666666,8.666666666666666,1.6666666666666667,17.253846153846155,13,plus_defense,8.4473
15,00-0035700,Josh Jacobs,RB,DEN,23.2,13.650000000000002,20.0,1.5,16.992307692307694,13,plus_defense,14.3249
15,00-0036139,Rico Dowdle,RB,NO,12.4,10.65,15.0,1.0,22.73076923076923,13,plus_defense,11.6367
15,00-0036223,Jonathan Taylor,RB,SEA,13.100000000000001,12.366666666666667,22.0,3.0,18.93076923076923,13,plus_defense,15.068
15,00-0036275,D'Andre Swift,RB,CLE,22.6,11.966666666666669,15.333333333333334,2.3333333333333335,20.444615384615386,13,plus_defense,11.9653
15,00-0036555,Chuba Hubbard,RB,NO,4.800000000000001,14.350000000000001,13.0,0.5,22.73076923076923,13,plus_defense,11.6527
15,00-0036875,Rhamondre Stevenson,RB,BUF,10.7,6.5,11.5,3.0,25.26153846153846,13,plus_defense,9.1224
15,00-0036919,Kenny Gainwell,RB,MIA,19.6,13.633333333333335,11.666666666666666,4.333333333333333,21.569230769230767,13,plus_defense,10.7636
15,00-0036973,Travis Etienne,RB,NYJ,31.5,15.633333333333335,17.666666666666668,2.0,26.107692307692307,13,plus_defense,14.4009
15,00-0036997,Javonte Williams,RB,MIN,15.1,14.6,21.333333333333332,4.666666666666667,20.407692307692308,13,plus_defense,15.436
15,00-0037085,Tyler Badie,RB,GB,1.1,3.95,5.0,1.5,19.761538461538464,13,plus_defense,5.0416
15,00-0037197,Isiah Pacheco,RB,LAC,2.1,4.15,7.0,0.0,20.83076923076923,13,plus_defense,6.1025
15,00-0037228,Jaylen Warren,RB,MIA,7.800000000000001,13.466666666666669,14.333333333333334,2.6666666666666665,21.569230769230767,13,plus_defense,11.9644
15,00-0037248,James Cook,RB,NE,31.1,18.566666666666666,25.0,4.666666666666667,16.907692307692308,13,plus_defense,17.9113
15,00-0037256,Rachaad White,RB,ATL,3.6,5.866666666666667,8.666666666666666,1.3333333333333333,23.04615384615385,13,plus_defense,7.4793
15,00-0037263,Tyler Allgeier,RB,TB,1.8,9.366666666666667,12.0,2.3333333333333335,23.584615384615383,13,plus_defense,9.97
15,00-0037525,Jordan Mason,RB,DAL,2.9000000000000004,7.066666666666666,8.666666666666666,2.0,25.446153846153848,13,plus_defense,7.9596
15,00-0037594,Julius Chestnut,RB,SF,0.0,0.10000000000000002,0.6666666666666666,0.3333333333333333,22.615384615384617,13,plus_defense,2.2388
15,00-0037746,Brian Robinson,RB,TEN,2.1,4.0,8.5,1.0,23.45384615384615,13,plus_defense,6.9523
15,00-0037840,Kyren Williams,RB,DET,21.8,12.233333333333334,14.0,2.3333333333333335,16.623076923076926,13,plus_defense,11.137
15,00-0038120,Breece Hall,RB,JAX,5.700000000000001,11.933333333333332,18.666666666666668,3.0,17.753846153846155,13,plus_defense,13.3177
15,00-0038134,Kenneth Walker III,RB,IND,2.9000000000000004,9.100000000000001,15.0,3.0,21.184615384615384,13,plus_defense,11.128
15,00-0038542,Bijan Robinson,RB,TB,31.5,18.133333333333333,22.666666666666668,3.3333333333333335,23.584615384615383,13,plus_defense,17.1922
15,00-0038555,Tank Bigsby,RB,LV,5.7,0.6000000000000001,1.0,0.5,23.700000000000003,13,plus_defense,2.6005
15,00-0038597,Chase Brown,RB,BAL,16.0,17.26666666666667,20.333333333333332,2.6666666666666665,24.053846153846152,13,plus_defense,15.9156
15,00-0038685,Chris Brooks,RB,DEN,2.6,2.6999999999999997,4.0,0.6666666666666666,16.992307692307694,13,plus_defense,4.0556
15,00-0038797,Emanuel Wilson,RB,DEN,0.30000000000000004,9.633333333333335,12.333333333333334,2.3333333333333335,16.992307692307694,13,plus_defense,9.7196
15,00-0038951,Sean Tucker,RB,ATL,6.7,4.833333333333333,7.666666666666667,1.3333333333333333,23.04615384615385,13,plus_defense,6.748
15,00-0039040,De'Von Achane,RB,PIT,18.7,18.450000000000003,15.5,2.5,20.346153846153847,13,plus_defense,13.6983
15,00-0039139,Jahmyr Gibbs,RB,LA,9.8,34.666666666666664,23.333333333333332,2.6666666666666665,17.253846153846155,13,plus_defense,21.2871
15,00-0039165,Zach Charbonnet,RB,IND,3.1,9.766666666666667,10.0,2.3333333333333335,21.184615384615384,13,plus_defense,8.9672
15,00-0039361,Bucky Irving,RB,ATL,8.1,16.1,18.5,1.5,23.04615384615385,13,plus_defense,14.689
15,00-0039384,Tyrone Tracy Jr.,RB,WAS,24.7,10.15,17.5,2.5,24.776923076923076,13,plus_defense,12.8215
15,00-0039407,Dylan Laube,RB,PHI,0.4,0.0,0.0,0.0,24.307692307692314,13,plus_defense,2.024
15,00-0039738,Blake Corum,RB,DET,13.100000000000001,14.200000000000001,9.0,2.0,16.623076923076926,13,plus_defense,9.3095
15,00-0039746,Will Shipley,RB,LV,0.0,1.1333333333333335,0.6666666666666666,0.0,23.700000000000003,13,plus_defense,2.5818
15,00-0039796,Rasheen Ali,RB,CIN,11.2,2.5,4.0,1.0,30.68307692307692,13,plus_defense,4.989
15,00-0039798,Isaiah Davis,RB,JAX,13.5,0.9666666666666668,2.3333333333333335,0.0,17.753846153846155,13,plus_defense,2.8887
15,00-0039875,Ray Davis,RB,NE,2.3,2.066666666666667,3.0,0.0,16.907692307692308,13,plus_defense,3.4207
15,00-0040078,Brashard Smith,RB,LAC,0.1,2.433333333333333,2.0,0.3333333333333333,20.83076923076923,13,plus_defense,3.3306
15,00-0040122,Ashton Jeanty,RB,PHI,8.2,14.233333333333333,20.666666666666668,1.6666666666666667,24.307692307692314,13,plus_defense,15.3116
15,00-0040142,Kaleb Johnson,RB,MIA,0.4,0.35000000000000003,2.0,0.0,21.569230769230767,13,plus_defense,2.8495
15,00-0040198,Ollie Gordon II,RB,PIT,0.0,4.35,4.0,0.5,20.346153846153847,13,plus_defense,4.7199
15,00-0040202,Devin Neal,RB,CAR,10.200000000000001,12.133333333333333,17.0,1.0,24.715384615384615,13,plus_defense,13.0925
15,00-0040236,Kyle Monangai,RB,CLE,3.3000000000000003,12.166666666666666,17.0,4.0,20.444615384615386,13,plus_defense,12.7938
15,00-0040238,LeQuint Allen Jr.,RB,NYJ,2.6,1.0,1.0,0.0,26.107692307692307,13,plus_defense,2.8762
15,00-0040242,Jacory Croskey-Merritt,RB,NYG,15.600000000000001,2.6,5.5,0.5,28.392307692307693,13,plus_defense,5.5494
15,00-0040583,Woody Marks,RB,ARI,4.8,10.4,22.0,5.333333333333333,25.184615384615384,13,plus_defense,15.0135
15,00-0040644,Trevor Etienne,RB,NO,0.0,0.7,0.5,0.0,22.73076923076923,13,plus_defense,2.3233
15,00-0040719,Bhayshul Tuten,RB,NYJ,9.3,3.6999999999999993,6.333333333333333,1.6666666666666667,26.107692307692307,13,plus_defense,6.0558
15,00-0040730,RJ Harvey,RB,GB,12.5,21.6,20.0,6.0,19.761538461538464,13,plus_defense,16.5625
15,00-0040734,TreVeyon Henderson,RB,BUF,30.1,11.350000000000001,18.5,2.5,25.26153846153846,13,plus_defense,13.6304
15,00-0036187,Reggie Gilliam,RB,NE,0.0,0.39999999999999997,0.3333333333333333,0.0,16.907692307692308,13,plus_defense,1.7498
15,00-0037157,Bam Knight,RB,HOU,-0.2,12.799999999999999,14.0,1.3333333333333333,19.200000000000003,13,plus_defense,11.4676
15,00-0038738,Hunter Luepke,RB,MIN,5.0,0.8500000000000001,0.5,0.0,20.407692307692308,13,plus_defense,2.1946
15,00-0040784,Quinshon Judkins,RB,CHI,4.699999999999999,13.333333333333334,19.666666666666668,2.3333333333333335,22.023076923076925,13,plus_defense,14.4501
15,00-0037120,Tyler Goodson,RB,SEA,0.0,0.0,0.0,0.0,18.93076923076923,13,plus_defense,1.6373
15,00-0039364,Sione Vaki,RB,LA,0.0,0.0,0.0,0.0,17.253846153846155,13,plus_defense,1.5167
15,00-0031687,Raheem Mostert,RB,PHI,1.2,2.2666666666666666,2.0,0.0,24.307692307692314,13,plus_defense,3.5379
15,00-0036924,Michael Carter,RB,HOU,13.400000000000002,8.433333333333335,8.666666666666666,1.6666666666666667,19.200000000000003,13,plus_defense,7.8608
15,00-0039391,Kimani Vidal,RB,KC,5.800000000000001,16.05,21.5,3.0,18.792307692307695,13,plus_defense,15.7693
15,00-0032104,Ameer Abdullah,RB,SEA,9.7,0.9666666666666667,1.3333333333333333,0.3333333333333333,18.93076923076923,13,plus_defense,2.507
15,00-0038454,Keaton Mitchell,RB,CIN,6.6000000000000005,7.2,4.666666666666667,0.6666666666666666,30.68307692307692,13,plus_defense,6.505
15,00-0039032,Tyjae Spears,RB,SF,5.6000000000000005,7.2,9.333333333333334,1.0,22.615384615384617,13,plus_defense,8.1011
15,00-0039603,British Brooks,RB,ARI,0.0,0.0,0.0,0.0,25.184615384615384,13,plus_defense,2.0871
15,00-0038794,Jaleel McLaughlin,RB,GB,0.4,4.050000000000001,6.0,0.5,19.761538461538464,13,plus_defense,5.5336
15,00-0037563,Malik Davis,RB,MIN,11.7,4.566666666666666,3.0,0.6666666666666666,20.407692307692308,13,plus_defense,4.3135
15,00-0039874,Jaylen Wright,RB,PIT,2.1,9.150000000000002,15.0,1.5,20.346153846153847,13,plus_defense,11.0805
15,00-0037557,Ronnie Rivers,RB,DET,0.0,2.0500000000000003,4.0,0.0,16.623076923076926,13,plus_defense,3.8624
15,00-0038397,Evan Hull,RB,CAR,1.2000000000000002,1.75,3.5,0.0,24.715384615384615,13,plus_defense,4.1343
15,00-0032764,Derrick Henry,RB,CIN,10.0,17.133333333333333,20.333333333333332,5.666666666666667,30.68307692307692,13,plus_redzone_defense,16.8419
15,00-0033280,Christian McCaffrey,RB,TEN,15.700000000000001,22.3,28.0,8.5,23.45384615384615,13,plus_redzone_defense,21.5877
15,00-0033293,Aaron Jones,RB,DAL,9.5,7.6000000000000005,12.666666666666666,0.6666666666666666,25.446153846153848,13,plus_redzone_defense,9.6819
15,00-0033526,Samaje Perine,RB,BAL,5.3,6.1,11.5,3.0,24.053846153846152,13,plus_redzone_defense,9.2186
15,00-0033854,Dare Ogunbowale,RB,ARI,6.4,2.1666666666666665,0.3333333333333333,0.3333333333333333,25.184615384615384,13,plus_redzone_defense,2.811
15,00-0033923,Kareem Hunt,RB,LAC,3.0,13.333333333333334,20.666666666666668,5.333333333333333,20.83076923076923,13,plus_redzone_defense,15.3021
15,00-0033955,Jeremy McNichols,RB,NYG,3.2,3.1,4.5,1.0,28.392307692307693,13,plus_redzone_defense,5.2625
15,00-0034844,Saquon Barkley,RB,LV,17.2,12.733333333333334,18.333333333333332,2.3333333333333335,23.700000000000003,13,plus_redzone_defense,13.6677
15,00-0035250,Devin Singletary,RB,WAS,2.4,11.950000000000001,14.5,0.5,24.776923076923076,13,plus_redzone_defense,11.451
15,00-0035261,Tony Pollard,RB,SF,18.2,14.5,17.666666666666668,0.3333333333333333,22.615384615384617,13,plus_redzone_defense,13.2756
15,00-0035537,Ty Johnson,RB,NE,5.8,6.533333333333334,5.666666666666667,0.6666666666666666,16.907692307692308,13,plus_redzone_defense,5.7035
15,00-0035685,David Montgomery,RB,LA,9.2,11.266666666666666,8.666666666666666,1.6666666666666667,17.253846153846155,13,plus_redzone_defense,8.4121
15,00-0035700,Josh Jacobs,RB,DEN,23.2,13.650000000000002,20.0,1.5,16.992307692307694,13,plus_redzone_defense,13.9627
15,00-0036139,Rico Dowdle,RB,NO,12.4,10.65,15.0,1.0,22.73076923076923,13,plus_redzone_defense,11.3259
15,00-0036223,Jonathan Taylor,RB,SEA,13.100000000000001,12.366666666666667,22.0,3.0,18.93076923076923,13,plus_redzone_defense,15.0141
15,00-0036275,D'Andre Swift,RB,CLE,22.6,11.966666666666669,15.333333333333334,2.3333333333333335,20.444615384615386,13,plus_redzone_defense,11.9178
15,00-0036555,Chuba Hubbard,RB,NO,4.800000000000001,14.350000000000001,13.0,0.5,22.73076923076923,13,plus_redzone_defense,11.2107
15,00-0036875,Rhamondre Stevenson,RB,BUF,10.7,6.5,11.5,3.0,25.26153846153846,13,plus_redzone_defense,9.4008
15,00-0036919,Kenny Gainwell,RB,MIA,19.6,13.633333333333335,11.666666666666666,4.333333333333333,21.569230769230767,13,plus_redzone_defense,11.207
15,00-0036973,Travis Etienne,RB,NYJ,31.5,15.633333333333335,17.666666666666668,2.0,26.107692307692307,13,plus_redzone_defense,14.1635
15,00-0036997,Javonte Williams,RB,MIN,15.1,14.6,21.333333333333332,4.666666666666667,20.407692307692308,13,plus_redzone_defense,15.7239
15,00-0037085,Tyler Badie,RB,GB,1.1,3.95,5.0,1.5,19.761538461538464,13,plus_redzone_defense,5.1784
15,00-0037197,Isiah Pacheco,RB,LAC,2.1,4.15,7.0,0.0,20.83076923076923,13,plus_redzone_defense,5.8617
15,00-0037228,Jaylen Warren,RB,MIA,7.800000000000001,13.466666666666669,14.333333333333334,2.6666666666666665,21.569230769230767,13,plus_redzone_defense,11.9856
15,00-0037248,James Cook,RB,NE,31.1,18.566666666666666,25.0,4.666666666666667,16.907692307692308,13,plus_redzone_defense,18.0497
15,00-0037256,Rachaad White,RB,ATL,3.6,5.866666666666667,8.666666666666666,1.3333333333333333,23.04615384615385,13,plus_redzone_defense,7.4647
15,00-0037263,Tyler Allgeier,RB,TB,1.8,9.366666666666667,12.0,2.3333333333333335,23.584615384615383,13,plus_redzone_defense,10.0407
15,00-0037525,Jordan Mason,RB,DAL,2.9000000000000004,7.066666666666666,8.666666666666666,2.0,25.446153846153848,13,plus_redzone_defense,8.0702
15,00-0037594,Julius Chestnut,RB,SF,0.0,0.10000000000000002,0.6666666666666666,0.3333333333333333,22.615384615384617,13,plus_redzone_defense,2.2811
15,00-0037746,Brian Robinson,RB,TEN,2.1,4.0,8.5,1.0,23.45384615384615,13,plus_redzone_defense,6.9007
15,00-0037840,Kyren Williams,RB,DET,21.8,12.233333333333334,14.0,2.3333333333333335,16.623076923076926,13,plus_redzone_defense,11.1147
15,00-0038120,Breece Hall,RB,JAX,5.700000000000001,11.933333333333332,18.666666666666668,3.0,17.753846153846155,13,plus_redzone_defense,13.3448
15,00-0038134,Kenneth Walker III,RB,IND,2.9000000000000004,9.100000000000001,15.0,3.0,21.184615384615384,13,plus_redzone_defense,11.2847
15,00-0038542,Bijan Robinson,RB,TB,31.5,18.133333333333333,22.666666666666668,3.3333333333333335,23.584615384615383,13,plus_redzone_defense,17.095
15,00-0038555,Tank Bigsby,RB,LV,5.7,0.6000000000000001,1.0,0.5,23.700000000000003,13,plus_redzone_defense,2.6632
15,00-0038597,Chase Brown,RB,BAL,16.0,17.26666666666667,20.333333333333332,2.6666666666666665,24.053846153846152,13,plus_redzone_defense,15.738
15,00-0038685,Chris Brooks,RB,DEN,2.6,2.6999999999999997,4.0,0.6666666666666666,16.992307692307694,13,plus_redzone_defense,4.0533
15,00-0038797,Emanuel Wilson,RB,DEN,0.30000000000000004,9.633333333333335,12.333333333333334,2.3333333333333335,16.992307692307694,13,plus_redzone_defense,9.7795
15,00-0038951,Sean Tucker,RB,ATL,6.7,4.833333333333333,7.666666666666667,1.3333333333333333,23.04615384615385,13,plus_redzone_defense,6.7735
15,00-0039040,De'Von Achane,RB,PIT,18.7,18.450000000000003,15.5,2.5,20.346153846153847,13,plus_redzone_defense,13.5699
15,00-0039139,Jahmyr Gibbs,RB,LA,9.8,34.666666666666664,23.333333333333332,2.6666666666666665,17.253846153846155,13,plus_redzone_defense,20.7392
15,00-0039165,Zach Charbonnet,RB,IND,3.1,9.766666666666667,10.0,2.3333333333333335,21.184615384615384,13,plus_redzone_defense,9.0752
15,00-0039361,Bucky Irving,RB,ATL,8.1,16.1,18.5,1.5,23.04615384615385,13,plus_redzone_defense,14.3156
15,00-0039384,Tyrone Tracy Jr.,RB,WAS,24.7,10.15,17.5,2.5,24.776923076923076,13,plus_redzone_defense,12.7943
15,00-0039407,Dylan Laube,RB,PHI,0.4,0.0,0.0,0.0,24.307692307692314,13,plus_redzone_defense,2.0091
15,00-0039738,Blake Corum,RB,DET,13.100000000000001,14.200000000000001,9.0,2.0,16.623076923076926,13,plus_redzone_defense,9.2889
15,00-0039746,Will Shipley,RB,LV,0.0,1.1333333333333335,0.6666666666666666,0.0,23.700000000000003,13,plus_redzone_defense,2.5324
15,00-0039796,Rasheen Ali,RB,CIN,11.2,2.5,4.0,1.0,30.68307692307692,13,plus_redzone_defense,5.0613
15,00-0039798,Isaiah Davis,RB,JAX,13.5,0.9666666666666668,2.3333333333333335,0.0,17.753846153846155,13,plus_redzone_defense,2.8066
15,00-0039875,Ray Davis,RB,NE,2.3,2.066666666666667,3.0,0.0,16.907692307692308,13,plus_redzone_defense,3.3049
15,00-0040078,Brashard Smith,RB,LAC,0.1,2.433333333333333,2.0,0.3333333333333333,20.83076923076923,13,plus_redzone_defense,3.3029
15,00-0040122,Ashton Jeanty,RB,PHI,8.2,14.233333333333333,20.666666666666668,1.6666666666666667,24.307692307692314,13,plus_redzone_defense,14.9599
15,00-0040142,Kaleb Johnson,RB,MIA,0.4,0.35000000000000003,2.0,0.0,21.569230769230767,13,plus_redzone_defense,2.785
15,00-0040198,Ollie Gordon II,RB,PIT,0.0,4.35,4.0,0.5,20.346153846153847,13,plus_redzone_defense,4.6514
15,00-0040202,Devin Neal,RB,CAR,10.200000000000001,12.133333333333333,17.0,1.0,24.715384615384615,13,plus_redzone_defense,12.7114
15,00-0040236,Kyle Monangai,RB,CLE,3.3000000000000003,12.166666666666666,17.0,4.0,20.444615384615386,13,plus_redzone_defense,13.0729
15,00-0040238,LeQuint Allen Jr.,RB,NYJ,2.6,1.0,1.0,0.0,26.107692307692307,13,plus_redzone_defense,2.8215
15,00-0040242,Jacory Croskey-Merritt,RB,NYG,15.600000000000001,2.6,5.5,0.5,28.392307692307693,13,plus_redzone_defense,5.4775
15,00-0040583,Woody Marks,RB,ARI,4.8,10.4,22.0,5.333333333333333,25.184615384615384,13,plus_redzone_defense,15.5065
15,00-0040644,Trevor Etienne,RB,NO,0.0,0.7,0.5,0.0,22.73076923076923,13,plus_redzone_defense,2.2853
15,00-0040719,Bhayshul Tuten,RB,NYJ,9.3,3.6999999999999993,6.333333333333333,1.6666666666666667,26.107692307692307,13,plus_redzone_defense,6.2033
15,00-0040730,RJ Harvey,RB,GB,12.5,21.6,20.0,6.0,19.761538461538464,13,plus_redzone_defense,17.0502
15,00-0040734,TreVeyon Henderson,RB,BUF,30.1,11.350000000000001,18.5,2.5,25.26153846153846,13,plus_redzone_defense,13.5601
15,00-0036187,Reggie Gilliam,RB,NE,0.0,0.39999999999999997,0.3333333333333333,0.0,16.907692307692308,13,plus_redzone_defense,1.7217
15,00-0037157,Bam Knight,RB,HOU,-0.2,12.799999999999999,14.0,1.3333333333333333,19.200000000000003,13,plus_redzone_defense,11.2149
15,00-0038738,Hunter Luepke,RB,MIN,5.0,0.8500000000000001,0.5,0.0,20.407692307692308,13,plus_redzone_defense,2.1544
15,00-0040784,Quinshon Judkins,RB,CHI,4.699999999999999,13.333333333333334,19.666666666666668,2.3333333333333335,22.023076923076925,13,plus_redzone_defense,14.2833
15,00-0037120,Tyler Goodson,RB,SEA,0.0,0.0,0.0,0.0,18.93076923076923,13,plus_redzone_defense,1.6232
15,00-0039364,Sione Vaki,RB,LA,0.0,0.0,0.0,0.0,17.253846153846155,13,plus_redzone_defense,1.5029
15,00-0031687,Raheem Mostert,RB,PHI,1.2,2.2666666666666666,2.0,0.0,24.307692307692314,13,plus_redzone_defense,3.4393
15,00-0036924,Michael Carter,RB,HOU,13.400000000000002,8.433333333333335,8.666666666666666,1.6666666666666667,19.200000000000003,13,plus_redzone_defense,7.8751
15,00-0039391,Kimani Vidal,RB,KC,5.800000000000001,16.05,21.5,3.0,18.792307692307695,13,plus_redzone_defense,15.6617
15,00-0032104,Ameer Abdullah,RB,SEA,9.7,0.9666666666666667,1.3333333333333333,0.3333333333333333,18.93076923076923,13,plus_redzone_defense,2.52
15,00-0038454,Keaton Mitchell,RB,CIN,6.6000000000000005,7.2,4.666666666666667,0.6666666666666666,30.68307692307692,13,plus_redzone_defense,6.4068
15,00-0039032,Tyjae Spears,RB,SF,5.6000000000000005,7.2,9.333333333333334,1.0,22.615384615384617,13,plus_redzone_defense,7.9752
15,00-0039603,British Brooks,RB,ARI,0.0,0.0,0.0,0.0,25.184615384615384,13,plus_redzone_defense,2.072
15,00-0038794,Jaleel McLaughlin,RB,GB,0.4,4.050000000000001,6.0,0.5,19.761538461538464,13,plus_redzone_defense,5.4267
15,00-0037563,Malik Davis,RB,MIN,11.7,4.566666666666666,3.0,0.6666666666666666,20.407692307692308,13,plus_redzone_defense,4.2998
15,00-0039874,Jaylen Wright,RB,PIT,2.1,9.150000000000002,15.0,1.5,20.346153846153847,13,plus_redzone_defense,10.9065
15,00-0037557,Ronnie Rivers,RB,DET,0.0,2.0500000000000003,4.0,0.0,16.623076923076926,13,plus_redzone_defense,3.7249
15,00-0038397,Evan Hull,RB,CAR,1.2000000000000002,1.75,3.5,0.0,24.715384615384615,13,plus_redzone_defense,4.0118
16,00-0032764,Derrick Henry,RB,NE,24.8,12.866666666666667,16.333333333333332,2.6666666666666665,18.5,14,baseline,12.6447
16,00-0033280,Christian McCaffrey,RB,IND,32.6,16.55,24.0,11.0,20.099999999999998,14,baseline,17.1093
16,00-0033293,Aaron Jones,RB,NYG,11.3,7.866666666666667,13.333333333333334,1.0,27.70714285714286,14,baseline,9.9818
16,00-0033526,Samaje Perine,RB,MIA,12.1,5.833333333333333,12.666666666666666,2.0,22.014285714285712,14,baseline,9.1527
16,00-0033854,Dare Ogunbowale,RB,LV,0.8999999999999999,4.3,3.3333333333333335,2.6666666666666665,23.642857142857142,14,baseline,4.4768
16,00-0033923,Kareem Hunt,RB,TEN,0.2,7.0,12.333333333333334,3.6666666666666665,23.05,14,baseline,9.3001
16,00-0033955,Jeremy McNichols,RB,PHI,3.1999999999999997,3.1333333333333333,6.333333333333333,0.6666666666666666,23.271428571428576,14,baseline,5.5527
16,00-0034791,Nick Chubb,RB,LV,5.200000000000001,4.8500000000000005,5.0,1.5,23.642857142857142,14,baseline,5.3829
16,00-0034844,Saquon Barkley,RB,WAS,19.200000000000003,13.666666666666666,20.666666666666668,4.666666666666667,24.942857142857143,14,baseline,14.8383
16,00-0035250,Devin Singletary,RB,MIN,5.6000000000000005,10.8,10.5,0.5,21.22142857142857,14,baseline,9.437
16,00-0035261,Tony Pollard,RB,KC,10.200000000000001,17.866666666666664,17.666666666666668,1.0,18.400000000000002,14,baseline,14.543
16,00-0035537,Ty Johnson,RB,CLE,7.6,5.733333333333333,6.333333333333333,1.0,20.834285714285716,14,baseline,6.2218
16,00-0035685,David Montgomery,RB,PIT,1.4000000000000001,12.1,8.666666666666666,2.3333333333333335,20.37857142857143,14,baseline,8.9306
16,00-0035700,Josh Jacobs,RB,CHI,6.8,16.833333333333332,18.333333333333332,2.0,20.978571428571428,14,baseline,14.5829
16,00-0036139,Rico Dowdle,RB,TB,8.3,11.15,18.5,1.0,24.27857142857143,14,baseline,13.1968
16,00-0036223,Jonathan Taylor,RB,SF,16.900000000000002,13.866666666666667,25.333333333333332,2.6666666666666665,22.72142857142857,14,baseline,17.0304
16,00-0036275,D'Andre Swift,RB,GB,9.0,18.2,18.666666666666668,2.6666666666666665,19.35,14,baseline,15.0875
16,00-0036555,Chuba Hubbard,RB,TB,4.4,12.600000000000001,14.0,0.5,24.27857142857143,14,baseline,11.5057
16,00-0036875,Rhamondre Stevenson,RB,BAL,15.8,10.85,12.0,2.5,23.857142857142858,14,baseline,10.1379
16,00-0036919,Kenny Gainwell,RB,DET,23.8,14.1,13.0,4.0,17.92857142857143,14,baseline,11.433
16,00-0036973,Travis Etienne,RB,DEN,16.6,19.266666666666666,16.666666666666668,4.0,17.642857142857146,14,baseline,14.4446
16,00-0036997,Javonte Williams,RB,LAC,6.300000000000001,15.6,18.666666666666668,4.333333333333333,19.714285714285715,14,baseline,14.4184
16,00-0037085,Tyler Badie,RB,JAX,1.2,3.0,3.6666666666666665,1.0,17.892857142857142,14,baseline,4.2952
16,00-0037197,Isiah Pacheco,RB,TEN,13.5,3.466666666666667,8.333333333333334,1.6666666666666667,23.05,14,baseline,6.5559
16,00-0037228,Jaylen Warren,RB,DET,29.1,11.800000000000002,13.333333333333334,2.6666666666666665,17.92857142857143,14,baseline,10.994
16,00-0037248,James Cook,RB,CLE,26.400000000000002,21.633333333333336,26.666666666666668,7.0,20.834285714285716,14,baseline,19.6407
16,00-0037256,Rachaad White,RB,CAR,8.0,5.333333333333335,6.666666666666667,1.0,24.335714285714285,14,baseline,6.2718
16,00-0037263,Tyler Allgeier,RB,ARI,8.3,8.000000000000002,8.333333333333334,2.3333333333333335,25.17142857142857,14,baseline,7.7226
16,00-0037525,Jordan Mason,RB,NYG,2.1,6.633333333333333,9.333333333333334,2.0,27.70714285714286,14,baseline,7.8296
16,00-0037594,Julius Chestnut,RB,KC,0.1,0.0,0.0,0.0,18.400000000000002,14,baseline,1.8412
16,00-0037746,Brian Robinson,RB,IND,2.0,2.35,8.5,0.5,20.099999999999998,14,baseline,6.345
16,00-0037840,Kyren Williams,RB,SEA,11.5,17.566666666666666,15.0,3.3333333333333335,19.207142857142856,14,baseline,13.2426
16,00-0038120,Breece Hall,RB,NO,8.3,8.533333333333333,16.666666666666668,2.6666666666666665,22.335714285714285,14,baseline,11.6824
16,00-0038134,Kenneth Walker III,RB,LA,25.4,5.7,13.333333333333334,2.0,17.37857142857143,14,baseline,9.4242
16,00-0038542,Bijan Robinson,RB,ARI,29.800000000000004,24.400000000000002,27.333333333333332,3.3333333333333335,25.17142857142857,14,baseline,20.6585
16,00-0038555,Tank Bigsby,RB,WAS,9.7,3.0500000000000003,9.5,4.0,24.942857142857143,14,baseline,6.9839
16,00-0038597,Chase Brown,RB,MIA,32.900000000000006,17.599999999999998,19.333333333333332,3.3333333333333335,22.014285714285712,14,baseline,15.2389
16,00-0038685,Chris Brooks,RB,CHI,0.4,2.3666666666666667,2.3333333333333335,0.0,20.978571428571428,14,baseline,3.5206
16,00-0038797,Emanuel Wilson,RB,CHI,8.200000000000001,0.9,3.0,0.6666666666666666,20.978571428571428,14,baseline,3.449
16,00-0038951,Sean Tucker,RB,CAR,6.3,5.2,4.333333333333333,1.6666666666666667,24.335714285714285,14,baseline,5.1672
16,00-0039040,De'Von Achane,RB,CIN,18.0,18.533333333333335,16.333333333333332,1.6666666666666667,30.47714285714286,14,baseline,14.1029
16,00-0039139,Jahmyr Gibbs,RB,PIT,22.8,19.46666666666667,21.0,3.3333333333333335,20.37857142857143,14,baseline,16.4838
16,00-0039165,Zach Charbonnet,RB,LA,15.399999999999999,7.633333333333334,11.0,2.3333333333333335,17.37857142857143,14,baseline,8.8514
16,00-0039361,Bucky Irving,RB,CAR,7.1000000000000005,13.433333333333335,18.666666666666668,1.6666666666666667,24.335714285714285,14,baseline,13.8608
16,00-0039384,Tyrone Tracy Jr.,RB,MIN,9.8,14.5,15.0,1.5,21.22142857142857,14,baseline,12.4534
16,00-0039407,Dylan Laube,RB,HOU,0.0,0.13333333333333333,0.6666666666666666,0.0,19.0,14,baseline,2.1814
16,00-0039738,Blake Corum,RB,SEA,13.100000000000001,17.76666666666667,10.333333333333334,2.3333333333333335,19.207142857142856,14,baseline,11.1534
16,00-0039746,Will Shipley,RB,WAS,1.3,1.1333333333333335,0.6666666666666666,0.0,24.942857142857143,14,baseline,2.4387
16,00-0039796,Rasheen Ali,RB,NE,2.2,5.3999999999999995,3.3333333333333335,0.6666666666666666,18.5,14,baseline,4.7599
16,00-0039798,Isaiah Davis,RB,NO,10.0,5.233333333333333,4.333333333333333,0.6666666666666666,22.335714285714285,14,baseline,5.1757
16,00-0039875,Ray Davis,RB,CLE,5.4,2.8333333333333335,3.3333333333333335,0.0,20.834285714285716,14,baseline,4.0994
16,00-0040078,Brashard Smith,RB,TEN,1.4,0.26666666666666666,1.0,0.3333333333333333,23.05,14,baseline,2.3686
16,00-0040122,Ashton Jeanty,RB,HOU,31.8,8.7,17.333333333333332,1.3333333333333333,19.0,14,baseline,12.0311
16,00-0040198,Ollie Gordon II,RB,CIN,-0.1,2.9,3.3333333333333335,0.3333333333333333,30.47714285714286,14,baseline,4.1166
16,00-0040236,Kyle Monangai,RB,GB,12.3,9.666666666666666,17.333333333333332,3.3333333333333335,19.35,14,baseline,12.2799
16,00-0040238,LeQuint Allen Jr.,RB,DEN,1.0,1.8,2.3333333333333335,0.3333333333333333,17.642857142857146,14,baseline,3.3748
16,00-0040242,Jacory Croskey-Merritt,RB,PHI,8.5,6.933333333333334,9.666666666666666,0.6666666666666666,23.271428571428576,14,baseline,8.0597
16,00-0040644,Trevor Etienne,RB,TB,0.0,0.7,0.5,0.0,24.27857142857143,14,baseline,2.2507
16,00-0040666,Omarion Hampton,RB,DAL,16.5,11.100000000000001,15.5,3.5,24.514285714285712,14,baseline,11.8078
16,00-0040730,RJ Harvey,RB,JAX,22.1,18.566666666666666,20.0,5.666666666666667,17.892857142857142,14,baseline,15.7935
16,00-0040734,TreVeyon Henderson,RB,BAL,2.2,20.85,16.0,2.5,23.857142857142858,14,baseline,14.5462
16,00-0038738,Hunter Luepke,RB,LAC,2.4000000000000004,2.5,2.5,0.0,19.714285714285715,14,baseline,3.6314
16,00-0040784,Quinshon Judkins,RB,BUF,10.100000000000001,9.333333333333334,19.666666666666668,1.3333333333333333,26.37142857142857,14,baseline,13.2644
16,00-0037120,Tyler Goodson,RB,SF,0.9,0.0,0.0,0.0,22.72142857142857,14,baseline,1.8412
16,00-0038440,Zavier Scott,RB,NYG,2.2,3.05,4.0,0.0,27.70714285714286,14,baseline,4.461
16,00-0038611,Chris Rodriguez Jr.,RB,PHI,13.9,7.65,11.0,3.0,23.271428571428576,14,baseline,8.8557
16,00-0031687,Raheem Mostert,RB,HOU,1.9000000000000001,1.0,1.0,0.0,19.0,14,baseline,2.5573
16,00-0036924,Michael Carter,RB,ATL,6.5,9.966666666666667,12.0,1.0,22.714285714285715,14,baseline,9.9106
16,00-0039391,Kimani Vidal,RB,DAL,1.1,12.633333333333335,18.666666666666668,2.0,24.514285714285712,14,baseline,13.6549
16,00-0032104,Ameer Abdullah,RB,SF,1.4,4.2,4.0,0.3333333333333333,22.72142857142857,14,baseline,4.7569
16,00-0038454,Keaton Mitchell,RB,NE,1.3,8.433333333333335,6.666666666666667,0.6666666666666666,18.5,14,baseline,7.0696
16,00-0039032,Tyjae Spears,RB,KC,21.5,6.900000000000001,8.333333333333334,1.0,18.400000000000002,14,baseline,7.4395
16,00-0039603,British Brooks,RB,LV,0.0,0.0,0.0,0.0,23.642857142857142,14,baseline,1.8412
16,00-0038794,Jaleel McLaughlin,RB,JAX,3.7,2.833333333333334,4.666666666666667,0.3333333333333333,17.892857142857142,14,baseline,4.711
16,00-0037563,Malik Davis,RB,LAC,2.3000000000000003,7.666666666666667,5.666666666666667,2.0,19.714285714285715,14,baseline,6.4136
16,00-0039874,Jaylen Wright,RB,CIN,12.3,6.800000000000002,10.666666666666666,1.0,30.47714285714286,14,baseline,8.4841
16,00-0037557,Ronnie Rivers,RB,SEA,0.0,1.366666666666667,2.6666666666666665,0.0,19.207142857142856,14,baseline,3.4162
16,00-0038397,Evan Hull,RB,NYJ,0.30000000000000004,1.5666666666666667,3.6666666666666665,0.6666666666666666,27.342857142857138,14,baseline,3.9263
16,00-0039373,Audric Estimé,RB,NYJ,6.6000000000000005,4.55,4.5,0.5,27.342857142857138,14,baseline,5.0763
16,00-0032764,Derrick Henry,RB,NE,24.8,12.866666666666667,16.333333333333332,2.6666666666666665,18.5,14,plus_defense,12.3844
16,00-0033280,Christian McCaffrey,RB,IND,32.6,16.55,24.0,11.0,20.099999999999998,14,plus_defense,16.9749
16,00-0033293,Aaron Jones,RB,NYG,11.3,7.866666666666667,13.333333333333334,1.0,27.70714285714286,14,plus_defense,10.4547
16,00-0033526,Samaje Perine,RB,MIA,12.1,5.833333333333333,12.666666666666666,2.0,22.014285714285712,14,plus_defense,9.1651
16,00-0033854,Dare Ogunbowale,RB,LV,0.8999999999999999,4.3,3.3333333333333335,2.6666666666666665,23.642857142857142,14,plus_defense,4.6293
16,00-0033923,Kareem Hunt,RB,TEN,0.2,7.0,12.333333333333334,3.6666666666666665,23.05,14,plus_defense,9.3985
16,00-0033955,Jeremy McNichols,RB,PHI,3.1999999999999997,3.1333333333333333,6.333333333333333,0.6666666666666666,23.271428571428576,14,plus_defense,5.6689
16,00-0034791,Nick Chubb,RB,LV,5.200000000000001,4.8500000000000005,5.0,1.5,23.642857142857142,14,plus_defense,5.5343
16,00-0034844,Saquon Barkley,RB,WAS,19.200000000000003,13.666666666666666,20.666666666666668,4.666666666666667,24.942857142857143,14,plus_defense,15.0914
16,00-0035250,Devin Singletary,RB,MIN,5.6000000000000005,10.8,10.5,0.5,21.22142857142857,14,plus_defense,9.3988
16,00-0035261,Tony Pollard,RB,KC,10.200000000000001,17.866666666666664,17.666666666666668,1.0,18.400000000000002,14,plus_defense,14.2832
16,00-0035537,Ty Johnson,RB,CLE,7.6,5.733333333333333,6.333333333333333,1.0,20.834285714285716,14,plus_defense,6.1476
16,00-0035685,David Montgomery,RB,PIT,1.4000000000000001,12.1,8.666666666666666,2.3333333333333335,20.37857142857143,14,plus_defense,8.8298
16,00-0035700,Josh Jacobs,RB,CHI,6.8,16.833333333333332,18.333333333333332,2.0,20.978571428571428,14,plus_defense,14.5272
16,00-0036139,Rico Dowdle,RB,TB,8.3,11.15,18.5,1.0,24.27857142857143,14,plus_defense,13.3942
16,00-0036223,Jonathan Taylor,RB,SF,16.900000000000002,13.866666666666667,25.333333333333332,2.6666666666666665,22.72142857142857,14,plus_defense,17.0992
16,00-0036275,D'Andre Swift,RB,GB,9.0,18.2,18.666666666666668,2.6666666666666665,19.35,14,plus_defense,14.9033
16,00-0036555,Chuba Hubbard,RB,TB,4.4,12.600000000000001,14.0,0.5,24.27857142857143,14,plus_defense,11.7121
16,00-0036875,Rhamondre Stevenson,RB,BAL,15.8,10.85,12.0,2.5,23.857142857142858,14,plus_defense,10.3096
16,00-0036919,Kenny Gainwell,RB,DET,23.8,14.1,13.0,4.0,17.92857142857143,14,plus_defense,11.1338
16,00-0036973,Travis Etienne,RB,DEN,16.6,19.266666666666666,16.666666666666668,4.0,17.642857142857146,14,plus_defense,14.1282
16,00-0036997,Javonte Williams,RB,LAC,6.300000000000001,15.6,18.666666666666668,4.333333333333333,19.714285714285715,14,plus_defense,14.2581
16,00-0037085,Tyler Badie,RB,JAX,1.2,3.0,3.6666666666666665,1.0,17.892857142857142,14,plus_defense,3.9827
16,00-0037197,Isiah Pacheco,RB,TEN,13.5,3.466666666666667,8.333333333333334,1.6666666666666667,23.05,14,plus_defense,6.6524
16,00-0037228,Jaylen Warren,RB,DET,29.1,11.800000000000002,13.333333333333334,2.6666666666666665,17.92857142857143,14,plus_defense,10.6896
16,00-0037248,James Cook,RB,CLE,26.400000000000002,21.633333333333336,26.666666666666668,7.0,20.834285714285716,14,plus_defense,19.5722
16,00-0037256,Rachaad White,RB,CAR,8.0,5.333333333333335,6.666666666666667,1.0,24.335714285714285,14,plus_defense,6.4776
16,00-0037263,Tyler Allgeier,RB,ARI,8.3,8.000000000000002,8.333333333333334,2.3333333333333335,25.17142857142857,14,plus_defense,7.9988
16,00-0037525,Jordan Mason,RB,NYG,2.1,6.633333333333333,9.333333333333334,2.0,27.70714285714286,14,plus_defense,8.3053
16,00-0037594,Julius Chestnut,RB,KC,0.1,0.0,0.0,0.0,18.400000000000002,14,plus_defense,1.5681
16,00-0037746,Brian Robinson,RB,IND,2.0,2.35,8.5,0.5,20.099999999999998,14,plus_defense,6.202
16,00-0037840,Kyren Williams,RB,SEA,11.5,17.566666666666666,15.0,3.3333333333333335,19.207142857142856,14,plus_defense,13.0505
16,00-0038120,Breece Hall,RB,NO,8.3,8.533333333333333,16.666666666666668,2.6666666666666665,22.335714285714285,14,plus_defense,11.7208
16,00-0038134,Kenneth Walker III,RB,LA,25.4,5.7,13.333333333333334,2.0,17.37857142857143,14,plus_defense,9.0631
16,00-0038542,Bijan Robinson,RB,ARI,29.800000000000004,24.400000000000002,27.333333333333332,3.3333333333333335,25.17142857142857,14,plus_defense,20.9432
16,00-0038555,Tank Bigsby,RB,WAS,9.7,3.0500000000000003,9.5,4.0,24.942857142857143,14,plus_defense,7.2299
16,00-0038597,Chase Brown,RB,MIA,32.900000000000006,17.599999999999998,19.333333333333332,3.3333333333333335,22.014285714285712,14,plus_defense,15.2666
16,00-0038685,Chris Brooks,RB,CHI,0.4,2.3666666666666667,2.3333333333333335,0.0,20.978571428571428,14,plus_defense,3.4564
16,00-0038797,Emanuel Wilson,RB,CHI,8.200000000000001,0.9,3.0,0.6666666666666666,20.978571428571428,14,plus_defense,3.3808
16,00-0038951,Sean Tucker,RB,CAR,6.3,5.2,4.333333333333333,1.6666666666666667,24.335714285714285,14,plus_defense,5.3758
16,00-0039040,De'Von Achane,RB,CIN,18.0,18.533333333333335,16.333333333333332,1.6666666666666667,30.47714285714286,14,plus_defense,14.8164
16,00-0039139,Jahmyr Gibbs,RB,PIT,22.8,19.46666666666667,21.0,3.3333333333333335,20.37857142857143,14,plus_defense,16.3818
16,00-0039165,Zach Charbonnet,RB,LA,15.399999999999999,7.633333333333334,11.0,2.3333333333333335,17.37857142857143,14,plus_defense,8.4974
16,00-0039361,Bucky Irving,RB,CAR,7.1000000000000005,13.433333333333335,18.666666666666668,1.6666666666666667,24.335714285714285,14,plus_defense,14.0673
16,00-0039384,Tyrone Tracy Jr.,RB,MIN,9.8,14.5,15.0,1.5,21.22142857142857,14,plus_defense,12.4168
16,00-0039407,Dylan Laube,RB,HOU,0.0,0.13333333333333333,0.6666666666666666,0.0,19.0,14,plus_defense,1.9558
16,00-0039738,Blake Corum,RB,SEA,13.100000000000001,17.76666666666667,10.333333333333334,2.3333333333333335,19.207142857142856,14,plus_defense,10.968
16,00-0039746,Will Shipley,RB,WAS,1.3,1.1333333333333335,0.6666666666666666,0.0,24.942857142857143,14,plus_defense,2.6926
16,00-0039796,Rasheen Ali,RB,NE,2.2,5.3999999999999995,3.3333333333333335,0.6666666666666666,18.5,14,plus_defense,4.5015
16,00-0039798,Isaiah Davis,RB,NO,10.0,5.233333333333333,4.333333333333333,0.6666666666666666,22.335714285714285,14,plus_defense,5.2238
16,00-0039875,Ray Davis,RB,CLE,5.4,2.8333333333333335,3.3333333333333335,0.0,20.834285714285716,14,plus_defense,4.0232
16,00-0040078,Brashard Smith,RB,TEN,1.4,0.26666666666666666,1.0,0.3333333333333333,23.05,14,plus_defense,2.4682
16,00-0040122,Ashton Jeanty,RB,HOU,31.8,8.7,17.333333333333332,1.3333333333333333,19.0,14,plus_defense,11.801
16,00-0040198,Ollie Gordon II,RB,CIN,-0.1,2.9,3.3333333333333335,0.3333333333333333,30.47714285714286,14,plus_defense,4.8151
16,00-0040236,Kyle Monangai,RB,GB,12.3,9.666666666666666,17.333333333333332,3.3333333333333335,19.35,14,plus_defense,12.0799
16,00-0040238,LeQuint Allen Jr.,RB,DEN,1.0,1.8,2.3333333333333335,0.3333333333333333,17.642857142857146,14,plus_defense,3.0414
16,00-0040242,Jacory Croskey-Merritt,RB,PHI,8.5,6.933333333333334,9.666666666666666,0.6666666666666666,23.271428571428576,14,plus_defense,8.1793
16,00-0040644,Trevor Etienne,RB,TB,0.0,0.7,0.5,0.0,24.27857142857143,14,plus_defense,2.4506
16,00-0040666,Omarion Hampton,RB,DAL,16.5,11.100000000000001,15.5,3.5,24.514285714285712,14,plus_defense,12.028
16,00-0040730,RJ Harvey,RB,JAX,22.1,18.566666666666666,20.0,5.666666666666667,17.892857142857142,14,plus_defense,15.4913
16,00-0040734,TreVeyon Henderson,RB,BAL,2.2,20.85,16.0,2.5,23.857142857142858,14,plus_defense,14.7331
16,00-0038738,Hunter Luepke,RB,LAC,2.4000000000000004,2.5,2.5,0.0,19.714285714285715,14,plus_defense,3.4656
16,00-0040784,Quinshon Judkins,RB,BUF,10.100000000000001,9.333333333333334,19.666666666666668,1.3333333333333333,26.37142857142857,14,plus_defense,13.6246
16,00-0037120,Tyler Goodson,RB,SF,0.9,0.0,0.0,0.0,22.72142857142857,14,plus_defense,1.9152
16,00-0038440,Zavier Scott,RB,NYG,2.2,3.05,4.0,0.0,27.70714285714286,14,plus_defense,4.9364
16,00-0038611,Chris Rodriguez Jr.,RB,PHI,13.9,7.65,11.0,3.0,23.271428571428576,14,plus_defense,8.975
16,00-0031687,Raheem Mostert,RB,HOU,1.9000000000000001,1.0,1.0,0.0,19.0,14,plus_defense,2.3331
16,00-0036924,Michael Carter,RB,ATL,6.5,9.966666666666667,12.0,1.0,22.714285714285715,14,plus_defense,9.9886
16,00-0039391,Kimani Vidal,RB,DAL,1.1,12.633333333333335,18.666666666666668,2.0,24.514285714285712,14,plus_defense,13.8741
16,00-0032104,Ameer Abdullah,RB,SF,1.4,4.2,4.0,0.3333333333333333,22.72142857142857,14,plus_defense,4.8343
16,00-0038454,Keaton Mitchell,RB,NE,1.3,8.433333333333335,6.666666666666667,0.6666666666666666,18.5,14,plus_defense,6.813
16,00-0039032,Tyjae Spears,RB,KC,21.5,6.900000000000001,8.333333333333334,1.0,18.400000000000002,14,plus_defense,7.1695
16,00-0039603,British Brooks,RB,LV,0.0,0.0,0.0,0.0,23.642857142857142,14,plus_defense,1.9892
16,00-0038794,Jaleel McLaughlin,RB,JAX,3.7,2.833333333333334,4.666666666666667,0.3333333333333333,17.892857142857142,14,plus_defense,4.3968
16,00-0037563,Malik Davis,RB,LAC,2.3000000000000003,7.666666666666667,5.666666666666667,2.0,19.714285714285715,14,plus_defense,6.2543
16,00-0039874,Jaylen Wright,RB,CIN,12.3,6.800000000000002,10.666666666666666,1.0,30.47714285714286,14,plus_defense,9.1809
16,00-0037557,Ronnie Rivers,RB,SEA,0.0,1.366666666666667,2.6666666666666665,0.0,19.207142857142856,14,plus_defense,3.2071
16,00-0038397,Evan Hull,RB,NYJ,0.30000000000000004,1.5666666666666667,3.6666666666666665,0.6666666666666666,27.342857142857138,14,plus_defense,4.3699
16,00-0039373,Audric Estimé,RB,NYJ,6.6000000000000005,4.55,4.5,0.5,27.342857142857138,14,plus_defense,5.5249
16,00-0032764,Derrick Henry,RB,NE,24.8,12.866666666666667,16.333333333333332,2.6666666666666665,18.5,14,plus_redzone_defense,12.3771
16,00-0033280,Christian McCaffrey,RB,IND,32.6,16.55,24.0,11.0,20.099999999999998,14,plus_redzone_defense,18.134
16,00-0033293,Aaron Jones,RB,NYG,11.3,7.866666666666667,13.333333333333334,1.0,27.70714285714286,14,plus_redzone_defense,10.2864
16,00-0033526,Samaje Perine,RB,MIA,12.1,5.833333333333333,12.666666666666666,2.0,22.014285714285712,14,plus_redzone_defense,9.1958
16,00-0033854,Dare Ogunbowale,RB,LV,0.8999999999999999,4.3,3.3333333333333335,2.6666666666666665,23.642857142857142,14,plus_redzone_defense,4.942
16,00-0033923,Kareem Hunt,RB,TEN,0.2,7.0,12.333333333333334,3.6666666666666665,23.05,14,plus_redzone_defense,9.6883
16,00-0033955,Jeremy McNichols,RB,PHI,3.1999999999999997,3.1333333333333333,6.333333333333333,0.6666666666666666,23.271428571428576,14,plus_redzone_defense,5.6238
16,00-0034791,Nick Chubb,RB,LV,5.200000000000001,4.8500000000000005,5.0,1.5,23.642857142857142,14,plus_redzone_defense,5.6246
16,00-0034844,Saquon Barkley,RB,WAS,19.200000000000003,13.666666666666666,20.666666666666668,4.666666666666667,24.942857142857143,14,plus_redzone_defense,15.3206
16,00-0035250,Devin Singletary,RB,MIN,5.6000000000000005,10.8,10.5,0.5,21.22142857142857,14,plus_redzone_defense,9.165
16,00-0035261,Tony Pollard,RB,KC,10.200000000000001,17.866666666666664,17.666666666666668,1.0,18.400000000000002,14,plus_redzone_defense,13.9251
16,00-0035537,Ty Johnson,RB,CLE,7.6,5.733333333333333,6.333333333333333,1.0,20.834285714285716,14,plus_redzone_defense,6.1257
16,00-0035685,David Montgomery,RB,PIT,1.4000000000000001,12.1,8.666666666666666,2.3333333333333335,20.37857142857143,14,plus_redzone_defense,8.9063
16,00-0035700,Josh Jacobs,RB,CHI,6.8,16.833333333333332,18.333333333333332,2.0,20.978571428571428,14,plus_redzone_defense,14.3301
16,00-0036139,Rico Dowdle,RB,TB,8.3,11.15,18.5,1.0,24.27857142857143,14,plus_redzone_defense,13.1008
16,00-0036223,Jonathan Taylor,RB,SF,16.900000000000002,13.866666666666667,25.333333333333332,2.6666666666666665,22.72142857142857,14,plus_redzone_defense,16.9268
16,00-0036275,D'Andre Swift,RB,GB,9.0,18.2,18.666666666666668,2.6666666666666665,19.35,14,plus_redzone_defense,14.7921
16,00-0036555,Chuba Hubbard,RB,TB,4.4,12.600000000000001,14.0,0.5,24.27857142857143,14,plus_redzone_defense,11.3964
16,00-0036875,Rhamondre Stevenson,RB,BAL,15.8,10.85,12.0,2.5,23.857142857142858,14,plus_redzone_defense,10.3705
16,00-0036919,Kenny Gainwell,RB,DET,23.8,14.1,13.0,4.0,17.92857142857143,14,plus_redzone_defense,11.3824
16,00-0036973,Travis Etienne,RB,DEN,16.6,19.266666666666666,16.666666666666668,4.0,17.642857142857146,14,plus_redzone_defense,14.2528
16,00-0036997,Javonte Williams,RB,LAC,6.300000000000001,15.6,18.666666666666668,4.333333333333333,19.714285714285715,14,plus_redzone_defense,14.4462
16,00-0037085,Tyler Badie,RB,JAX,1.2,3.0,3.6666666666666665,1.0,17.892857142857142,14,plus_redzone_defense,4.0398
16,00-0037197,Isiah Pacheco,RB,TEN,13.5,3.466666666666667,8.333333333333334,1.6666666666666667,23.05,14,plus_redzone_defense,6.7305
16,00-0037228,Jaylen Warren,RB,DET,29.1,11.800000000000002,13.333333333333334,2.6666666666666665,17.92857142857143,14,plus_redzone_defense,10.746
16,00-0037248,James Cook,RB,CLE,26.400000000000002,21.633333333333336,26.666666666666668,7.0,20.834285714285716,14,plus_redzone_defense,19.9813
16,00-0037256,Rachaad White,RB,CAR,8.0,5.333333333333335,6.666666666666667,1.0,24.335714285714285,14,plus_redzone_defense,6.4534
16,00-0037263,Tyler Allgeier,RB,ARI,8.3,8.000000000000002,8.333333333333334,2.3333333333333335,25.17142857142857,14,plus_redzone_defense,8.1284
16,00-0037525,Jordan Mason,RB,NYG,2.1,6.633333333333333,9.333333333333334,2.0,27.70714285714286,14,plus_redzone_defense,8.38
16,00-0037594,Julius Chestnut,RB,KC,0.1,0.0,0.0,0.0,18.400000000000002,14,plus_redzone_defense,1.5621
16,00-0037746,Brian Robinson,RB,IND,2.0,2.35,8.5,0.5,20.099999999999998,14,plus_redzone_defense,6.1044
16,00-0037840,Kyren Williams,RB,SEA,11.5,17.566666666666666,15.0,3.3333333333333335,19.207142857142856,14,plus_redzone_defense,13.1158
16,00-0038120,Breece Hall,RB,NO,8.3,8.533333333333333,16.666666666666668,2.6666666666666665,22.335714285714285,14,plus_redzone_defense,11.7587
16,00-0038134,Kenneth Walker III,RB,LA,25.4,5.7,13.333333333333334,2.0,17.37857142857143,14,plus_redzone_defense,9.0861
16,00-0038542,Bijan Robinson,RB,ARI,29.800000000000004,24.400000000000002,27.333333333333332,3.3333333333333335,25.17142857142857,14,plus_redzone_defense,20.7161
16,00-0038555,Tank Bigsby,RB,WAS,9.7,3.0500000000000003,9.5,4.0,24.942857142857143,14,plus_redzone_defense,7.668
16,00-0038597,Chase Brown,RB,MIA,32.900000000000006,17.599999999999998,19.333333333333332,3.3333333333333335,22.014285714285712,14,plus_redzone_defense,15.2575
16,00-0038685,Chris Brooks,RB,CHI,0.4,2.3666666666666667,2.3333333333333335,0.0,20.978571428571428,14,plus_redzone_defense,3.3815
16,00-0038797,Emanuel Wilson,RB,CHI,8.200000000000001,0.9,3.0,0.6666666666666666,20.978571428571428,14,plus_redzone_defense,3.4197
16,00-0038951,Sean Tucker,RB,CAR,6.3,5.2,4.333333333333333,1.6666666666666667,24.335714285714285,14,plus_redzone_defense,5.4996
16,00-0039040,De'Von Achane,RB,CIN,18.0,18.533333333333335,16.333333333333332,1.6666666666666667,30.47714285714286,14,plus_redzone_defense,14.5748
16,00-0039139,Jahmyr Gibbs,RB,PIT,22.8,19.46666666666667,21.0,3.3333333333333335,20.37857142857143,14,plus_redzone_defense,16.3227
16,00-0039165,Zach Charbonnet,RB,LA,15.399999999999999,7.633333333333334,11.0,2.3333333333333335,17.37857142857143,14,plus_redzone_defense,8.5899
16,00-0039361,Bucky Irving,RB,CAR,7.1000000000000005,13.433333333333335,18.666666666666668,1.6666666666666667,24.335714285714285,14,plus_redzone_defense,13.8507
16,00-0039384,Tyrone Tracy Jr.,RB,MIN,9.8,14.5,15.0,1.5,21.22142857142857,14,plus_redzone_defense,12.2235
16,00-0039407,Dylan Laube,RB,HOU,0.0,0.13333333333333333,0.6666666666666666,0.0,19.0,14,plus_redzone_defense,1.9367
16,00-0039738,Blake Corum,RB,SEA,13.100000000000001,17.76666666666667,10.333333333333334,2.3333333333333335,19.207142857142856,14,plus_redzone_defense,10.9485
16,00-0039746,Will Shipley,RB,WAS,1.3,1.1333333333333335,0.6666666666666666,0.0,24.942857142857143,14,plus_redzone_defense,2.6589
16,00-0039796,Rasheen Ali,RB,NE,2.2,5.3999999999999995,3.3333333333333335,0.6666666666666666,18.5,14,plus_redzone_defense,4.4814
16,00-0039798,Isaiah Davis,RB,NO,10.0,5.233333333333333,4.333333333333333,0.6666666666666666,22.335714285714285,14,plus_redzone_defense,5.1872
16,00-0039875,Ray Davis,RB,CLE,5.4,2.8333333333333335,3.3333333333333335,0.0,20.834285714285716,14,plus_redzone_defense,3.9259
16,00-0040078,Brashard Smith,RB,TEN,1.4,0.26666666666666666,1.0,0.3333333333333333,23.05,14,plus_redzone_defense,2.4938
16,00-0040122,Ashton Jeanty,RB,HOU,31.8,8.7,17.333333333333332,1.3333333333333333,19.0,14,plus_redzone_defense,11.6127
16,00-0040198,Ollie Gordon II,RB,CIN,-0.1,2.9,3.3333333333333335,0.3333333333333333,30.47714285714286,14,plus_redzone_defense,4.7665
16,00-0040236,Kyle Monangai,RB,GB,12.3,9.666666666666666,17.333333333333332,3.3333333333333335,19.35,14,plus_redzone_defense,12.2014
16,00-0040238,LeQuint Allen Jr.,RB,DEN,1.0,1.8,2.3333333333333335,0.3333333333333333,17.642857142857146,14,plus_redzone_defense,3.0284
16,00-0040242,Jacory Croskey-Merritt,RB,PHI,8.5,6.933333333333334,9.666666666666666,0.6666666666666666,23.271428571428576,14,plus_redzone_defense,8.0321
16,00-0040644,Trevor Etienne,RB,TB,0.0,0.7,0.5,0.0,24.27857142857143,14,plus_redzone_defense,2.4252
16,00-0040666,Omarion Hampton,RB,DAL,16.5,11.100000000000001,15.5,3.5,24.514285714285712,14,plus_redzone_defense,12.1876
16,00-0040730,RJ Harvey,RB,JAX,22.1,18.566666666666666,20.0,5.666666666666667,17.892857142857142,14,plus_redzone_defense,15.8363
16,00-0040734,TreVeyon Henderson,RB,BAL,2.2,20.85,16.0,2.5,23.857142857142858,14,plus_redzone_defense,14.606
16,00-0038738,Hunter Luepke,RB,LAC,2.4000000000000004,2.5,2.5,0.0,19.714285714285715,14,plus_redzone_defense,3.3868
16,00-0040784,Quinshon Judkins,RB,BUF,10.100000000000001,9.333333333333334,19.666666666666668,1.3333333333333333,26.37142857142857,14,plus_redzone_defense,13.3863
16,00-0037120,Tyler Goodson,RB,SF,0.9,0.0,0.0,0.0,22.72142857142857,14,plus_redzone_defense,1.9074
16,00-0038440,Zavier Scott,RB,NYG,2.2,3.05,4.0,0.0,27.70714285714286,14,plus_redzone_defense,4.8224
16,00-0038611,Chris Rodriguez Jr.,RB,PHI,13.9,7.65,11.0,3.0,23.271428571428576,14,plus_redzone_defense,9.1721
16,00-0031687,Raheem Mostert,RB,HOU,1.9000000000000001,1.0,1.0,0.0,19.0,14,plus_redzone_defense,2.2979
16,00-0036924,Michael Carter,RB,ATL,6.5,9.966666666666667,12.0,1.0,22.714285714285715,14,plus_redzone_defense,9.8194
16,00-0039391,Kimani Vidal,RB,DAL,1.1,12.633333333333335,18.666666666666668,2.0,24.514285714285712,14,plus_redzone_defense,13.7207
16,00-0032104,Ameer Abdullah,RB,SF,1.4,4.2,4.0,0.3333333333333333,22.72142857142857,14,plus_redzone_defense,4.762
16,00-0038454,Keaton Mitchell,RB,NE,1.3,8.433333333333335,6.666666666666667,0.6666666666666666,18.5,14,plus_redzone_defense,6.7002
16,00-0039032,Tyjae Spears,RB,KC,21.5,6.900000000000001,8.333333333333334,1.0,18.400000000000002,14,plus_redzone_defense,7.1008
16,00-0039603,British Brooks,RB,LV,0.0,0.0,0.0,0.0,23.642857142857142,14,plus_redzone_defense,1.981
16,00-0038794,Jaleel McLaughlin,RB,JAX,3.7,2.833333333333334,4.666666666666667,0.3333333333333333,17.892857142857142,14,plus_redzone_defense,4.3319
16,00-0037563,Malik Davis,RB,LAC,2.3000000000000003,7.666666666666667,5.666666666666667,2.0,19.714285714285715,14,plus_redzone_defense,6.3815
16,00-0039874,Jaylen Wright,RB,CIN,12.3,6.800000000000002,10.666666666666666,1.0,30.47714285714286,14,plus_redzone_defense,9.0691
16,00-0037557,Ronnie Rivers,RB,SEA,0.0,1.366666666666667,2.6666666666666665,0.0,19.207142857142856,14,plus_redzone_defense,3.1394
16,00-0038397,Evan Hull,RB,NYJ,0.30000000000000004,1.5666666666666667,3.6666666666666665,0.6666666666666666,27.342857142857138,14,plus_redzone_defense,4.3868
16,00-0039373,Audric Estimé,RB,NYJ,6.6000000000000005,4.55,4.5,0.5,27.342857142857138,14,plus_redzone_defense,5.4649
17,00-0032764,Derrick Henry,RB,GB,45.6,15.333333333333334,18.666666666666668,3.3333333333333335,19.480000000000004,15,baseline,14.5496
17,00-0033280,Christian McCaffrey,RB,CHI,28.1,24.150000000000002,26.0,9.0,20.606666666666666,15,baseline,20.2459
17,00-0033293,Aaron Jones,RB,DET,15.3,9.466666666666667,18.0,2.6666666666666665,20.26,15,baseline,12.8417
17,00-0033526,Samaje Perine,RB,ARI,8.3,7.3999999999999995,10.666666666666666,1.3333333333333333,26.033333333333335,15,baseline,8.7313
17,00-0033923,Kareem Hunt,RB,DEN,3.8000000000000003,4.066666666666666,8.0,2.3333333333333335,17.64,15,baseline,6.63
17,00-0033955,Jeremy McNichols,RB,DAL,4.0,2.533333333333333,5.0,0.3333333333333333,24.146666666666665,15,baseline,4.7868
17,00-0034791,Nick Chubb,RB,LAC,0.1,2.7500000000000004,4.0,0.0,19.133333333333333,15,baseline,4.3434
17,00-0034844,Saquon Barkley,RB,BUF,6.800000000000001,18.200000000000003,23.333333333333332,5.666666666666667,26.293333333333333,15,baseline,17.5299
17,00-0035250,Devin Singletary,RB,LV,17.0,4.0,9.0,1.0,23.273333333333333,15,baseline,7.1086
17,00-0035261,Tony Pollard,RB,NO,11.5,18.833333333333332,20.666666666666668,1.6666666666666667,22.066666666666666,15,baseline,16.3605
17,00-0035537,Ty Johnson,RB,PHI,7.800000000000001,6.433333333333333,5.0,2.0,23.426666666666673,15,baseline,5.7031
17,00-0035685,David Montgomery,RB,MIN,6.0,8.299999999999999,6.333333333333333,1.3333333333333333,20.833333333333332,15,baseline,6.8007
17,00-0035700,Josh Jacobs,RB,BAL,1.3,15.733333333333334,17.0,3.6666666666666665,23.466666666666665,15,baseline,13.8197
17,00-0036139,Rico Dowdle,RB,SEA,9.3,10.350000000000001,16.0,2.0,19.566666666666666,15,baseline,12.0607
17,00-0036223,Jonathan Taylor,RB,JAX,17.4,14.466666666666669,23.0,3.0,18.5,15,baseline,16.488
17,00-0036275,D'Andre Swift,RB,SF,21.9,14.266666666666667,17.0,3.3333333333333335,22.486666666666668,15,baseline,13.4752
17,00-0036555,Chuba Hubbard,RB,SEA,4.800000000000001,4.6000000000000005,8.0,2.0,19.566666666666666,15,baseline,6.7553
17,00-0036842,Kene Nwangwu,RB,NE,3.1,0.0,0.0,0.0,19.153333333333332,15,baseline,1.7201
17,00-0036875,Rhamondre Stevenson,RB,NYJ,27.2,13.25,10.0,1.5,25.979999999999997,15,baseline,9.7761
17,00-0036919,Kenny Gainwell,RB,CLE,6.8,19.866666666666664,15.666666666666666,4.333333333333333,22.072,15,baseline,14.1317
17,00-0036973,Travis Etienne,RB,IND,11.200000000000001,23.100000000000005,19.333333333333332,4.333333333333333,21.066666666666666,15,baseline,16.7038
17,00-0036997,Javonte Williams,RB,WAS,11.4,12.033333333333331,16.0,3.0,25.293333333333333,15,baseline,12.4561
17,00-0037085,Tyler Badie,RB,KC,0.0,1.8,3.0,0.3333333333333333,19.293333333333337,15,baseline,3.6259
17,00-0037197,Isiah Pacheco,RB,DEN,3.2,6.2,11.666666666666666,2.3333333333333335,17.64,15,baseline,8.9437
17,00-0037228,Jaylen Warren,RB,CLE,6.4,17.366666666666667,14.0,3.0,22.072,15,baseline,12.7205
17,00-0037248,James Cook,RB,PHI,8.700000000000001,23.533333333333335,21.0,6.0,23.426666666666673,15,baseline,17.6295
17,00-0037256,Rachaad White,RB,MIA,3.7,6.033333333333334,7.333333333333333,1.6666666666666667,23.59333333333333,15,baseline,6.7625
17,00-0037263,Tyler Allgeier,RB,LA,2.3000000000000003,6.266666666666668,10.666666666666666,2.0,18.94,15,baseline,8.465
17,00-0037594,Julius Chestnut,RB,NO,0.0,0.03333333333333333,0.3333333333333333,0.0,22.066666666666666,15,baseline,1.8927
17,00-0037617,Hassan Haskins,RB,HOU,0.0,0.7000000000000001,2.0,0.5,19.98,15,baseline,2.8732
17,00-0037746,Brian Robinson,RB,CHI,3.8000000000000003,2.05,7.5,2.0,20.606666666666666,15,baseline,5.909
17,00-0037840,Kyren Williams,RB,ATL,16.0,17.0,20.0,3.6666666666666665,22.046666666666667,15,baseline,15.6002
17,00-0038120,Breece Hall,RB,NE,20.900000000000002,6.1000000000000005,16.0,2.0,19.153333333333332,15,baseline,11.0622
17,00-0038134,Kenneth Walker III,RB,CAR,7.700000000000001,10.700000000000001,12.333333333333334,1.6666666666666667,24.139999999999997,15,baseline,10.3304
17,00-0038542,Bijan Robinson,RB,LA,39.9,24.233333333333334,26.333333333333332,3.3333333333333335,18.94,15,baseline,20.4303
17,00-0038555,Tank Bigsby,RB,BUF,1.9000000000000001,5.266666666666667,7.666666666666667,2.6666666666666665,26.293333333333333,15,baseline,6.7472
17,00-0038597,Chase Brown,RB,ARI,29.1,22.46666666666667,17.333333333333332,3.3333333333333335,26.033333333333335,15,baseline,15.5664
17,00-0038685,Chris Brooks,RB,BAL,2.1,1.5333333333333334,2.0,0.0,23.466666666666665,15,baseline,3.069
17,00-0038705,Emari Demercado,RB,CIN,4.0,2.55,5.0,0.0,30.458666666666666,15,baseline,4.7907
17,00-0038797,Emanuel Wilson,RB,BAL,3.4000000000000004,3.1666666666666674,6.333333333333333,1.0,23.466666666666665,15,baseline,5.5947
17,00-0038951,Sean Tucker,RB,MIA,0.8,7.300000000000001,5.0,3.0,23.59333333333333,15,baseline,5.9067
17,00-0039040,De'Von Achane,RB,TB,14.200000000000001,18.066666666666666,14.666666666666666,0.6666666666666666,23.506666666666664,15,baseline,13.2145
17,00-0039139,Jahmyr Gibbs,RB,MIN,8.4,23.2,19.666666666666668,4.666666666666667,20.833333333333332,15,baseline,16.8921
17,00-0039165,Zach Charbonnet,RB,CAR,26.2,9.033333333333333,10.666666666666666,2.3333333333333335,24.139999999999997,15,baseline,9.115
17,00-0039361,Bucky Irving,RB,MIA,8.3,10.433333333333335,18.666666666666668,1.6666666666666667,23.59333333333333,15,baseline,13.3984
17,00-0039384,Tyrone Tracy Jr.,RB,LV,6.7,17.25,18.5,3.5,23.273333333333333,15,baseline,14.9175
17,00-0039407,Dylan Laube,RB,NYG,0.0,0.13333333333333333,0.6666666666666666,0.0,26.900000000000002,15,baseline,2.081
17,00-0039738,Blake Corum,RB,ATL,1.8,17.433333333333334,13.333333333333334,2.6666666666666665,22.046666666666667,15,baseline,12.4067
17,00-0039746,Will Shipley,RB,BUF,0.2,0.8666666666666667,0.6666666666666666,0.0,26.293333333333333,15,baseline,2.2533
17,00-0039796,Rasheen Ali,RB,GB,2.8,5.566666666666666,2.6666666666666665,0.6666666666666666,19.480000000000004,15,baseline,4.3461
17,00-0039798,Isaiah Davis,RB,NE,3.0,8.566666666666666,6.333333333333333,1.0,19.153333333333332,15,baseline,6.8634
17,00-0039875,Ray Davis,RB,PHI,2.6,2.566666666666667,2.0,0.0,23.426666666666673,15,baseline,3.3117
17,00-0040078,Brashard Smith,RB,DEN,9.5,0.7333333333333334,1.3333333333333333,0.3333333333333333,17.64,15,baseline,2.5515
17,00-0040122,Ashton Jeanty,RB,NYG,9.3,15.266666666666666,18.333333333333332,1.3333333333333333,26.900000000000002,15,baseline,14.3692
17,00-0040198,Ollie Gordon II,RB,TB,0.0,2.5333333333333337,2.6666666666666665,0.3333333333333333,23.506666666666664,15,baseline,3.6335
17,00-0040208,Tahj Brooks,RB,ARI,2.9,0.35000000000000003,2.0,0.0,26.033333333333335,15,baseline,2.791
17,00-0040236,Kyle Monangai,RB,SF,7.700000000000001,7.433333333333334,14.0,2.3333333333333335,22.486666666666668,15,baseline,10.3868
17,00-0040238,LeQuint Allen Jr.,RB,IND,0.30000000000000004,2.1333333333333333,3.6666666666666665,0.6666666666666666,21.066666666666666,15,baseline,4.0338
17,00-0040242,Jacory Croskey-Merritt,RB,DAL,22.5,9.1,11.0,2.3333333333333335,24.146666666666665,15,baseline,9.2955
17,00-0040583,Woody Marks,RB,LAC,8.500000000000002,10.200000000000001,18.5,4.5,19.133333333333333,15,baseline,13.2612
17,00-0040644,Trevor Etienne,RB,SEA,0.0,0.0,0.0,0.0,19.566666666666666,15,baseline,1.7201
17,00-0040666,Omarion Hampton,RB,HOU,20.0,12.9,16.333333333333332,4.0,19.98,15,baseline,12.8245
17,00-0040730,RJ Harvey,RB,KC,18.6,18.866666666666667,18.333333333333332,3.6666666666666665,19.293333333333337,15,baseline,15.215
17,00-0040734,TreVeyon Henderson,RB,NYJ,8.200000000000001,16.150000000000002,11.5,2.0,25.979999999999997,15,baseline,11.1989
17,00-0036187,Reggie Gilliam,RB,PHI,0.0,0.0,0.0,0.0,23.426666666666673,15,baseline,1.7201
17,00-0038738,Hunter Luepke,RB,WAS,5.4,2.466666666666667,2.6666666666666665,0.3333333333333333,25.293333333333333,15,baseline,3.6178
17,00-0038440,Zavier Scott,RB,DET,0.0,2.6,3.5,0.0,20.26,15,baseline,4.061
17,00-0039364,Sione Vaki,RB,MIN,0.0,0.0,0.0,0.0,20.833333333333332,15,baseline,1.7201
17,00-0036924,Michael Carter,RB,CIN,6.300000000000001,8.333333333333334,12.666666666666666,1.0,30.458666666666666,15,baseline,9.9392
17,00-0032104,Ameer Abdullah,RB,JAX,1.4,4.666666666666667,4.333333333333333,0.3333333333333333,18.5,15,baseline,4.9585
17,00-0036906,Khalil Herbert,RB,NE,0.5,0.25,1.5,0.0,19.153333333333332,15,baseline,2.5203
17,00-0038454,Keaton Mitchell,RB,GB,5.8,5.166666666666667,8.0,0.6666666666666666,19.480000000000004,15,baseline,6.8884
17,00-0039032,Tyjae Spears,RB,NO,1.0999999999999999,11.266666666666666,11.666666666666666,2.3333333333333335,22.066666666666666,15,baseline,10.134
17,00-0038794,Jaleel McLaughlin,RB,KC,4.0,2.733333333333334,4.0,0.0,19.293333333333337,15,baseline,4.3395
17,00-0037563,Malik Davis,RB,WAS,10.3,4.866666666666666,7.333333333333333,1.6666666666666667,25.293333333333333,15,baseline,6.4884
17,00-0039874,Jaylen Wright,RB,TB,5.6000000000000005,10.366666666666669,13.333333333333334,1.6666666666666667,23.506666666666664,15,baseline,10.7464
17,00-0035291,Trayveon Williams,RB,PIT,1.0,6.1,5.0,1.0,20.633333333333333,15,baseline,5.6248
17,00-0040205,Kalel Mullings,RB,NO,0.4,0.15000000000000002,1.0,0.0,22.066666666666666,15,baseline,2.2497
17,00-0037557,Ronnie Rivers,RB,ATL,0.5,1.366666666666667,2.6666666666666665,0.0,22.046666666666667,15,baseline,3.3594
17,00-0038397,Evan Hull,RB,TEN,0.30000000000000004,1.1666666666666667,3.6666666666666665,0.6666666666666666,22.52,15,baseline,3.8067
17,00-0039373,Audric Estimé,RB,TEN,16.799999999999997,5.233333333333333,6.0,0.3333333333333333,22.52,15,baseline,5.9155
17,00-0039405,Jawhar Jordan,RB,LAC,3.6,12.9,18.5,2.0,19.133333333333333,15,baseline,13.8955
17,00-0040556,Corey Kiner,RB,CIN,0.2,2.1500000000000004,4.0,1.0,30.458666666666666,15,baseline,4.2025
17,00-0032764,Derrick Henry,RB,GB,45.6,15.333333333333334,18.666666666666668,3.3333333333333335,19.480000000000004,15,plus_defense,14.4334
17,00-0033280,Christian McCaffrey,RB,CHI,28.1,24.150000000000002,26.0,9.0,20.606666666666666,15,plus_defense,20.1945
17,00-0033293,Aaron Jones,RB,DET,15.3,9.466666666666667,18.0,2.6666666666666665,20.26,15,plus_defense,12.7556
17,00-0033526,Samaje Perine,RB,ARI,8.3,7.3999999999999995,10.666666666666666,1.3333333333333333,26.033333333333335,15,plus_defense,8.947
17,00-0033923,Kareem Hunt,RB,DEN,3.8000000000000003,4.066666666666666,8.0,2.3333333333333335,17.64,15,plus_defense,6.4122
17,00-0033955,Jeremy McNichols,RB,DAL,4.0,2.533333333333333,5.0,0.3333333333333333,24.146666666666665,15,plus_defense,4.904
17,00-0034791,Nick Chubb,RB,LAC,0.1,2.7500000000000004,4.0,0.0,19.133333333333333,15,plus_defense,4.205
17,00-0034844,Saquon Barkley,RB,BUF,6.800000000000001,18.200000000000003,23.333333333333332,5.666666666666667,26.293333333333333,15,plus_defense,17.7627
17,00-0035250,Devin Singletary,RB,LV,17.0,4.0,9.0,1.0,23.273333333333333,15,plus_defense,7.1786
17,00-0035261,Tony Pollard,RB,NO,11.5,18.833333333333332,20.666666666666668,1.6666666666666667,22.066666666666666,15,plus_defense,16.381
17,00-0035537,Ty Johnson,RB,PHI,7.800000000000001,6.433333333333333,5.0,2.0,23.426666666666673,15,plus_defense,5.7906
17,00-0035685,David Montgomery,RB,MIN,6.0,8.299999999999999,6.333333333333333,1.3333333333333333,20.833333333333332,15,plus_defense,6.7569
17,00-0035700,Josh Jacobs,RB,BAL,1.3,15.733333333333334,17.0,3.6666666666666665,23.466666666666665,15,plus_defense,13.9111
17,00-0036139,Rico Dowdle,RB,SEA,9.3,10.350000000000001,16.0,2.0,19.566666666666666,15,plus_defense,11.9431
17,00-0036223,Jonathan Taylor,RB,JAX,17.4,14.466666666666669,23.0,3.0,18.5,15,plus_defense,16.3143
17,00-0036275,D'Andre Swift,RB,SF,21.9,14.266666666666667,17.0,3.3333333333333335,22.486666666666668,15,plus_defense,13.5135
17,00-0036555,Chuba Hubbard,RB,SEA,4.800000000000001,4.6000000000000005,8.0,2.0,19.566666666666666,15,plus_defense,6.6374
17,00-0036842,Kene Nwangwu,RB,NE,3.1,0.0,0.0,0.0,19.153333333333332,15,plus_defense,1.5828
17,00-0036875,Rhamondre Stevenson,RB,NYJ,27.2,13.25,10.0,1.5,25.979999999999997,15,plus_defense,10.0009
17,00-0036919,Kenny Gainwell,RB,CLE,6.8,19.866666666666664,15.666666666666666,4.333333333333333,22.072,15,plus_defense,14.1609
17,00-0036973,Travis Etienne,RB,IND,11.200000000000001,23.100000000000005,19.333333333333332,4.333333333333333,21.066666666666666,15,plus_defense,16.6827
17,00-0036997,Javonte Williams,RB,WAS,11.4,12.033333333333331,16.0,3.0,25.293333333333333,15,plus_defense,12.6356
17,00-0037085,Tyler Badie,RB,KC,0.0,1.8,3.0,0.3333333333333333,19.293333333333337,15,plus_defense,3.4953
17,00-0037197,Isiah Pacheco,RB,DEN,3.2,6.2,11.666666666666666,2.3333333333333335,17.64,15,plus_defense,8.7251
17,00-0037228,Jaylen Warren,RB,CLE,6.4,17.366666666666667,14.0,3.0,22.072,15,plus_defense,12.7472
17,00-0037248,James Cook,RB,PHI,8.700000000000001,23.533333333333335,21.0,6.0,23.426666666666673,15,plus_defense,17.7281
17,00-0037256,Rachaad White,RB,MIA,3.7,6.033333333333334,7.333333333333333,1.6666666666666667,23.59333333333333,15,plus_defense,6.8548
17,00-0037263,Tyler Allgeier,RB,LA,2.3000000000000003,6.266666666666668,10.666666666666666,2.0,18.94,15,plus_defense,8.3146
17,00-0037594,Julius Chestnut,RB,NO,0.0,0.03333333333333333,0.3333333333333333,0.0,22.066666666666666,15,plus_defense,1.9045
17,00-0037617,Hassan Haskins,RB,HOU,0.0,0.7000000000000001,2.0,0.5,19.98,15,plus_defense,2.777
17,00-0037746,Brian Robinson,RB,CHI,3.8000000000000003,2.05,7.5,2.0,20.606666666666666,15,plus_defense,5.8404
17,00-0037840,Kyren Williams,RB,ATL,16.0,17.0,20.0,3.6666666666666665,22.046666666666667,15,plus_defense,15.6172
17,00-0038120,Breece Hall,RB,NE,20.900000000000002,6.1000000000000005,16.0,2.0,19.153333333333332,15,plus_defense,10.9155
17,00-0038134,Kenneth Walker III,RB,CAR,7.700000000000001,10.700000000000001,12.333333333333334,1.6666666666666667,24.139999999999997,15,plus_defense,10.453
17,00-0038542,Bijan Robinson,RB,LA,39.9,24.233333333333334,26.333333333333332,3.3333333333333335,18.94,15,plus_defense,20.293
17,00-0038555,Tank Bigsby,RB,BUF,1.9000000000000001,5.266666666666667,7.666666666666667,2.6666666666666665,26.293333333333333,15,plus_defense,6.9761
17,00-0038597,Chase Brown,RB,ARI,29.1,22.46666666666667,17.333333333333332,3.3333333333333335,26.033333333333335,15,plus_defense,15.8016
17,00-0038685,Chris Brooks,RB,BAL,2.1,1.5333333333333334,2.0,0.0,23.466666666666665,15,plus_defense,3.1533
17,00-0038705,Emari Demercado,RB,CIN,4.0,2.55,5.0,0.0,30.458666666666666,15,plus_defense,5.2319
17,00-0038797,Emanuel Wilson,RB,BAL,3.4000000000000004,3.1666666666666674,6.333333333333333,1.0,23.466666666666665,15,plus_defense,5.6764
17,00-0038951,Sean Tucker,RB,MIA,0.8,7.300000000000001,5.0,3.0,23.59333333333333,15,plus_defense,6.0044
17,00-0039040,De'Von Achane,RB,TB,14.200000000000001,18.066666666666666,14.666666666666666,0.6666666666666666,23.506666666666664,15,plus_defense,13.3153
17,00-0039139,Jahmyr Gibbs,RB,MIN,8.4,23.2,19.666666666666668,4.666666666666667,20.833333333333332,15,plus_defense,16.8588
17,00-0039165,Zach Charbonnet,RB,CAR,26.2,9.033333333333333,10.666666666666666,2.3333333333333335,24.139999999999997,15,plus_defense,9.2366
17,00-0039361,Bucky Irving,RB,MIA,8.3,10.433333333333335,18.666666666666668,1.6666666666666667,23.59333333333333,15,plus_defense,13.4842
17,00-0039384,Tyrone Tracy Jr.,RB,LV,6.7,17.25,18.5,3.5,23.273333333333333,15,plus_defense,14.9998
17,00-0039407,Dylan Laube,RB,NYG,0.0,0.13333333333333333,0.6666666666666666,0.0,26.900000000000002,15,plus_defense,2.3406
17,00-0039738,Blake Corum,RB,ATL,1.8,17.433333333333334,13.333333333333334,2.6666666666666665,22.046666666666667,15,plus_defense,12.433
17,00-0039746,Will Shipley,RB,BUF,0.2,0.8666666666666667,0.6666666666666666,0.0,26.293333333333333,15,plus_defense,2.4831
17,00-0039796,Rasheen Ali,RB,GB,2.8,5.566666666666666,2.6666666666666665,0.6666666666666666,19.480000000000004,15,plus_defense,4.2325
17,00-0039798,Isaiah Davis,RB,NE,3.0,8.566666666666666,6.333333333333333,1.0,19.153333333333332,15,plus_defense,6.7338
17,00-0039875,Ray Davis,RB,PHI,2.6,2.566666666666667,2.0,0.0,23.426666666666673,15,plus_defense,3.3959
17,00-0040078,Brashard Smith,RB,DEN,9.5,0.7333333333333334,1.3333333333333333,0.3333333333333333,17.64,15,plus_defense,2.3361
17,00-0040122,Ashton Jeanty,RB,NYG,9.3,15.266666666666666,18.333333333333332,1.3333333333333333,26.900000000000002,15,plus_defense,14.6341
17,00-0040198,Ollie Gordon II,RB,TB,0.0,2.5333333333333337,2.6666666666666665,0.3333333333333333,23.506666666666664,15,plus_defense,3.7208
17,00-0040208,Tahj Brooks,RB,ARI,2.9,0.35000000000000003,2.0,0.0,26.033333333333335,15,plus_defense,3.0048
17,00-0040236,Kyle Monangai,RB,SF,7.700000000000001,7.433333333333334,14.0,2.3333333333333335,22.486666666666668,15,plus_defense,10.4163
17,00-0040238,LeQuint Allen Jr.,RB,IND,0.30000000000000004,2.1333333333333333,3.6666666666666665,0.6666666666666666,21.066666666666666,15,plus_defense,3.9939
17,00-0040242,Jacory Croskey-Merritt,RB,DAL,22.5,9.1,11.0,2.3333333333333335,24.146666666666665,15,plus_defense,9.4171
17,00-0040583,Woody Marks,RB,LAC,8.500000000000002,10.200000000000001,18.5,4.5,19.133333333333333,15,plus_defense,13.1179
17,00-0040644,Trevor Etienne,RB,SEA,0.0,0.0,0.0,0.0,19.566666666666666,15,plus_defense,1.604
17,00-0040666,Omarion Hampton,RB,HOU,20.0,12.9,16.333333333333332,4.0,19.98,15,plus_defense,12.7325
17,00-0040730,RJ Harvey,RB,KC,18.6,18.866666666666667,18.333333333333332,3.6666666666666665,19.293333333333337,15,plus_defense,15.0962
17,00-0040734,TreVeyon Henderson,RB,NYJ,8.200000000000001,16.150000000000002,11.5,2.0,25.979999999999997,15,plus_defense,11.4272
17,00-0036187,Reggie Gilliam,RB,PHI,0.0,0.0,0.0,0.0,23.426666666666673,15,plus_defense,1.8021
17,00-0038738,Hunter Luepke,RB,WAS,5.4,2.466666666666667,2.6666666666666665,0.3333333333333333,25.293333333333333,15,plus_defense,3.7967
17,00-0038440,Zavier Scott,RB,DET,0.0,2.6,3.5,0.0,20.26,15,plus_defense,3.9808
17,00-0039364,Sione Vaki,RB,MIN,0.0,0.0,0.0,0.0,20.833333333333332,15,plus_defense,1.669
17,00-0036924,Michael Carter,RB,CIN,6.300000000000001,8.333333333333334,12.666666666666666,1.0,30.458666666666666,15,plus_defense,10.3812
17,00-0032104,Ameer Abdullah,RB,JAX,1.4,4.666666666666667,4.333333333333333,0.3333333333333333,18.5,15,plus_defense,4.7907
17,00-0036906,Khalil Herbert,RB,NE,0.5,0.25,1.5,0.0,19.153333333333332,15,plus_defense,2.3815
17,00-0038454,Keaton Mitchell,RB,GB,5.8,5.166666666666667,8.0,0.6666666666666666,19.480000000000004,15,plus_defense,6.7671
17,00-0039032,Tyjae Spears,RB,NO,1.0999999999999999,11.266666666666666,11.666666666666666,2.3333333333333335,22.066666666666666,15,plus_defense,10.1521
17,00-0038794,Jaleel McLaughlin,RB,KC,4.0,2.733333333333334,4.0,0.0,19.293333333333337,15,plus_defense,4.2093
17,00-0037563,Malik Davis,RB,WAS,10.3,4.866666666666666,7.333333333333333,1.6666666666666667,25.293333333333333,15,plus_defense,6.6658
17,00-0039874,Jaylen Wright,RB,TB,5.6000000000000005,10.366666666666669,13.333333333333334,1.6666666666666667,23.506666666666664,15,plus_defense,10.8346
17,00-0035291,Trayveon Williams,RB,PIT,1.0,6.1,5.0,1.0,20.633333333333333,15,plus_defense,5.5683
17,00-0040205,Kalel Mullings,RB,NO,0.4,0.15000000000000002,1.0,0.0,22.066666666666666,15,plus_defense,2.2608
17,00-0037557,Ronnie Rivers,RB,ATL,0.5,1.366666666666667,2.6666666666666665,0.0,22.046666666666667,15,plus_defense,3.3696
17,00-0038397,Evan Hull,RB,TEN,0.30000000000000004,1.1666666666666667,3.6666666666666665,0.6666666666666666,22.52,15,plus_defense,3.8395
17,00-0039373,Audric Estimé,RB,TEN,16.799999999999997,5.233333333333333,6.0,0.3333333333333333,22.52,15,plus_defense,5.9529
17,00-0039405,Jawhar Jordan,RB,LAC,3.6,12.9,18.5,2.0,19.133333333333333,15,plus_defense,13.7573
17,00-0040556,Corey Kiner,RB,CIN,0.2,2.1500000000000004,4.0,1.0,30.458666666666666,15,plus_defense,4.6442
17,00-0032764,Derrick Henry,RB,GB,45.6,15.333333333333334,18.666666666666668,3.3333333333333335,19.480000000000004,15,plus_redzone_defense,14.4953
17,00-0033280,Christian McCaffrey,RB,CHI,28.1,24.150000000000002,26.0,9.0,20.606666666666666,15,plus_redzone_defense,21.7938
17,00-0033293,Aaron Jones,RB,DET,15.3,9.466666666666667,18.0,2.6666666666666665,20.26,15,plus_redzone_defense,12.7561
17,00-0033526,Samaje Perine,RB,ARI,8.3,7.3999999999999995,10.666666666666666,1.3333333333333333,26.033333333333335,15,plus_redzone_defense,8.8073
17,00-0033923,Kareem Hunt,RB,DEN,3.8000000000000003,4.066666666666666,8.0,2.3333333333333335,17.64,15,plus_redzone_defense,6.8241
17,00-0033955,Jeremy McNichols,RB,DAL,4.0,2.533333333333333,5.0,0.3333333333333333,24.146666666666665,15,plus_redzone_defense,4.7505
17,00-0034791,Nick Chubb,RB,LAC,0.1,2.7500000000000004,4.0,0.0,19.133333333333333,15,plus_redzone_defense,3.9621
17,00-0034844,Saquon Barkley,RB,BUF,6.800000000000001,18.200000000000003,23.333333333333332,5.666666666666667,26.293333333333333,15,plus_redzone_defense,18.4156
17,00-0035250,Devin Singletary,RB,LV,17.0,4.0,9.0,1.0,23.273333333333333,15,plus_redzone_defense,7.0714
17,00-0035261,Tony Pollard,RB,NO,11.5,18.833333333333332,20.666666666666668,1.6666666666666667,22.066666666666666,15,plus_redzone_defense,15.6689
17,00-0035537,Ty Johnson,RB,PHI,7.800000000000001,6.433333333333333,5.0,2.0,23.426666666666673,15,plus_redzone_defense,6.1389
17,00-0035685,David Montgomery,RB,MIN,6.0,8.299999999999999,6.333333333333333,1.3333333333333333,20.833333333333332,15,plus_redzone_defense,6.7611
17,00-0035700,Josh Jacobs,RB,BAL,1.3,15.733333333333334,17.0,3.6666666666666665,23.466666666666665,15,plus_redzone_defense,14.15
17,00-0036139,Rico Dowdle,RB,SEA,9.3,10.350000000000001,16.0,2.0,19.566666666666666,15,plus_redzone_defense,11.7566
17,00-0036223,Jonathan Taylor,RB,JAX,17.4,14.466666666666669,23.0,3.0,18.5,15,plus_redzone_defense,16.108
17,00-0036275,D'Andre Swift,RB,SF,21.9,14.266666666666667,17.0,3.3333333333333335,22.486666666666668,15,plus_redzone_defense,13.6697
17,00-0036555,Chuba Hubbard,RB,SEA,4.800000000000001,4.6000000000000005,8.0,2.0,19.566666666666666,15,plus_redzone_defense,6.915
17,00-0036842,Kene Nwangwu,RB,NE,3.1,0.0,0.0,0.0,19.153333333333332,15,plus_redzone_defense,1.5687
17,00-0036875,Rhamondre Stevenson,RB,NYJ,27.2,13.25,10.0,1.5,25.979999999999997,15,plus_redzone_defense,9.794
17,00-0036919,Kenny Gainwell,RB,CLE,6.8,19.866666666666664,15.666666666666666,4.333333333333333,22.072,15,plus_redzone_defense,14.5848
17,00-0036973,Travis Etienne,RB,IND,11.200000000000001,23.100000000000005,19.333333333333332,4.333333333333333,21.066666666666666,15,plus_redzone_defense,16.8777
17,00-0036997,Javonte Williams,RB,WAS,11.4,12.033333333333331,16.0,3.0,25.293333333333333,15,plus_redzone_defense,12.7698
17,00-0037085,Tyler Badie,RB,KC,0.0,1.8,3.0,0.3333333333333333,19.293333333333337,15,plus_redzone_defense,3.4374
17,00-0037197,Isiah Pacheco,RB,DEN,3.2,6.2,11.666666666666666,2.3333333333333335,17.64,15,plus_redzone_defense,8.9374
17,00-0037228,Jaylen Warren,RB,CLE,6.4,17.366666666666667,14.0,3.0,22.072,15,plus_redzone_defense,12.8183
17,00-0037248,James Cook,RB,PHI,8.700000000000001,23.533333333333335,21.0,6.0,23.426666666666673,15,plus_redzone_defense,18.452
17,00-0037256,Rachaad White,RB,MIA,3.7,6.033333333333334,7.333333333333333,1.6666666666666667,23.59333333333333,15,plus_redzone_defense,7.0014
17,00-0037263,Tyler Allgeier,RB,LA,2.3000000000000003,6.266666666666668,10.666666666666666,2.0,18.94,15,plus_redzone_defense,8.4438
17,00-0037594,Julius Chestnut,RB,NO,0.0,0.03333333333333333,0.3333333333333333,0.0,22.066666666666666,15,plus_redzone_defense,1.8776
17,00-0037617,Hassan Haskins,RB,HOU,0.0,0.7000000000000001,2.0,0.5,19.98,15,plus_redzone_defense,2.8479
17,00-0037746,Brian Robinson,RB,CHI,3.8000000000000003,2.05,7.5,2.0,20.606666666666666,15,plus_redzone_defense,6.205
17,00-0037840,Kyren Williams,RB,ATL,16.0,17.0,20.0,3.6666666666666665,22.046666666666667,15,plus_redzone_defense,15.7049
17,00-0038120,Breece Hall,RB,NE,20.900000000000002,6.1000000000000005,16.0,2.0,19.153333333333332,15,plus_redzone_defense,10.8405
17,00-0038134,Kenneth Walker III,RB,CAR,7.700000000000001,10.700000000000001,12.333333333333334,1.6666666666666667,24.139999999999997,15,plus_redzone_defense,10.2815
17,00-0038542,Bijan Robinson,RB,LA,39.9,24.233333333333334,26.333333333333332,3.3333333333333335,18.94,15,plus_redzone_defense,19.8207
17,00-0038555,Tank Bigsby,RB,BUF,1.9000000000000001,5.266666666666667,7.666666666666667,2.6666666666666665,26.293333333333333,15,plus_redzone_defense,7.4937
17,00-0038597,Chase Brown,RB,ARI,29.1,22.46666666666667,17.333333333333332,3.3333333333333335,26.033333333333335,15,plus_redzone_defense,15.7306
17,00-0038685,Chris Brooks,RB,BAL,2.1,1.5333333333333334,2.0,0.0,23.466666666666665,15,plus_redzone_defense,3.0222
17,00-0038705,Emari Demercado,RB,CIN,4.0,2.55,5.0,0.0,30.458666666666666,15,plus_redzone_defense,4.9594
17,00-0038797,Emanuel Wilson,RB,BAL,3.4000000000000004,3.1666666666666674,6.333333333333333,1.0,23.466666666666665,15,plus_redzone_defense,5.6957
17,00-0038951,Sean Tucker,RB,MIA,0.8,7.300000000000001,5.0,3.0,23.59333333333333,15,plus_redzone_defense,6.6927
17,00-0039040,De'Von Achane,RB,TB,14.200000000000001,18.066666666666666,14.666666666666666,0.6666666666666666,23.506666666666664,15,plus_redzone_defense,12.4959
17,00-0039139,Jahmyr Gibbs,RB,MIN,8.4,23.2,19.666666666666668,4.666666666666667,20.833333333333332,15,plus_redzone_defense,17.1589
17,00-0039165,Zach Charbonnet,RB,CAR,26.2,9.033333333333333,10.666666666666666,2.3333333333333335,24.139999999999997,15,plus_redzone_defense,9.4161
17,00-0039361,Bucky Irving,RB,MIA,8.3,10.433333333333335,18.666666666666668,1.6666666666666667,23.59333333333333,15,plus_redzone_defense,13.0717
17,00-0039384,Tyrone Tracy Jr.,RB,LV,6.7,17.25,18.5,3.5,23.273333333333333,15,plus_redzone_defense,15.0797
17,00-0039407,Dylan Laube,RB,NYG,0.0,0.13333333333333333,0.6666666666666666,0.0,26.900000000000002,15,plus_redzone_defense,2.2998
17,00-0039738,Blake Corum,RB,ATL,1.8,17.433333333333334,13.333333333333334,2.6666666666666665,22.046666666666667,15,plus_redzone_defense,12.4075
17,00-0039746,Will Shipley,RB,BUF,0.2,0.8666666666666667,0.6666666666666666,0.0,26.293333333333333,15,plus_redzone_defense,2.4228
17,00-0039796,Rasheen Ali,RB,GB,2.8,5.566666666666666,2.6666666666666665,0.6666666666666666,19.480000000000004,15,plus_redzone_defense,4.2097
17,00-0039798,Isaiah Davis,RB,NE,3.0,8.566666666666666,6.333333333333333,1.0,19.153333333333332,15,plus_redzone_defense,6.6095
17,00-0039875,Ray Davis,RB,PHI,2.6,2.566666666666667,2.0,0.0,23.426666666666673,15,plus_redzone_defense,3.2377
17,00-0040078,Brashard Smith,RB,DEN,9.5,0.7333333333333334,1.3333333333333333,0.3333333333333333,17.64,15,plus_redzone_defense,2.3709
17,00-0040122,Ashton Jeanty,RB,NYG,9.3,15.266666666666666,18.333333333333332,1.3333333333333333,26.900000000000002,15,plus_redzone_defense,13.988
17,00-0040198,Ollie Gordon II,RB,TB,0.0,2.5333333333333337,2.6666666666666665,0.3333333333333333,23.506666666666664,15,plus_redzone_defense,3.6583
17,00-0040208,Tahj Brooks,RB,ARI,2.9,0.35000000000000003,2.0,0.0,26.033333333333335,15,plus_redzone_defense,2.9058
17,00-0040236,Kyle Monangai,RB,SF,7.700000000000001,7.433333333333334,14.0,2.3333333333333335,22.486666666666668,15,plus_redzone_defense,10.5067
17,00-0040238,LeQuint Allen Jr.,RB,IND,0.30000000000000004,2.1333333333333333,3.6666666666666665,0.6666666666666666,21.066666666666666,15,plus_redzone_defense,4.0228
17,00-0040242,Jacory Croskey-Merritt,RB,DAL,22.5,9.1,11.0,2.3333333333333335,24.146666666666665,15,plus_redzone_defense,9.5817
17,00-0040583,Woody Marks,RB,LAC,8.500000000000002,10.200000000000001,18.5,4.5,19.133333333333333,15,plus_redzone_defense,13.7442
17,00-0040644,Trevor Etienne,RB,SEA,0.0,0.0,0.0,0.0,19.566666666666666,15,plus_redzone_defense,1.59
17,00-0040666,Omarion Hampton,RB,HOU,20.0,12.9,16.333333333333332,4.0,19.98,15,plus_redzone_defense,13.1916
17,00-0040730,RJ Harvey,RB,KC,18.6,18.866666666666667,18.333333333333332,3.6666666666666665,19.293333333333337,15,plus_redzone_defense,15.1991
17,00-0040734,TreVeyon Henderson,RB,NYJ,8.200000000000001,16.150000000000002,11.5,2.0,25.979999999999997,15,plus_redzone_defense,11.2667
17,00-0036187,Reggie Gilliam,RB,PHI,0.0,0.0,0.0,0.0,23.426666666666673,15,plus_redzone_defense,1.7896
17,00-0038738,Hunter Luepke,RB,WAS,5.4,2.466666666666667,2.6666666666666665,0.3333333333333333,25.293333333333333,15,plus_redzone_defense,3.7366
17,00-0038440,Zavier Scott,RB,DET,0.0,2.6,3.5,0.0,20.26,15,plus_redzone_defense,3.7618
17,00-0039364,Sione Vaki,RB,MIN,0.0,0.0,0.0,0.0,20.833333333333332,15,plus_redzone_defense,1.6555
17,00-0036924,Michael Carter,RB,CIN,6.300000000000001,8.333333333333334,12.666666666666666,1.0,30.458666666666666,15,plus_redzone_defense,10.0194
17,00-0032104,Ameer Abdullah,RB,JAX,1.4,4.666666666666667,4.333333333333333,0.3333333333333333,18.5,15,plus_redzone_defense,4.6051
17,00-0036906,Khalil Herbert,RB,NE,0.5,0.25,1.5,0.0,19.153333333333332,15,plus_redzone_defense,2.3021
17,00-0038454,Keaton Mitchell,RB,GB,5.8,5.166666666666667,8.0,0.6666666666666666,19.480000000000004,15,plus_redzone_defense,6.5461
17,00-0039032,Tyjae Spears,RB,NO,1.0999999999999999,11.266666666666666,11.666666666666666,2.3333333333333335,22.066666666666666,15,plus_redzone_defense,10.2329
17,00-0038794,Jaleel McLaughlin,RB,KC,4.0,2.733333333333334,4.0,0.0,19.293333333333337,15,plus_redzone_defense,3.9668
17,00-0037563,Malik Davis,RB,WAS,10.3,4.866666666666666,7.333333333333333,1.6666666666666667,25.293333333333333,15,plus_redzone_defense,6.8437
17,00-0039874,Jaylen Wright,RB,TB,5.6000000000000005,10.366666666666669,13.333333333333334,1.6666666666666667,23.506666666666664,15,plus_redzone_defense,10.6325
17,00-0035291,Trayveon Williams,RB,PIT,1.0,6.1,5.0,1.0,20.633333333333333,15,plus_redzone_defense,5.5615
17,00-0040205,Kalel Mullings,RB,NO,0.4,0.15000000000000002,1.0,0.0,22.066666666666666,15,plus_redzone_defense,2.2047
17,00-0037557,Ronnie Rivers,RB,ATL,0.5,1.366666666666667,2.6666666666666665,0.0,22.046666666666667,15,plus_redzone_defense,3.2163
17,00-0038397,Evan Hull,RB,TEN,0.30000000000000004,1.1666666666666667,3.6666666666666665,0.6666666666666666,22.52,15,plus_redzone_defense,3.8944
17,00-0039373,Audric Estimé,RB,TEN,16.799999999999997,5.233333333333333,6.0,0.3333333333333333,22.52,15,plus_redzone_defense,5.6887
17,00-0039405,Jawhar Jordan,RB,LAC,3.6,12.9,18.5,2.0,19.133333333333333,15,plus_redzone_defense,13.4057
17,00-0040556,Corey Kiner,RB,CIN,0.2,2.1500000000000004,4.0,1.0,30.458666666666666,15,plus_redzone_defense,4.784
18,00-0032764,Derrick Henry,RB,PIT,12.600000000000001,26.8,21.666666666666668,5.333333333333333,20.01875,16,baseline,18.7157
18,00-0033280,Christian McCaffrey,RB,SEA,11.700000000000001,25.46666666666667,27.0,7.666666666666667,19.225,16,baseline,21.1114
18,00-0033526,Samaje Perine,RB,CLE,8.2,8.566666666666666,9.666666666666666,1.6666666666666667,21.517500000000002,16,baseline,8.455
18,00-0033854,Dare Ogunbowale,RB,IND,1.9000000000000001,3.6500000000000004,5.5,3.5,20.6,16,baseline,5.2167
18,00-0033923,Kareem Hunt,RB,LV,6.5,2.3333333333333335,6.0,1.0,23.3,16,baseline,5.1679
18,00-0033955,Jeremy McNichols,RB,PHI,2.1,3.466666666666667,6.0,0.6666666666666666,23.15625,16,baseline,5.4279
18,00-0035250,Devin Singletary,RB,DAL,8.6,8.333333333333334,10.0,1.3333333333333333,24.293750000000003,16,baseline,8.5703
18,00-0035261,Tony Pollard,RB,JAX,9.5,13.299999999999999,19.0,1.6666666666666667,18.518749999999997,16,baseline,14.2684
18,00-0035537,Ty Johnson,RB,NYJ,19.6,7.066666666666666,6.333333333333333,2.3333333333333335,26.6,16,baseline,6.4225
18,00-0035685,David Montgomery,RB,CHI,6.5,5.533333333333334,8.0,2.3333333333333335,21.3125,16,baseline,6.915
18,00-0036139,Rico Dowdle,RB,TB,5.0,10.000000000000002,16.333333333333332,1.3333333333333333,23.275,16,baseline,12.1607
18,00-0036223,Jonathan Taylor,RB,HOU,5.8999999999999995,15.800000000000002,25.0,4.333333333333333,19.9875,16,baseline,17.8811
18,00-0036275,D'Andre Swift,RB,DET,5.8,17.833333333333332,15.333333333333334,2.0,20.1,16,baseline,13.4509
18,00-0036555,Chuba Hubbard,RB,TB,3.7,4.666666666666667,7.666666666666667,1.6666666666666667,23.275,16,baseline,6.5474
18,00-0036842,Kene Nwangwu,RB,BUF,1.8,1.55,3.0,1.5,25.206250000000004,16,baseline,3.4686
18,00-0036875,Rhamondre Stevenson,RB,MIA,35.3,17.900000000000002,11.0,1.6666666666666667,22.918750000000003,16,baseline,11.2712
18,00-0036919,Kenny Gainwell,RB,BAL,21.4,16.733333333333334,15.666666666666666,2.0,22.425,16,baseline,13.3674
18,00-0036973,Travis Etienne,RB,TEN,4.800000000000001,19.76666666666667,19.0,4.0,22.18125,16,baseline,15.7517
18,00-0037085,Tyler Badie,RB,LAC,4.6000000000000005,0.7666666666666666,1.3333333333333333,0.0,18.700000000000003,16,baseline,2.4447
18,00-0037228,Jaylen Warren,RB,BAL,14.900000000000002,14.433333333333335,14.333333333333334,2.3333333333333335,22.425,16,baseline,12.1645
18,00-0037248,James Cook,RB,NYJ,1.5,22.066666666666666,22.333333333333332,4.333333333333333,26.6,16,baseline,17.9677
18,00-0037256,Rachaad White,RB,CAR,6.1000000000000005,5.1000000000000005,4.333333333333333,1.3333333333333333,24.75,16,baseline,4.9583
18,00-0037263,Tyler Allgeier,RB,NO,2.9000000000000004,4.133333333333334,9.666666666666666,1.0,21.5,16,baseline,7.4381
18,00-0037525,Jordan Mason,RB,GB,9.4,2.5,6.5,0.5,21.65,16,baseline,5.4594
18,00-0037594,Julius Chestnut,RB,JAX,0.0,0.03333333333333333,0.3333333333333333,0.0,18.518749999999997,16,baseline,1.77
18,00-0037617,Hassan Haskins,RB,DEN,0.30000000000000004,0.7000000000000001,2.0,0.5,17.56875,16,baseline,2.7671
18,00-0037746,Brian Robinson,RB,SEA,0.9,2.6333333333333333,6.666666666666667,2.0,19.225,16,baseline,5.5744
18,00-0037840,Kyren Williams,RB,ARI,11.1,16.433333333333334,20.333333333333332,3.6666666666666665,26.925,16,baseline,15.6625
18,00-0038134,Kenneth Walker III,RB,SF,17.3,12.0,13.666666666666666,0.6666666666666666,22.931250000000002,16,baseline,11.2687
18,00-0038542,Bijan Robinson,RB,NO,7.300000000000001,33.733333333333334,29.0,3.0,21.5,16,baseline,24.0206
18,00-0038555,Tank Bigsby,RB,WAS,17.6,5.766666666666666,8.333333333333334,2.6666666666666665,25.40625,16,baseline,7.1374
18,00-0038597,Chase Brown,RB,CLE,19.0,26.0,20.333333333333332,5.0,21.517500000000002,16,baseline,17.8568
18,00-0038685,Chris Brooks,RB,MIN,6.1000000000000005,1.7,2.3333333333333335,0.3333333333333333,20.43125,16,baseline,3.1653
18,00-0038705,Emari Demercado,RB,LA,6.700000000000001,3.033333333333333,6.0,0.0,20.39375,16,baseline,5.3285
18,00-0038797,Emanuel Wilson,RB,MIN,5.800000000000001,3.9666666666666672,6.666666666666667,0.6666666666666666,20.43125,16,baseline,5.8803
18,00-0038951,Sean Tucker,RB,CAR,-0.4,4.6000000000000005,3.6666666666666665,3.0,24.75,16,baseline,4.5059
18,00-0039139,Jahmyr Gibbs,RB,CHI,20.3,13.666666666666666,20.0,3.6666666666666665,21.3125,16,baseline,14.859
18,00-0039165,Zach Charbonnet,RB,SF,18.7,14.9,14.0,4.0,22.931250000000002,16,baseline,12.1027
18,00-0039361,Bucky Irving,RB,CAR,10.8,7.833333333333333,17.666666666666668,2.3333333333333335,24.75,16,baseline,12.3391
18,00-0039384,Tyrone Tracy Jr.,RB,DAL,29.900000000000002,13.733333333333334,17.666666666666668,4.0,24.293750000000003,16,baseline,13.6924
18,00-0039407,Dylan Laube,RB,KC,0.0,0.13333333333333333,0.6666666666666666,0.0,19.500000000000004,16,baseline,1.9617
18,00-0039738,Blake Corum,RB,ARI,7.9,9.333333333333334,11.0,1.6666666666666667,26.925,16,baseline,9.3062
18,00-0039746,Will Shipley,RB,WAS,3.3000000000000003,0.5,1.0,0.0,25.40625,16,baseline,2.2147
18,00-0039796,Rasheen Ali,RB,PIT,0.0,5.3999999999999995,2.3333333333333335,0.0,20.01875,16,baseline,4.014
18,00-0039875,Ray Davis,RB,NYJ,25.400000000000002,3.4333333333333336,2.6666666666666665,0.0,26.6,16,baseline,3.7318
18,00-0040078,Brashard Smith,RB,LV,7.800000000000001,3.6666666666666665,2.3333333333333335,0.6666666666666666,23.3,16,baseline,3.6164
18,00-0040122,Ashton Jeanty,RB,KC,12.4,16.433333333333334,19.666666666666668,1.3333333333333333,19.500000000000004,16,baseline,15.3248
18,00-0040198,Ollie Gordon II,RB,NE,2.1,-0.03333333333333333,1.0,0.0,19.675,16,baseline,2.0924
18,00-0040236,Kyle Monangai,RB,DET,3.9000000000000004,7.766666666666668,12.666666666666666,2.3333333333333335,20.1,16,baseline,9.7911
18,00-0040242,Jacory Croskey-Merritt,RB,PHI,2.9000000000000004,15.533333333333333,12.333333333333334,3.6666666666666665,23.15625,16,baseline,11.4037
18,00-0040466,Raheim Sanders,RB,CIN,4.3,4.85,11.0,2.0,29.21125,16,baseline,8.2779
18,00-0040583,Woody Marks,RB,IND,6.800000000000001,6.65,14.5,1.0,20.6,16,baseline,10.4636
18,00-0040644,Trevor Etienne,RB,TB,0.0,0.0,0.0,0.0,23.275,16,baseline,1.5935
18,00-0040730,RJ Harvey,RB,LAC,4.300000000000001,17.733333333333334,17.333333333333332,2.6666666666666665,18.700000000000003,16,baseline,14.441
18,00-0040734,TreVeyon Henderson,RB,MIA,17.3,13.500000000000002,14.0,3.0,22.918750000000003,16,baseline,11.7816
18,00-0036187,Reggie Gilliam,RB,NYJ,3.6,0.0,0.0,0.0,26.6,16,baseline,1.5935
18,00-0038738,Hunter Luepke,RB,NYG,2.6,4.266666666666667,5.333333333333333,0.3333333333333333,25.8125,16,baseline,5.2737
18,00-0037120,Tyler Goodson,RB,HOU,0.30000000000000004,0.45,1.5,0.0,19.9875,16,baseline,2.4565
18,00-0038440,Zavier Scott,RB,GB,2.7,1.1,1.5,0.0,21.65,16,baseline,2.6056
18,00-0039364,Sione Vaki,RB,CHI,0.0,0.0,0.0,0.0,21.3125,16,baseline,1.5935
18,00-0036924,Michael Carter,RB,LA,6.9,8.733333333333334,14.0,0.3333333333333333,20.39375,16,baseline,10.6882
18,00-0039391,Kimani Vidal,RB,DEN,2.0,3.45,9.0,0.0,17.56875,16,baseline,6.9437
18,00-0032104,Ameer Abdullah,RB,HOU,4.5,4.166666666666667,3.6666666666666665,0.0,19.9875,16,baseline,4.4065
18,00-0036425,DeeJay Dallas,RB,TEN,0.0,1.05,1.5,0.0,22.18125,16,baseline,2.5941
18,00-0036906,Khalil Herbert,RB,BUF,5.6000000000000005,0.5,3.0,0.5,25.206250000000004,16,baseline,3.2278
18,00-0038454,Keaton Mitchell,RB,PIT,0.2,4.566666666666666,9.666666666666666,1.6666666666666667,20.01875,16,baseline,7.5375
18,00-0039032,Tyjae Spears,RB,JAX,9.700000000000001,9.4,10.333333333333334,2.6666666666666665,18.518749999999997,16,baseline,8.9838
18,00-0039603,British Brooks,RB,IND,6.300000000000001,0.0,0.0,0.0,20.6,16,baseline,1.5935
18,00-0038794,Jaleel McLaughlin,RB,LAC,6.800000000000001,2.7000000000000006,4.666666666666667,0.3333333333333333,18.700000000000003,16,baseline,4.5766
18,00-0039874,Jaylen Wright,RB,NE,6.000000000000001,6.666666666666667,6.0,0.6666666666666666,19.675,16,baseline,6.1619
18,00-0035291,Trayveon Williams,RB,CIN,3.0,4.3999999999999995,4.0,0.6666666666666666,29.21125,16,baseline,4.6289
18,00-0037557,Ronnie Rivers,RB,ARI,0.0,0.16666666666666666,0.3333333333333333,0.0,26.925,16,baseline,1.8005
18,00-0038397,Evan Hull,RB,ATL,1.1,0.6000000000000001,3.6666666666666665,0.6666666666666666,21.8125,16,baseline,3.5884
18,00-0039373,Audric Estimé,RB,ATL,15.600000000000001,10.466666666666667,10.0,0.3333333333333333,21.8125,16,baseline,9.0596
18,00-0039405,Jawhar Jordan,RB,IND,0.30000000000000004,9.8,15.0,1.3333333333333333,20.6,16,baseline,11.4394
18,00-0040556,Corey Kiner,RB,LA,4.8,1.5000000000000002,3.0,0.6666666666666666,20.39375,16,baseline,3.4571
18,00-0032764,Derrick Henry,RB,PIT,12.600000000000001,26.8,21.666666666666668,5.333333333333333,20.01875,16,plus_defense,18.6512
18,00-0033280,Christian McCaffrey,RB,SEA,11.700000000000001,25.46666666666667,27.0,7.666666666666667,19.225,16,plus_defense,21.0082
18,00-0033526,Samaje Perine,RB,CLE,8.2,8.566666666666666,9.666666666666666,1.6666666666666667,21.517500000000002,16,plus_defense,8.4424
18,00-0033854,Dare Ogunbowale,RB,IND,1.9000000000000001,3.6500000000000004,5.5,3.5,20.6,16,plus_defense,5.1622
18,00-0033923,Kareem Hunt,RB,LV,6.5,2.3333333333333335,6.0,1.0,23.3,16,plus_defense,5.2271
18,00-0033955,Jeremy McNichols,RB,PHI,2.1,3.466666666666667,6.0,0.6666666666666666,23.15625,16,plus_defense,5.4822
18,00-0035250,Devin Singletary,RB,DAL,8.6,8.333333333333334,10.0,1.3333333333333333,24.293750000000003,16,plus_defense,8.6759
18,00-0035261,Tony Pollard,RB,JAX,9.5,13.299999999999999,19.0,1.6666666666666667,18.518749999999997,16,plus_defense,14.1269
18,00-0035537,Ty Johnson,RB,NYJ,19.6,7.066666666666666,6.333333333333333,2.3333333333333335,26.6,16,plus_defense,6.6276
18,00-0035685,David Montgomery,RB,CHI,6.5,5.533333333333334,8.0,2.3333333333333335,21.3125,16,plus_defense,6.8914
18,00-0036139,Rico Dowdle,RB,TB,5.0,10.000000000000002,16.333333333333332,1.3333333333333333,23.275,16,plus_defense,12.2206
18,00-0036223,Jonathan Taylor,RB,HOU,5.8999999999999995,15.800000000000002,25.0,4.333333333333333,19.9875,16,plus_defense,17.8012
18,00-0036275,D'Andre Swift,RB,DET,5.8,17.833333333333332,15.333333333333334,2.0,20.1,16,plus_defense,13.3842
18,00-0036555,Chuba Hubbard,RB,TB,3.7,4.666666666666667,7.666666666666667,1.6666666666666667,23.275,16,plus_defense,6.607
18,00-0036842,Kene Nwangwu,RB,BUF,1.8,1.55,3.0,1.5,25.206250000000004,16,plus_defense,3.6103
18,00-0036875,Rhamondre Stevenson,RB,MIA,35.3,17.900000000000002,11.0,1.6666666666666667,22.918750000000003,16,plus_defense,11.3277
18,00-0036919,Kenny Gainwell,RB,BAL,21.4,16.733333333333334,15.666666666666666,2.0,22.425,16,plus_defense,13.3987
18,00-0036973,Travis Etienne,RB,TEN,4.800000000000001,19.76666666666667,19.0,4.0,22.18125,16,plus_defense,15.7737
18,00-0037085,Tyler Badie,RB,LAC,4.6000000000000005,0.7666666666666666,1.3333333333333333,0.0,18.700000000000003,16,plus_defense,2.3086
18,00-0037228,Jaylen Warren,RB,BAL,14.900000000000002,14.433333333333335,14.333333333333334,2.3333333333333335,22.425,16,plus_defense,12.1941
18,00-0037248,James Cook,RB,NYJ,1.5,22.066666666666666,22.333333333333332,4.333333333333333,26.6,16,plus_defense,18.1789
18,00-0037256,Rachaad White,RB,CAR,6.1000000000000005,5.1000000000000005,4.333333333333333,1.3333333333333333,24.75,16,plus_defense,5.0835
18,00-0037263,Tyler Allgeier,RB,NO,2.9000000000000004,4.133333333333334,9.666666666666666,1.0,21.5,16,plus_defense,7.42
18,00-0037525,Jordan Mason,RB,GB,9.4,2.5,6.5,0.5,21.65,16,plus_defense,5.448
18,00-0037594,Julius Chestnut,RB,JAX,0.0,0.03333333333333333,0.3333333333333333,0.0,18.518749999999997,16,plus_defense,1.6259
18,00-0037617,Hassan Haskins,RB,DEN,0.30000000000000004,0.7000000000000001,2.0,0.5,17.56875,16,plus_defense,2.5821
18,00-0037746,Brian Robinson,RB,SEA,0.9,2.6333333333333333,6.666666666666667,2.0,19.225,16,plus_defense,5.4594
18,00-0037840,Kyren Williams,RB,ARI,11.1,16.433333333333334,20.333333333333332,3.6666666666666665,26.925,16,plus_defense,15.8828
18,00-0038134,Kenneth Walker III,RB,SF,17.3,12.0,13.666666666666666,0.6666666666666666,22.931250000000002,16,plus_defense,11.3177
18,00-0038542,Bijan Robinson,RB,NO,7.300000000000001,33.733333333333334,29.0,3.0,21.5,16,plus_defense,24.0223
18,00-0038555,Tank Bigsby,RB,WAS,17.6,5.766666666666666,8.333333333333334,2.6666666666666665,25.40625,16,plus_defense,7.2888
18,00-0038597,Chase Brown,RB,CLE,19.0,26.0,20.333333333333332,5.0,21.517500000000002,16,plus_defense,17.8563
18,00-0038685,Chris Brooks,RB,MIN,6.1000000000000005,1.7,2.3333333333333335,0.3333333333333333,20.43125,16,plus_defense,3.1036
18,00-0038705,Emari Demercado,RB,LA,6.700000000000001,3.033333333333333,6.0,0.0,20.39375,16,plus_defense,5.2642
18,00-0038797,Emanuel Wilson,RB,MIN,5.800000000000001,3.9666666666666672,6.666666666666667,0.6666666666666666,20.43125,16,plus_defense,5.8182
18,00-0038951,Sean Tucker,RB,CAR,-0.4,4.6000000000000005,3.6666666666666665,3.0,24.75,16,plus_defense,4.631
18,00-0039139,Jahmyr Gibbs,RB,CHI,20.3,13.666666666666666,20.0,3.6666666666666665,21.3125,16,plus_defense,14.8367
18,00-0039165,Zach Charbonnet,RB,SF,18.7,14.9,14.0,4.0,22.931250000000002,16,plus_defense,12.1546
18,00-0039361,Bucky Irving,RB,CAR,10.8,7.833333333333333,17.666666666666668,2.3333333333333335,24.75,16,plus_defense,12.4588
18,00-0039384,Tyrone Tracy Jr.,RB,DAL,29.900000000000002,13.733333333333334,17.666666666666668,4.0,24.293750000000003,16,plus_defense,13.799
18,00-0039407,Dylan Laube,RB,KC,0.0,0.13333333333333333,0.6666666666666666,0.0,19.500000000000004,16,plus_defense,1.8595
18,00-0039738,Blake Corum,RB,ARI,7.9,9.333333333333334,11.0,1.6666666666666667,26.925,16,plus_defense,9.5248
18,00-0039746,Will Shipley,RB,WAS,3.3000000000000003,0.5,1.0,0.0,25.40625,16,plus_defense,2.3651
18,00-0039796,Rasheen Ali,RB,PIT,0.0,5.3999999999999995,2.3333333333333335,0.0,20.01875,16,plus_defense,3.9386
18,00-0039875,Ray Davis,RB,NYJ,25.400000000000002,3.4333333333333336,2.6666666666666665,0.0,26.6,16,plus_defense,3.9353
18,00-0040078,Brashard Smith,RB,LV,7.800000000000001,3.6666666666666665,2.3333333333333335,0.6666666666666666,23.3,16,plus_defense,3.6794
18,00-0040122,Ashton Jeanty,RB,KC,12.4,16.433333333333334,19.666666666666668,1.3333333333333333,19.500000000000004,16,plus_defense,15.2282
18,00-0040198,Ollie Gordon II,RB,NE,2.1,-0.03333333333333333,1.0,0.0,19.675,16,plus_defense,1.9972
18,00-0040236,Kyle Monangai,RB,DET,3.9000000000000004,7.766666666666668,12.666666666666666,2.3333333333333335,20.1,16,plus_defense,9.7152
18,00-0040242,Jacory Croskey-Merritt,RB,PHI,2.9000000000000004,15.533333333333333,12.333333333333334,3.6666666666666665,23.15625,16,plus_defense,11.467
18,00-0040466,Raheim Sanders,RB,CIN,4.3,4.85,11.0,2.0,29.21125,16,plus_defense,8.5893
18,00-0040583,Woody Marks,RB,IND,6.800000000000001,6.65,14.5,1.0,20.6,16,plus_defense,10.4067
18,00-0040644,Trevor Etienne,RB,TB,0.0,0.0,0.0,0.0,23.275,16,plus_defense,1.6529
18,00-0040730,RJ Harvey,RB,LAC,4.300000000000001,17.733333333333334,17.333333333333332,2.6666666666666665,18.700000000000003,16,plus_defense,14.3131
18,00-0040734,TreVeyon Henderson,RB,MIA,17.3,13.500000000000002,14.0,3.0,22.918750000000003,16,plus_defense,11.8315
18,00-0036187,Reggie Gilliam,RB,NYJ,3.6,0.0,0.0,0.0,26.6,16,plus_defense,1.795
18,00-0038738,Hunter Luepke,RB,NYG,2.6,4.266666666666667,5.333333333333333,0.3333333333333333,25.8125,16,plus_defense,5.4428
18,00-0037120,Tyler Goodson,RB,HOU,0.30000000000000004,0.45,1.5,0.0,19.9875,16,plus_defense,2.3749
18,00-0038440,Zavier Scott,RB,GB,2.7,1.1,1.5,0.0,21.65,16,plus_defense,2.5958
18,00-0039364,Sione Vaki,RB,CHI,0.0,0.0,0.0,0.0,21.3125,16,plus_defense,1.569
18,00-0036924,Michael Carter,RB,LA,6.9,8.733333333333334,14.0,0.3333333333333333,20.39375,16,plus_defense,10.6251
18,00-0039391,Kimani Vidal,RB,DEN,2.0,3.45,9.0,0.0,17.56875,16,plus_defense,6.7572
18,00-0032104,Ameer Abdullah,RB,HOU,4.5,4.166666666666667,3.6666666666666665,0.0,19.9875,16,plus_defense,4.3276
18,00-0036425,DeeJay Dallas,RB,TEN,0.0,1.05,1.5,0.0,22.18125,16,plus_defense,2.607
18,00-0036906,Khalil Herbert,RB,BUF,5.6000000000000005,0.5,3.0,0.5,25.206250000000004,16,plus_defense,3.3684
18,00-0038454,Keaton Mitchell,RB,PIT,0.2,4.566666666666666,9.666666666666666,1.6666666666666667,20.01875,16,plus_defense,7.4565
18,00-0039032,Tyjae Spears,RB,JAX,9.700000000000001,9.4,10.333333333333334,2.6666666666666665,18.518749999999997,16,plus_defense,8.8436
18,00-0039603,British Brooks,RB,IND,6.300000000000001,0.0,0.0,0.0,20.6,16,plus_defense,1.5385
18,00-0038794,Jaleel McLaughlin,RB,LAC,6.800000000000001,2.7000000000000006,4.666666666666667,0.3333333333333333,18.700000000000003,16,plus_defense,4.4405
18,00-0039874,Jaylen Wright,RB,NE,6.000000000000001,6.666666666666667,6.0,0.6666666666666666,19.675,16,plus_defense,6.0708
18,00-0035291,Trayveon Williams,RB,CIN,3.0,4.3999999999999995,4.0,0.6666666666666666,29.21125,16,plus_defense,4.9442
18,00-0037557,Ronnie Rivers,RB,ARI,0.0,0.16666666666666666,0.3333333333333333,0.0,26.925,16,plus_defense,2.0159
18,00-0038397,Evan Hull,RB,ATL,1.1,0.6000000000000001,3.6666666666666665,0.6666666666666666,21.8125,16,plus_defense,3.5836
18,00-0039373,Audric Estimé,RB,ATL,15.600000000000001,10.466666666666667,10.0,0.3333333333333333,21.8125,16,plus_defense,9.0615
18,00-0039405,Jawhar Jordan,RB,IND,0.30000000000000004,9.8,15.0,1.3333333333333333,20.6,16,plus_defense,11.3856
18,00-0040556,Corey Kiner,RB,LA,4.8,1.5000000000000002,3.0,0.6666666666666666,20.39375,16,plus_defense,3.3931
18,00-0032764,Derrick Henry,RB,PIT,12.600000000000001,26.8,21.666666666666668,5.333333333333333,20.01875,16,plus_redzone_defense,18.9526
18,00-0033280,Christian McCaffrey,RB,SEA,11.700000000000001,25.46666666666667,27.0,7.666666666666667,19.225,16,plus_redzone_defense,21.8796
18,00-0033526,Samaje Perine,RB,CLE,8.2,8.566666666666666,9.666666666666666,1.6666666666666667,21.517500000000002,16,plus_redzone_defense,8.4307
18,00-0033854,Dare Ogunbowale,RB,IND,1.9000000000000001,3.6500000000000004,5.5,3.5,20.6,16,plus_redzone_defense,5.9645
18,00-0033923,Kareem Hunt,RB,LV,6.5,2.3333333333333335,6.0,1.0,23.3,16,plus_redzone_defense,5.2753
18,00-0033955,Jeremy McNichols,RB,PHI,2.1,3.466666666666667,6.0,0.6666666666666666,23.15625,16,plus_redzone_defense,5.4019
18,00-0035250,Devin Singletary,RB,DAL,8.6,8.333333333333334,10.0,1.3333333333333333,24.293750000000003,16,plus_redzone_defense,8.5577
18,00-0035261,Tony Pollard,RB,JAX,9.5,13.299999999999999,19.0,1.6666666666666667,18.518749999999997,16,plus_redzone_defense,13.6947
18,00-0035537,Ty Johnson,RB,NYJ,19.6,7.066666666666666,6.333333333333333,2.3333333333333335,26.6,16,plus_redzone_defense,6.9696
18,00-0035685,David Montgomery,RB,CHI,6.5,5.533333333333334,8.0,2.3333333333333335,21.3125,16,plus_redzone_defense,7.2092
18,00-0036139,Rico Dowdle,RB,TB,5.0,10.000000000000002,16.333333333333332,1.3333333333333333,23.275,16,plus_redzone_defense,11.8528
18,00-0036223,Jonathan Taylor,RB,HOU,5.8999999999999995,15.800000000000002,25.0,4.333333333333333,19.9875,16,plus_redzone_defense,17.9338
18,00-0036275,D'Andre Swift,RB,DET,5.8,17.833333333333332,15.333333333333334,2.0,20.1,16,plus_redzone_defense,13.0747
18,00-0036555,Chuba Hubbard,RB,TB,3.7,4.666666666666667,7.666666666666667,1.6666666666666667,23.275,16,plus_redzone_defense,6.7517
18,00-0036842,Kene Nwangwu,RB,BUF,1.8,1.55,3.0,1.5,25.206250000000004,16,plus_redzone_defense,3.9314
18,00-0036875,Rhamondre Stevenson,RB,MIA,35.3,17.900000000000002,11.0,1.6666666666666667,22.918750000000003,16,plus_redzone_defense,11.0605
18,00-0036919,Kenny Gainwell,RB,BAL,21.4,16.733333333333334,15.666666666666666,2.0,22.425,16,plus_redzone_defense,13.1047
18,00-0036973,Travis Etienne,RB,TEN,4.800000000000001,19.76666666666667,19.0,4.0,22.18125,16,plus_redzone_defense,15.9149
18,00-0037085,Tyler Badie,RB,LAC,4.6000000000000005,0.7666666666666666,1.3333333333333333,0.0,18.700000000000003,16,plus_redzone_defense,2.237
18,00-0037228,Jaylen Warren,RB,BAL,14.900000000000002,14.433333333333335,14.333333333333334,2.3333333333333335,22.425,16,plus_redzone_defense,12.0994
18,00-0037248,James Cook,RB,NYJ,1.5,22.066666666666666,22.333333333333332,4.333333333333333,26.6,16,plus_redzone_defense,18.2624
18,00-0037256,Rachaad White,RB,CAR,6.1000000000000005,5.1000000000000005,4.333333333333333,1.3333333333333333,24.75,16,plus_redzone_defense,5.2279
18,00-0037263,Tyler Allgeier,RB,NO,2.9000000000000004,4.133333333333334,9.666666666666666,1.0,21.5,16,plus_redzone_defense,7.3039
18,00-0037525,Jordan Mason,RB,GB,9.4,2.5,6.5,0.5,21.65,16,plus_redzone_defense,5.3207
18,00-0037594,Julius Chestnut,RB,JAX,0.0,0.03333333333333333,0.3333333333333333,0.0,18.518749999999997,16,plus_redzone_defense,1.6042
18,00-0037617,Hassan Haskins,RB,DEN,0.30000000000000004,0.7000000000000001,2.0,0.5,17.56875,16,plus_redzone_defense,2.643
18,00-0037746,Brian Robinson,RB,SEA,0.9,2.6333333333333333,6.666666666666667,2.0,19.225,16,plus_redzone_defense,5.7835
18,00-0037840,Kyren Williams,RB,ARI,11.1,16.433333333333334,20.333333333333332,3.6666666666666665,26.925,16,plus_redzone_defense,15.956
18,00-0038134,Kenneth Walker III,RB,SF,17.3,12.0,13.666666666666666,0.6666666666666666,22.931250000000002,16,plus_redzone_defense,10.788
18,00-0038542,Bijan Robinson,RB,NO,7.300000000000001,33.733333333333334,29.0,3.0,21.5,16,plus_redzone_defense,23.2049
18,00-0038555,Tank Bigsby,RB,WAS,17.6,5.766666666666666,8.333333333333334,2.6666666666666665,25.40625,16,plus_redzone_defense,7.6955
18,00-0038597,Chase Brown,RB,CLE,19.0,26.0,20.333333333333332,5.0,21.517500000000002,16,plus_redzone_defense,18.1188
18,00-0038685,Chris Brooks,RB,MIN,6.1000000000000005,1.7,2.3333333333333335,0.3333333333333333,20.43125,16,plus_redzone_defense,3.0812
18,00-0038705,Emari Demercado,RB,LA,6.700000000000001,3.033333333333333,6.0,0.0,20.39375,16,plus_redzone_defense,4.9868
18,00-0038797,Emanuel Wilson,RB,MIN,5.800000000000001,3.9666666666666672,6.666666666666667,0.6666666666666666,20.43125,16,plus_redzone_defense,5.7025
18,00-0038951,Sean Tucker,RB,CAR,-0.4,4.6000000000000005,3.6666666666666665,3.0,24.75,16,plus_redzone_defense,5.3217
18,00-0039139,Jahmyr Gibbs,RB,CHI,20.3,13.666666666666666,20.0,3.6666666666666665,21.3125,16,plus_redzone_defense,14.9801
18,00-0039165,Zach Charbonnet,RB,SF,18.7,14.9,14.0,4.0,22.931250000000002,16,plus_redzone_defense,12.5736
18,00-0039361,Bucky Irving,RB,CAR,10.8,7.833333333333333,17.666666666666668,2.3333333333333335,24.75,16,plus_redzone_defense,12.4046
18,00-0039384,Tyrone Tracy Jr.,RB,DAL,29.900000000000002,13.733333333333334,17.666666666666668,4.0,24.293750000000003,16,plus_redzone_defense,14.1232
18,00-0039407,Dylan Laube,RB,KC,0.0,0.13333333333333333,0.6666666666666666,0.0,19.500000000000004,16,plus_redzone_defense,1.8251
18,00-0039738,Blake Corum,RB,ARI,7.9,9.333333333333334,11.0,1.6666666666666667,26.925,16,plus_redzone_defense,9.4549
18,00-0039746,Will Shipley,RB,WAS,3.3000000000000003,0.5,1.0,0.0,25.40625,16,plus_redzone_defense,2.3152
18,00-0039796,Rasheen Ali,RB,PIT,0.0,5.3999999999999995,2.3333333333333335,0.0,20.01875,16,plus_redzone_defense,3.7293
18,00-0039875,Ray Davis,RB,NYJ,25.400000000000002,3.4333333333333336,2.6666666666666665,0.0,26.6,16,plus_redzone_defense,3.764
18,00-0040078,Brashard Smith,RB,LV,7.800000000000001,3.6666666666666665,2.3333333333333335,0.6666666666666666,23.3,16,plus_redzone_defense,3.7168
18,00-0040122,Ashton Jeanty,RB,KC,12.4,16.433333333333334,19.666666666666668,1.3333333333333333,19.500000000000004,16,plus_redzone_defense,14.6007
18,00-0040198,Ollie Gordon II,RB,NE,2.1,-0.03333333333333333,1.0,0.0,19.675,16,plus_redzone_defense,1.9556
18,00-0040236,Kyle Monangai,RB,DET,3.9000000000000004,7.766666666666668,12.666666666666666,2.3333333333333335,20.1,16,plus_redzone_defense,9.8259
18,00-0040242,Jacory Croskey-Merritt,RB,PHI,2.9000000000000004,15.533333333333333,12.333333333333334,3.6666666666666665,23.15625,16,plus_redzone_defense,11.8247
18,00-0040466,Raheim Sanders,RB,CIN,4.3,4.85,11.0,2.0,29.21125,16,plus_redzone_defense,8.7254
18,00-0040583,Woody Marks,RB,IND,6.800000000000001,6.65,14.5,1.0,20.6,16,plus_redzone_defense,10.0718
18,00-0040644,Trevor Etienne,RB,TB,0.0,0.0,0.0,0.0,23.275,16,plus_redzone_defense,1.6462
18,00-0040730,RJ Harvey,RB,LAC,4.300000000000001,17.733333333333334,17.333333333333332,2.6666666666666665,18.700000000000003,16,plus_redzone_defense,14.1435
18,00-0040734,TreVeyon Henderson,RB,MIA,17.3,13.500000000000002,14.0,3.0,22.918750000000003,16,plus_redzone_defense,11.9745
18,00-0036187,Reggie Gilliam,RB,NYJ,3.6,0.0,0.0,0.0,26.6,16,plus_redzone_defense,1.7906
18,00-0038738,Hunter Luepke,RB,NYG,2.6,4.266666666666667,5.333333333333333,0.3333333333333333,25.8125,16,plus_redzone_defense,5.2658
18,00-0037120,Tyler Goodson,RB,HOU,0.30000000000000004,0.45,1.5,0.0,19.9875,16,plus_redzone_defense,2.3059
18,00-0038440,Zavier Scott,RB,GB,2.7,1.1,1.5,0.0,21.65,16,plus_redzone_defense,2.5131
18,00-0039364,Sione Vaki,RB,CHI,0.0,0.0,0.0,0.0,21.3125,16,plus_redzone_defense,1.561
18,00-0036924,Michael Carter,RB,LA,6.9,8.733333333333334,14.0,0.3333333333333333,20.39375,16,plus_redzone_defense,10.0542
18,00-0039391,Kimani Vidal,RB,DEN,2.0,3.45,9.0,0.0,17.56875,16,plus_redzone_defense,6.3686
18,00-0032104,Ameer Abdullah,RB,HOU,4.5,4.166666666666667,3.6666666666666665,0.0,19.9875,16,plus_redzone_defense,4.1019
18,00-0036425,DeeJay Dallas,RB,TEN,0.0,1.05,1.5,0.0,22.18125,16,plus_redzone_defense,2.5258
18,00-0036906,Khalil Herbert,RB,BUF,5.6000000000000005,0.5,3.0,0.5,25.206250000000004,16,plus_redzone_defense,3.4056
18,00-0038454,Keaton Mitchell,RB,PIT,0.2,4.566666666666666,9.666666666666666,1.6666666666666667,20.01875,16,plus_redzone_defense,7.5348
18,00-0039032,Tyjae Spears,RB,JAX,9.700000000000001,9.4,10.333333333333334,2.6666666666666665,18.518749999999997,16,plus_redzone_defense,9.0964
18,00-0039603,British Brooks,RB,IND,6.300000000000001,0.0,0.0,0.0,20.6,16,plus_redzone_defense,1.5301
18,00-0038794,Jaleel McLaughlin,RB,LAC,6.800000000000001,2.7000000000000006,4.666666666666667,0.3333333333333333,18.700000000000003,16,plus_redzone_defense,4.3165
18,00-0039874,Jaylen Wright,RB,NE,6.000000000000001,6.666666666666667,6.0,0.6666666666666666,19.675,16,plus_redzone_defense,5.9155
18,00-0035291,Trayveon Williams,RB,CIN,3.0,4.3999999999999995,4.0,0.6666666666666666,29.21125,16,plus_redzone_defense,4.9135
18,00-0037557,Ronnie Rivers,RB,ARI,0.0,0.16666666666666666,0.3333333333333333,0.0,26.925,16,plus_redzone_defense,1.9968
18,00-0038397,Evan Hull,RB,ATL,1.1,0.6000000000000001,3.6666666666666665,0.6666666666666666,21.8125,16,plus_redzone_defense,3.6454
18,00-0039373,Audric Estimé,RB,ATL,15.600000000000001,10.466666666666667,10.0,0.3333333333333333,21.8125,16,plus_redzone_defense,8.5855
18,00-0039405,Jawhar Jordan,RB,IND,0.30000000000000004,9.8,15.0,1.3333333333333333,20.6,16,plus_redzone_defense,11.065
18,00-0040556,Corey Kiner,RB,LA,4.8,1.5000000000000002,3.0,0.6666666666666666,20.39375,16,plus_redzone_defense,3.4557
8,00-0030279,Keenan Allen,WR,MIN,8.4,15.466666666666667,10.0,2.0,26.916666666666668,6,baseline,15.1407
8,00-0030564,DeAndre Hopkins,WR,CHI,2.4000000000000004,5.300000000000001,3.0,0.0,33.65,6,baseline,5.7275
8,00-0031236,Brandin Cooks,WR,TB,5.2,1.9666666666666666,1.0,0.0,31.028571428571432,7,baseline,2.8949
8,00-0031588,Stefon Diggs,WR,CLE,10.4,14.766666666666667,7.333333333333333,1.0,29.9,7,baseline,12.6141
8,00-0032385,Sterling Shepard,WR,NO,1.8,9.5,5.333333333333333,1.0,31.042857142857144,7,baseline,9.1361
8,00-0033555,Mack Hollins,WR,CLE,15.9,6.050000000000001,3.0,0.0,29.9,7,baseline,5.9779
8,00-0033572,Jamal Agnew,WR,MIA,0.0,0.0,0.0,0.0,27.657142857142855,7,baseline,1.3785
8,00-0033857,JuJu Smith-Schuster,WR,WAS,4.9,6.3,3.0,0.6666666666666666,34.51428571428571,7,baseline,6.0614
8,00-0034348,Courtland Sutton,WR,DAL,10.7,11.766666666666666,7.666666666666667,1.3333333333333333,39.785714285714285,7,baseline,11.8991
8,00-0034827,DJ Moore,WR,BAL,11.600000000000001,8.2,6.5,1.0,39.0,6,baseline,9.7052
8,00-0034854,KhaDarel Hodge,WR,MIA,6.1,0.0,0.0,0.0,27.657142857142855,7,baseline,1.3785
8,00-0035021,Ashton Dulin,WR,TEN,0.19999999999999996,3.75,2.5,0.0,33.92857142857143,7,baseline,4.7801
8,00-0035208,Olamide Zaccheaus,WR,BAL,10.3,3.8500000000000005,5.5,1.5,39.0,6,baseline,7.393
8,00-0035640,DK Metcalf,WR,GB,16.5,13.75,7.0,0.5,32.18333333333334,6,baseline,11.9881
8,00-0035645,Gunner Olszewski,WR,PHI,0.0,0.0,0.0,0.0,33.82857142857143,7,baseline,1.3785
8,00-0035662,Marquise Brown,WR,WAS,0.0,12.9,5.333333333333333,1.6666666666666667,34.51428571428571,7,baseline,10.2712
8,00-0035719,Deebo Samuel Sr.,WR,KC,4.2,14.5,8.5,1.0,26.142857142857146,7,baseline,13.5282
8,00-0036182,Nick Westbrook-Ikhine,WR,ATL,2.8,2.3,2.5,0.0,25.366666666666664,6,baseline,4.296
8,00-0036252,Michael Pittman,WR,TEN,23.5,12.566666666666668,6.0,2.6666666666666665,33.92857142857143,7,baseline,10.7332
8,00-0036259,Jauan Jennings,WR,HOU,8.5,4.4,5.0,0.0,27.0,6,baseline,7.1467
8,00-0036322,Justin Jefferson,WR,LAC,14.4,16.1,10.5,1.5,27.70285714285714,7,baseline,15.7821
8,00-0036331,Devin Duvernay,WR,BAL,1.2,0.0,0.0,0.0,39.0,6,baseline,1.3785
8,00-0036407,Jerry Jeudy,WR,NE,0.0,5.5,7.333333333333333,1.6666666666666667,32.74285714285714,7,baseline,9.5202
8,00-0036410,Tee Higgins,WR,NYJ,11.4,14.666666666666666,8.333333333333334,1.3333333333333333,30.157142857142855,7,baseline,13.4406
8,00-0036427,Tyler Johnson,WR,CIN,15.4,4.5,2.0,0.5,29.971428571428568,7,baseline,4.6006
8,00-0036550,Rashod Bateman,WR,CHI,7.1000000000000005,0.9,2.0,0.0,33.65,6,baseline,3.3986
8,00-0036613,Jaylen Waddle,WR,ATL,20.9,13.773333333333333,7.333333333333333,0.6666666666666666,25.366666666666664,6,baseline,12.2825
8,00-0036620,Dee Eskridge,WR,ATL,0.0,2.1666666666666665,1.0,0.0,25.366666666666664,6,baseline,2.9617
8,00-0036862,Ben Skowronek,WR,GB,2.3,0.0,0.0,0.0,32.18333333333334,6,baseline,1.3785
8,00-0036900,Ja'Marr Chase,WR,NYJ,21.1,30.733333333333334,15.333333333333334,2.0,30.157142857142855,7,baseline,24.8237
8,00-0036912,DeVonta Smith,WR,NYG,14.4,20.53333333333333,8.666666666666666,0.6666666666666666,39.228571428571435,7,baseline,15.6859
8,00-0037091,Bo Melton,WR,PIT,0.0,0.15000000000000002,0.5,0.0,38.96666666666667,6,baseline,1.8585
8,00-0037239,Chris Olave,WR,TB,14.0,18.5,9.333333333333334,1.3333333333333333,31.028571428571432,7,baseline,15.5803
8,00-0037247,George Pickens,WR,DEN,14.8,19.233333333333334,7.0,0.6666666666666666,23.685714285714287,7,baseline,13.8188
8,00-0037261,Khalil Shakir,WR,CAR,20.8,8.65,7.5,1.5,24.285714285714285,7,baseline,10.7152
8,00-0037291,Jalen Nailor,WR,LAC,0.0,6.45,4.5,1.0,27.70285714285714,7,baseline,7.4012
8,00-0037545,Rashid Shaheed,WR,TB,16.5,12.066666666666668,6.666666666666667,0.3333333333333333,31.028571428571432,7,baseline,11.1395
8,00-0037664,Alec Pierce,WR,TEN,8.9,10.8,7.0,0.0,33.92857142857143,7,baseline,11.0032
8,00-0037666,Jalen Tolbert,WR,DEN,12.7,1.4666666666666668,1.3333333333333333,0.0,23.685714285714287,7,baseline,3.0146
8,00-0037741,Jahan Dotson,WR,NYG,11.0,3.0500000000000003,2.5,0.5,39.228571428571435,7,baseline,4.5464
8,00-0037816,Romeo Doubs,WR,PIT,7.4,11.85,8.5,0.5,38.96666666666667,6,baseline,12.6435
8,00-0038090,Skyy Moore,WR,HOU,0.0,0.8666666666666667,0.6666666666666666,0.0,27.0,6,baseline,2.241
8,00-0038117,Wan'Dale Robinson,WR,PHI,7.800000000000001,14.699999999999998,9.0,1.0,33.82857142857143,7,baseline,14.0249
8,00-0038519,Nikko Remigio,WR,WAS,0.0,0.0,0.0,0.0,34.51428571428571,7,baseline,1.3785
8,00-0038576,Charlie Jones,WR,NYJ,0.0,0.0,0.0,0.0,30.157142857142855,7,baseline,1.3785
8,00-0038608,Kayshon Boutte,WR,CLE,16.5,15.700000000000001,3.3333333333333335,0.0,29.9,7,baseline,9.4864
8,00-0038618,Xavier Hutchinson,WR,SF,17.9,9.55,3.5,2.0,29.12857142857143,7,baseline,7.5764
8,00-0038621,DeMario Douglas,WR,CLE,5.7,8.166666666666666,3.3333333333333335,0.6666666666666666,29.9,7,baseline,6.9712
8,00-0038840,Brycen Tremayne,WR,BUF,0.0,0.95,0.5,0.0,30.36666666666667,6,baseline,2.1256
8,00-0038976,Marvin Mims Jr.,WR,DAL,1.8,8.166666666666666,6.0,0.3333333333333333,39.785714285714285,7,baseline,9.2641
8,00-0038997,Josh Downs,WR,TEN,12.9,13.8,7.5,2.0,33.92857142857143,7,baseline,12.4347
8,00-0039064,Zay Flowers,WR,CHI,14.100000000000001,11.4,7.5,1.0,33.65,6,baseline,11.6334
8,00-0039342,Xavier Legette,WR,BUF,3.7,12.800000000000002,5.333333333333333,1.3333333333333333,30.36666666666667,6,baseline,10.2378
8,00-0039355,Luke McCaffrey,WR,KC,5.4,5.433333333333334,1.6666666666666667,0.3333333333333333,26.142857142857146,7,baseline,4.6256
8,00-0039379,Jamari Thrash,WR,NE,5.1,3.266666666666667,2.0,0.3333333333333333,32.74285714285714,7,baseline,4.1888
8,00-0039394,Casey Washington,WR,MIA,3.5,1.35,2.0,0.0,27.657142857142855,7,baseline,3.5489
8,00-0039589,Kameron Johnson,WR,NO,0.0,5.533333333333332,2.0,0.0,31.042857142857144,7,baseline,4.9456
8,00-0039816,Anthony Gould,WR,TEN,0.0,0.43333333333333335,0.3333333333333333,0.0,33.92857142857143,7,baseline,1.8097
8,00-0039868,Troy Franklin,WR,DAL,26.9,7.5,6.666666666666667,2.3333333333333335,39.785714285714285,7,baseline,9.6148
8,00-0039880,Malik Washington,WR,ATL,13.6,6.1000000000000005,6.333333333333333,1.6666666666666667,25.366666666666664,6,baseline,8.8607
8,00-0039890,Adonai Mitchell,WR,TEN,0.0,0.9,1.0,0.0,33.92857142857143,7,baseline,2.5388
8,00-0039894,Xavier Worthy,WR,WAS,10.3,9.833333333333334,6.666666666666667,1.3333333333333333,34.51428571428571,7,baseline,10.3938
8,00-0039901,Keon Coleman,WR,CAR,6.0,8.2,6.5,1.0,24.285714285714285,7,baseline,9.7052
8,00-0039915,Ladd McConkey,WR,MIN,20.8,17.866666666666664,10.333333333333334,2.6666666666666665,26.916666666666668,6,baseline,16.2287
8,00-0039919,Rome Odunze,WR,BAL,18.4,5.15,5.5,0.0,39.0,6,baseline,7.827
8,00-0040009,Savion Williams,WR,PIT,7.9,0.15000000000000002,0.5,0.0,38.96666666666667,6,baseline,1.8585
8,00-0040124,Tetairoa McMillan,WR,BUF,16.9,12.5,6.0,1.3333333333333333,30.36666666666667,6,baseline,10.7109
8,00-0040129,Emeka Egbuka,WR,NO,6.5,14.5,7.666666666666667,1.6666666666666667,31.042857142857144,7,baseline,12.8117
8,00-0040130,Jayden Higgins,WR,SF,13.4,3.6,3.5,0.5,29.12857142857143,7,baseline,5.5898
8,00-0040138,Jaylin Noel,WR,SF,11.3,10.75,5.5,1.0,29.12857142857143,7,baseline,9.6967
8,00-0040164,Jaylin Lane,WR,KC,1.0,5.666666666666667,3.6666666666666665,0.0,26.142857142857146,7,baseline,6.4231
8,00-0040170,Elic Ayomanor,WR,IND,9.2,4.8,4.666666666666667,0.0,40.91428571428571,7,baseline,6.9936
8,00-0040237,Tez Johnson,WR,NO,9.3,12.4,5.333333333333333,0.3333333333333333,31.042857142857144,7,baseline,10.1043
8,00-0040506,Myles Price,WR,LAC,0.0,0.0,0.0,0.0,27.70285714285714,7,baseline,1.3785
8,00-0040582,Arian Smith,WR,CIN,3.3000000000000003,1.1333333333333335,1.6666666666666667,0.0,29.971428571428568,7,baseline,3.1899
8,00-0040667,Matthew Golden,WR,PIT,3.4,10.45,5.5,0.0,38.96666666666667,6,baseline,9.5965
8,00-0040705,Chimere Dike,WR,IND,16.4,7.8,4.333333333333333,0.0,40.91428571428571,7,baseline,7.7086
8,00-0040727,Tre Harris,WR,MIN,8.8,5.5,3.5,0.5,26.916666666666668,6,baseline,6.2242
8,00-0040735,Luther Burden III,WR,BAL,0.9,6.1000000000000005,3.5,0.0,39.0,6,baseline,6.4245
8,00-0040782,Isaiah Bond,WR,NE,0.0,3.9000000000000004,6.0,1.5,32.74285714285714,7,baseline,7.8396
8,00-0033307,Kendrick Bourne,WR,HOU,7.4,15.600000000000001,7.333333333333333,0.6666666666666666,27.0,6,baseline,12.8924
8,00-0036415,Van Jefferson,WR,IND,1.6,9.8,5.0,0.5,40.91428571428571,7,baseline,8.9496
8,00-0038619,Andrei Iosivas,WR,NYJ,0.0,7.533333333333334,5.0,1.0,30.157142857142855,7,baseline,8.1928
8,00-0039410,Ryan Flournoy,WR,DEN,1.7000000000000002,8.233333333333333,6.0,0.3333333333333333,23.685714285714287,7,baseline,9.2864
8,00-0039451,Isaiah Williams,WR,CIN,8.6,0.0,0.0,0.0,29.971428571428568,7,baseline,1.3785
8,00-0039739,Roman Wilson,WR,GB,17.4,2.95,1.5,0.0,32.18333333333334,6,baseline,3.6531
8,00-0040134,Pat Bryant,WR,DAL,12.0,1.9333333333333336,2.0,0.6666666666666666,39.785714285714285,7,baseline,3.7436
8,00-0040432,Beaux Collins,WR,PHI,2.8,0.8500000000000001,2.0,0.0,33.82857142857143,7,baseline,3.3819
8,00-0034521,Allen Lazard,WR,CIN,1.5,2.45,2.5,0.5,29.971428571428568,7,baseline,4.346
8,00-0032775,Demarcus Robinson,WR,HOU,2.5,4.433333333333334,3.6666666666666665,0.3333333333333333,27.0,6,baseline,6.0114
8,00-0038994,Jordan Addison,WR,LAC,11.6,18.450000000000003,9.0,3.0,27.70285714285714,7,baseline,15.277
8,00-0039920,Malachi Corley,WR,NE,3.1,2.4000000000000004,1.5,0.0,32.74285714285714,7,baseline,3.4695
8,00-0040218,Jimmy Horn Jr.,WR,BUF,0.9,4.766666666666667,3.6666666666666665,0.3333333333333333,30.36666666666667,6,baseline,6.1227
8,00-0040259,Gage Larvadain,WR,NE,0.30000000000000004,1.4000000000000001,1.6666666666666667,0.0,32.74285714285714,7,baseline,3.2789
8,00-0039623,Mason Tipton,WR,TB,0.0,0.0,0.5,0.0,31.028571428571432,7,baseline,1.8084
8,00-0040534,Ke'Shawn Williams,WR,GB,0.0,0.0,0.0,0.0,32.18333333333334,6,baseline,1.3785
8,00-0030279,Keenan Allen,WR,MIN,8.4,15.466666666666667,10.0,2.0,26.916666666666668,6,plus_defense,15.793
8,00-0030564,DeAndre Hopkins,WR,CHI,2.4000000000000004,5.300000000000001,3.0,0.0,33.65,6,plus_defense,5.5979
8,00-0031236,Brandin Cooks,WR,TB,5.2,1.9666666666666666,1.0,0.0,31.028571428571432,7,plus_defense,3.0258
8,00-0031588,Stefon Diggs,WR,CLE,10.4,14.766666666666667,7.333333333333333,1.0,29.9,7,plus_defense,12.91
8,00-0032385,Sterling Shepard,WR,NO,1.8,9.5,5.333333333333333,1.0,31.042857142857144,7,plus_defense,9.3019
8,00-0033555,Mack Hollins,WR,CLE,15.9,6.050000000000001,3.0,0.0,29.9,7,plus_defense,6.2426
8,00-0033572,Jamal Agnew,WR,MIA,0.0,0.0,0.0,0.0,27.657142857142855,7,plus_defense,1.8594
8,00-0033857,JuJu Smith-Schuster,WR,WAS,4.9,6.3,3.0,0.6666666666666666,34.51428571428571,7,plus_defense,5.8357
8,00-0034348,Courtland Sutton,WR,DAL,10.7,11.766666666666666,7.666666666666667,1.3333333333333333,39.785714285714285,7,plus_defense,11.1657
8,00-0034827,DJ Moore,WR,BAL,11.600000000000001,8.2,6.5,1.0,39.0,6,plus_defense,9.0521
8,00-0034854,KhaDarel Hodge,WR,MIA,6.1,0.0,0.0,0.0,27.657142857142855,7,plus_defense,1.8594
8,00-0035021,Ashton Dulin,WR,TEN,0.19999999999999996,3.75,2.5,0.0,33.92857142857143,7,plus_defense,4.6198
8,00-0035208,Olamide Zaccheaus,WR,BAL,10.3,3.8500000000000005,5.5,1.5,39.0,6,plus_defense,6.7432
8,00-0035640,DK Metcalf,WR,GB,16.5,13.75,7.0,0.5,32.18333333333334,6,plus_defense,12.041
8,00-0035645,Gunner Olszewski,WR,PHI,0.0,0.0,0.0,0.0,33.82857142857143,7,plus_defense,1.205
8,00-0035662,Marquise Brown,WR,WAS,0.0,12.9,5.333333333333333,1.6666666666666667,34.51428571428571,7,plus_defense,10.0538
8,00-0035719,Deebo Samuel Sr.,WR,KC,4.2,14.5,8.5,1.0,26.142857142857146,7,plus_defense,14.2425
8,00-0036182,Nick Westbrook-Ikhine,WR,ATL,2.8,2.3,2.5,0.0,25.366666666666664,6,plus_defense,5.0499
8,00-0036252,Michael Pittman,WR,TEN,23.5,12.566666666666668,6.0,2.6666666666666665,33.92857142857143,7,plus_defense,10.5902
8,00-0036259,Jauan Jennings,WR,HOU,8.5,4.4,5.0,0.0,27.0,6,plus_defense,7.7586
8,00-0036322,Justin Jefferson,WR,LAC,14.4,16.1,10.5,1.5,27.70285714285714,7,plus_defense,16.3563
8,00-0036331,Devin Duvernay,WR,BAL,1.2,0.0,0.0,0.0,39.0,6,plus_defense,0.6568
8,00-0036407,Jerry Jeudy,WR,NE,0.0,5.5,7.333333333333333,1.6666666666666667,32.74285714285714,7,plus_defense,9.5561
8,00-0036410,Tee Higgins,WR,NYJ,11.4,14.666666666666666,8.333333333333334,1.3333333333333333,30.157142857142855,7,plus_defense,13.7258
8,00-0036427,Tyler Johnson,WR,CIN,15.4,4.5,2.0,0.5,29.971428571428568,7,plus_defense,4.8484
8,00-0036550,Rashod Bateman,WR,CHI,7.1000000000000005,0.9,2.0,0.0,33.65,6,plus_defense,3.2725
8,00-0036613,Jaylen Waddle,WR,ATL,20.9,13.773333333333333,7.333333333333333,0.6666666666666666,25.366666666666664,6,plus_defense,13.0634
8,00-0036620,Dee Eskridge,WR,ATL,0.0,2.1666666666666665,1.0,0.0,25.366666666666664,6,plus_defense,3.6919
8,00-0036862,Ben Skowronek,WR,GB,2.3,0.0,0.0,0.0,32.18333333333334,6,plus_defense,1.3795
8,00-0036900,Ja'Marr Chase,WR,NYJ,21.1,30.733333333333334,15.333333333333334,2.0,30.157142857142855,7,plus_defense,25.1505
8,00-0036912,DeVonta Smith,WR,NYG,14.4,20.53333333333333,8.666666666666666,0.6666666666666666,39.228571428571435,7,plus_defense,14.9886
8,00-0037091,Bo Melton,WR,PIT,0.0,0.15000000000000002,0.5,0.0,38.96666666666667,6,plus_defense,1.1477
8,00-0037239,Chris Olave,WR,TB,14.0,18.5,9.333333333333334,1.3333333333333333,31.028571428571432,7,plus_defense,15.7722
8,00-0037247,George Pickens,WR,DEN,14.8,19.233333333333334,7.0,0.6666666666666666,23.685714285714287,7,plus_defense,14.7482
8,00-0037261,Khalil Shakir,WR,CAR,20.8,8.65,7.5,1.5,24.285714285714285,7,plus_defense,11.6364
8,00-0037291,Jalen Nailor,WR,LAC,0.0,6.45,4.5,1.0,27.70285714285714,7,plus_defense,7.9213
8,00-0037545,Rashid Shaheed,WR,TB,16.5,12.066666666666668,6.666666666666667,0.3333333333333333,31.028571428571432,7,plus_defense,11.3169
8,00-0037664,Alec Pierce,WR,TEN,8.9,10.8,7.0,0.0,33.92857142857143,7,plus_defense,10.8842
8,00-0037666,Jalen Tolbert,WR,DEN,12.7,1.4666666666666668,1.3333333333333333,0.0,23.685714285714287,7,plus_defense,3.9316
8,00-0037741,Jahan Dotson,WR,NYG,11.0,3.0500000000000003,2.5,0.5,39.228571428571435,7,plus_defense,3.8273
8,00-0037816,Romeo Doubs,WR,PIT,7.4,11.85,8.5,0.5,38.96666666666667,6,plus_defense,12.01
8,00-0038090,Skyy Moore,WR,HOU,0.0,0.8666666666666667,0.6666666666666666,0.0,27.0,6,plus_defense,2.7985
8,00-0038117,Wan'Dale Robinson,WR,PHI,7.800000000000001,14.699999999999998,9.0,1.0,33.82857142857143,7,plus_defense,13.9316
8,00-0038519,Nikko Remigio,WR,WAS,0.0,0.0,0.0,0.0,34.51428571428571,7,plus_defense,1.1323
8,00-0038576,Charlie Jones,WR,NYJ,0.0,0.0,0.0,0.0,30.157142857142855,7,plus_defense,1.5943
8,00-0038608,Kayshon Boutte,WR,CLE,16.5,15.700000000000001,3.3333333333333335,0.0,29.9,7,plus_defense,9.7133
8,00-0038618,Xavier Hutchinson,WR,SF,17.9,9.55,3.5,2.0,29.12857142857143,7,plus_defense,7.9153
8,00-0038621,DeMario Douglas,WR,CLE,5.7,8.166666666666666,3.3333333333333335,0.6666666666666666,29.9,7,plus_defense,7.2318
8,00-0038840,Brycen Tremayne,WR,BUF,0.0,0.95,0.5,0.0,30.36666666666667,6,plus_defense,2.323
8,00-0038976,Marvin Mims Jr.,WR,DAL,1.8,8.166666666666666,6.0,0.3333333333333333,39.785714285714285,7,plus_defense,8.5198
8,00-0038997,Josh Downs,WR,TEN,12.9,13.8,7.5,2.0,33.92857142857143,7,plus_defense,12.3105
8,00-0039064,Zay Flowers,WR,CHI,14.100000000000001,11.4,7.5,1.0,33.65,6,plus_defense,11.5494
8,00-0039342,Xavier Legette,WR,BUF,3.7,12.800000000000002,5.333333333333333,1.3333333333333333,30.36666666666667,6,plus_defense,10.4606
8,00-0039355,Luke McCaffrey,WR,KC,5.4,5.433333333333334,1.6666666666666667,0.3333333333333333,26.142857142857146,7,plus_defense,5.2697
8,00-0039379,Jamari Thrash,WR,NE,5.1,3.266666666666667,2.0,0.3333333333333333,32.74285714285714,7,plus_defense,4.1483
8,00-0039394,Casey Washington,WR,MIA,3.5,1.35,2.0,0.0,27.657142857142855,7,plus_defense,4.0561
8,00-0039589,Kameron Johnson,WR,NO,0.0,5.533333333333332,2.0,0.0,31.042857142857144,7,plus_defense,5.0752
8,00-0039816,Anthony Gould,WR,TEN,0.0,0.43333333333333335,0.3333333333333333,0.0,33.92857142857143,7,plus_defense,1.6292
8,00-0039868,Troy Franklin,WR,DAL,26.9,7.5,6.666666666666667,2.3333333333333335,39.785714285714285,7,plus_defense,8.8842
8,00-0039880,Malik Washington,WR,ATL,13.6,6.1000000000000005,6.333333333333333,1.6666666666666667,25.366666666666664,6,plus_defense,9.6598
8,00-0039890,Adonai Mitchell,WR,TEN,0.0,0.9,1.0,0.0,33.92857142857143,7,plus_defense,2.3669
8,00-0039894,Xavier Worthy,WR,WAS,10.3,9.833333333333334,6.666666666666667,1.3333333333333333,34.51428571428571,7,plus_defense,10.2117
8,00-0039901,Keon Coleman,WR,CAR,6.0,8.2,6.5,1.0,24.285714285714285,7,plus_defense,10.6121
8,00-0039915,Ladd McConkey,WR,MIN,20.8,17.866666666666664,10.333333333333334,2.6666666666666665,26.916666666666668,6,plus_defense,16.8756
8,00-0039919,Rome Odunze,WR,BAL,18.4,5.15,5.5,0.0,39.0,6,plus_defense,7.1714
8,00-0040009,Savion Williams,WR,PIT,7.9,0.15000000000000002,0.5,0.0,38.96666666666667,6,plus_defense,1.1477
8,00-0040124,Tetairoa McMillan,WR,BUF,16.9,12.5,6.0,1.3333333333333333,30.36666666666667,6,plus_defense,10.9458
8,00-0040129,Emeka Egbuka,WR,NO,6.5,14.5,7.666666666666667,1.6666666666666667,31.042857142857144,7,plus_defense,12.993
8,00-0040130,Jayden Higgins,WR,SF,13.4,3.6,3.5,0.5,29.12857142857143,7,plus_defense,5.9553
8,00-0040138,Jaylin Noel,WR,SF,11.3,10.75,5.5,1.0,29.12857142857143,7,plus_defense,10.0626
8,00-0040164,Jaylin Lane,WR,KC,1.0,5.666666666666667,3.6666666666666665,0.0,26.142857142857146,7,plus_defense,7.0987
8,00-0040170,Elic Ayomanor,WR,IND,9.2,4.8,4.666666666666667,0.0,40.91428571428571,7,plus_defense,6.1231
8,00-0040237,Tez Johnson,WR,NO,9.3,12.4,5.333333333333333,0.3333333333333333,31.042857142857144,7,plus_defense,10.2572
8,00-0040506,Myles Price,WR,LAC,0.0,0.0,0.0,0.0,27.70285714285714,7,plus_defense,1.8545
8,00-0040582,Arian Smith,WR,CIN,3.3000000000000003,1.1333333333333335,1.6666666666666667,0.0,29.971428571428568,7,plus_defense,3.4474
8,00-0040667,Matthew Golden,WR,PIT,3.4,10.45,5.5,0.0,38.96666666666667,6,plus_defense,8.9208
8,00-0040705,Chimere Dike,WR,IND,16.4,7.8,4.333333333333333,0.0,40.91428571428571,7,plus_defense,6.8193
8,00-0040727,Tre Harris,WR,MIN,8.8,5.5,3.5,0.5,26.916666666666668,6,plus_defense,6.8157
8,00-0040735,Luther Burden III,WR,BAL,0.9,6.1000000000000005,3.5,0.0,39.0,6,plus_defense,5.7322
8,00-0040782,Isaiah Bond,WR,NE,0.0,3.9000000000000004,6.0,1.5,32.74285714285714,7,plus_defense,7.8611
8,00-0033307,Kendrick Bourne,WR,HOU,7.4,15.600000000000001,7.333333333333333,0.6666666666666666,27.0,6,plus_defense,13.492
8,00-0036415,Van Jefferson,WR,IND,1.6,9.8,5.0,0.5,40.91428571428571,7,plus_defense,8.0621
8,00-0038619,Andrei Iosivas,WR,NYJ,0.0,7.533333333333334,5.0,1.0,30.157142857142855,7,plus_defense,8.456
8,00-0039410,Ryan Flournoy,WR,DEN,1.7000000000000002,8.233333333333333,6.0,0.3333333333333333,23.685714285714287,7,plus_defense,10.2487
8,00-0039451,Isaiah Williams,WR,CIN,8.6,0.0,0.0,0.0,29.971428571428568,7,plus_defense,1.614
8,00-0039739,Roman Wilson,WR,GB,17.4,2.95,1.5,0.0,32.18333333333334,6,plus_defense,3.6653
8,00-0040134,Pat Bryant,WR,DAL,12.0,1.9333333333333336,2.0,0.6666666666666666,39.785714285714285,7,plus_defense,2.9624
8,00-0040432,Beaux Collins,WR,PHI,2.8,0.8500000000000001,2.0,0.0,33.82857142857143,7,plus_defense,3.2371
8,00-0034521,Allen Lazard,WR,CIN,1.5,2.45,2.5,0.5,29.971428571428568,7,plus_defense,4.6111
8,00-0032775,Demarcus Robinson,WR,HOU,2.5,4.433333333333334,3.6666666666666665,0.3333333333333333,27.0,6,plus_defense,6.6015
8,00-0038994,Jordan Addison,WR,LAC,11.6,18.450000000000003,9.0,3.0,27.70285714285714,7,plus_defense,15.8163
8,00-0039920,Malachi Corley,WR,NE,3.1,2.4000000000000004,1.5,0.0,32.74285714285714,7,plus_defense,3.4248
8,00-0040218,Jimmy Horn Jr.,WR,BUF,0.9,4.766666666666667,3.6666666666666665,0.3333333333333333,30.36666666666667,6,plus_defense,6.3544
8,00-0040259,Gage Larvadain,WR,NE,0.30000000000000004,1.4000000000000001,1.6666666666666667,0.0,32.74285714285714,7,plus_defense,3.2414
8,00-0039623,Mason Tipton,WR,TB,0.0,0.0,0.5,0.0,31.028571428571432,7,plus_defense,1.9399
8,00-0040534,Ke'Shawn Williams,WR,GB,0.0,0.0,0.0,0.0,32.18333333333334,6,plus_defense,1.3795
8,00-0030279,Keenan Allen,WR,MIN,8.4,15.466666666666667,10.0,2.0,26.916666666666668,6,plus_redzone_defense,15.6277
8,00-0030564,DeAndre Hopkins,WR,CHI,2.4000000000000004,5.300000000000001,3.0,0.0,33.65,6,plus_redzone_defense,5.6972
8,00-0031236,Brandin Cooks,WR,TB,5.2,1.9666666666666666,1.0,0.0,31.028571428571432,7,plus_redzone_defense,3.068
8,00-0031588,Stefon Diggs,WR,CLE,10.4,14.766666666666667,7.333333333333333,1.0,29.9,7,plus_redzone_defense,12.9206
8,00-0032385,Sterling Shepard,WR,NO,1.8,9.5,5.333333333333333,1.0,31.042857142857144,7,plus_redzone_defense,9.2423
8,00-0033555,Mack Hollins,WR,CLE,15.9,6.050000000000001,3.0,0.0,29.9,7,plus_redzone_defense,6.3472
8,00-0033572,Jamal Agnew,WR,MIA,0.0,0.0,0.0,0.0,27.657142857142855,7,plus_redzone_defense,1.8714
8,00-0033857,JuJu Smith-Schuster,WR,WAS,4.9,6.3,3.0,0.6666666666666666,34.51428571428571,7,plus_redzone_defense,5.7892
8,00-0034348,Courtland Sutton,WR,DAL,10.7,11.766666666666666,7.666666666666667,1.3333333333333333,39.785714285714285,7,plus_redzone_defense,11.0851
8,00-0034827,DJ Moore,WR,BAL,11.600000000000001,8.2,6.5,1.0,39.0,6,plus_redzone_defense,9.0035
8,00-0034854,KhaDarel Hodge,WR,MIA,6.1,0.0,0.0,0.0,27.657142857142855,7,plus_redzone_defense,1.8714
8,00-0035021,Ashton Dulin,WR,TEN,0.19999999999999996,3.75,2.5,0.0,33.92857142857143,7,plus_redzone_defense,4.7
8,00-0035208,Olamide Zaccheaus,WR,BAL,10.3,3.8500000000000005,5.5,1.5,39.0,6,plus_redzone_defense,6.5342
8,00-0035640,DK Metcalf,WR,GB,16.5,13.75,7.0,0.5,32.18333333333334,6,plus_redzone_defense,12.1528
8,00-0035645,Gunner Olszewski,WR,PHI,0.0,0.0,0.0,0.0,33.82857142857143,7,plus_redzone_defense,1.2162
8,00-0035662,Marquise Brown,WR,WAS,0.0,12.9,5.333333333333333,1.6666666666666667,34.51428571428571,7,plus_redzone_defense,9.8638
8,00-0035719,Deebo Samuel Sr.,WR,KC,4.2,14.5,8.5,1.0,26.142857142857146,7,plus_redzone_defense,14.2726
8,00-0036182,Nick Westbrook-Ikhine,WR,ATL,2.8,2.3,2.5,0.0,25.366666666666664,6,plus_redzone_defense,5.1217
8,00-0036252,Michael Pittman,WR,TEN,23.5,12.566666666666668,6.0,2.6666666666666665,33.92857142857143,7,plus_redzone_defense,10.1817
8,00-0036259,Jauan Jennings,WR,HOU,8.5,4.4,5.0,0.0,27.0,6,plus_redzone_defense,7.8884
8,00-0036322,Justin Jefferson,WR,LAC,14.4,16.1,10.5,1.5,27.70285714285714,7,plus_redzone_defense,16.318
8,00-0036331,Devin Duvernay,WR,BAL,1.2,0.0,0.0,0.0,39.0,6,plus_redzone_defense,0.6672
8,00-0036407,Jerry Jeudy,WR,NE,0.0,5.5,7.333333333333333,1.6666666666666667,32.74285714285714,7,plus_redzone_defense,9.3534
8,00-0036410,Tee Higgins,WR,NYJ,11.4,14.666666666666666,8.333333333333334,1.3333333333333333,30.157142857142855,7,plus_redzone_defense,13.6774
8,00-0036427,Tyler Johnson,WR,CIN,15.4,4.5,2.0,0.5,29.971428571428568,7,plus_redzone_defense,4.811
8,00-0036550,Rashod Bateman,WR,CHI,7.1000000000000005,0.9,2.0,0.0,33.65,6,plus_redzone_defense,3.3251
8,00-0036613,Jaylen Waddle,WR,ATL,20.9,13.773333333333333,7.333333333333333,0.6666666666666666,25.366666666666664,6,plus_redzone_defense,13.1442
8,00-0036620,Dee Eskridge,WR,ATL,0.0,2.1666666666666665,1.0,0.0,25.366666666666664,6,plus_redzone_defense,3.7363
8,00-0036862,Ben Skowronek,WR,GB,2.3,0.0,0.0,0.0,32.18333333333334,6,plus_redzone_defense,1.3909
8,00-0036900,Ja'Marr Chase,WR,NYJ,21.1,30.733333333333334,15.333333333333334,2.0,30.157142857142855,7,plus_redzone_defense,25.1796
8,00-0036912,DeVonta Smith,WR,NYG,14.4,20.53333333333333,8.666666666666666,0.6666666666666666,39.228571428571435,7,plus_redzone_defense,15.1354
8,00-0037091,Bo Melton,WR,PIT,0.0,0.15000000000000002,0.5,0.0,38.96666666666667,6,plus_redzone_defense,1.1681
8,00-0037239,Chris Olave,WR,TB,14.0,18.5,9.333333333333334,1.3333333333333333,31.028571428571432,7,plus_redzone_defense,15.7665
8,00-0037247,George Pickens,WR,DEN,14.8,19.233333333333334,7.0,0.6666666666666666,23.685714285714287,7,plus_redzone_defense,14.859
8,00-0037261,Khalil Shakir,WR,CAR,20.8,8.65,7.5,1.5,24.285714285714285,7,plus_redzone_defense,11.4965
8,00-0037291,Jalen Nailor,WR,LAC,0.0,6.45,4.5,1.0,27.70285714285714,7,plus_redzone_defense,7.8273
8,00-0037545,Rashid Shaheed,WR,TB,16.5,12.066666666666668,6.666666666666667,0.3333333333333333,31.028571428571432,7,plus_redzone_defense,11.45
8,00-0037664,Alec Pierce,WR,TEN,8.9,10.8,7.0,0.0,33.92857142857143,7,plus_redzone_defense,11.0906
8,00-0037666,Jalen Tolbert,WR,DEN,12.7,1.4666666666666668,1.3333333333333333,0.0,23.685714285714287,7,plus_redzone_defense,3.9775
8,00-0037741,Jahan Dotson,WR,NYG,11.0,3.0500000000000003,2.5,0.5,39.228571428571435,7,plus_redzone_defense,3.788
8,00-0037816,Romeo Doubs,WR,PIT,7.4,11.85,8.5,0.5,38.96666666666667,6,plus_redzone_defense,12.135
8,00-0038090,Skyy Moore,WR,HOU,0.0,0.8666666666666667,0.6666666666666666,0.0,27.0,6,plus_redzone_defense,2.8282
8,00-0038117,Wan'Dale Robinson,WR,PHI,7.800000000000001,14.699999999999998,9.0,1.0,33.82857142857143,7,plus_redzone_defense,13.9708
8,00-0038519,Nikko Remigio,WR,WAS,0.0,0.0,0.0,0.0,34.51428571428571,7,plus_redzone_defense,1.1434
8,00-0038576,Charlie Jones,WR,NYJ,0.0,0.0,0.0,0.0,30.157142857142855,7,plus_redzone_defense,1.606
8,00-0038608,Kayshon Boutte,WR,CLE,16.5,15.700000000000001,3.3333333333333335,0.0,29.9,7,plus_redzone_defense,9.8872
8,00-0038618,Xavier Hutchinson,WR,SF,17.9,9.55,3.5,2.0,29.12857142857143,7,plus_redzone_defense,7.5954
8,00-0038621,DeMario Douglas,WR,CLE,5.7,8.166666666666666,3.3333333333333335,0.6666666666666666,29.9,7,plus_redzone_defense,7.2041
8,00-0038840,Brycen Tremayne,WR,BUF,0.0,0.95,0.5,0.0,30.36666666666667,6,plus_redzone_defense,2.3498
8,00-0038976,Marvin Mims Jr.,WR,DAL,1.8,8.166666666666666,6.0,0.3333333333333333,39.785714285714285,7,plus_redzone_defense,8.6142
8,00-0038997,Josh Downs,WR,TEN,12.9,13.8,7.5,2.0,33.92857142857143,7,plus_redzone_defense,12.0889
8,00-0039064,Zay Flowers,WR,CHI,14.100000000000001,11.4,7.5,1.0,33.65,6,plus_redzone_defense,11.5404
8,00-0039342,Xavier Legette,WR,BUF,3.7,12.800000000000002,5.333333333333333,1.3333333333333333,30.36666666666667,6,plus_redzone_defense,10.3466
8,00-0039355,Luke McCaffrey,WR,KC,5.4,5.433333333333334,1.6666666666666667,0.3333333333333333,26.142857142857146,7,plus_redzone_defense,5.2711
8,00-0039379,Jamari Thrash,WR,NE,5.1,3.266666666666667,2.0,0.3333333333333333,32.74285714285714,7,plus_redzone_defense,4.1405
8,00-0039394,Casey Washington,WR,MIA,3.5,1.35,2.0,0.0,27.657142857142855,7,plus_redzone_defense,4.1125
8,00-0039589,Kameron Johnson,WR,NO,0.0,5.533333333333332,2.0,0.0,31.042857142857144,7,plus_redzone_defense,5.1585
8,00-0039816,Anthony Gould,WR,TEN,0.0,0.43333333333333335,0.3333333333333333,0.0,33.92857142857143,7,plus_redzone_defense,1.6491
8,00-0039868,Troy Franklin,WR,DAL,26.9,7.5,6.666666666666667,2.3333333333333335,39.785714285714285,7,plus_redzone_defense,8.5296
8,00-0039880,Malik Washington,WR,ATL,13.6,6.1000000000000005,6.333333333333333,1.6666666666666667,25.366666666666664,6,plus_redzone_defense,9.4442
8,00-0039890,Adonai Mitchell,WR,TEN,0.0,0.9,1.0,0.0,33.92857142857143,7,plus_redzone_defense,2.4018
8,00-0039894,Xavier Worthy,WR,WAS,10.3,9.833333333333334,6.666666666666667,1.3333333333333333,34.51428571428571,7,plus_redzone_defense,10.1014
8,00-0039901,Keon Coleman,WR,CAR,6.0,8.2,6.5,1.0,24.285714285714285,7,plus_redzone_defense,10.5656
8,00-0039915,Ladd McConkey,WR,MIN,20.8,17.866666666666664,10.333333333333334,2.6666666666666665,26.916666666666668,6,plus_redzone_defense,16.5797
8,00-0039919,Rome Odunze,WR,BAL,18.4,5.15,5.5,0.0,39.0,6,plus_redzone_defense,7.3133
8,00-0040009,Savion Williams,WR,PIT,7.9,0.15000000000000002,0.5,0.0,38.96666666666667,6,plus_redzone_defense,1.1681
8,00-0040124,Tetairoa McMillan,WR,BUF,16.9,12.5,6.0,1.3333333333333333,30.36666666666667,6,plus_redzone_defense,10.8417
8,00-0040129,Emeka Egbuka,WR,NO,6.5,14.5,7.666666666666667,1.6666666666666667,31.042857142857144,7,plus_redzone_defense,12.8554
8,00-0040130,Jayden Higgins,WR,SF,13.4,3.6,3.5,0.5,29.12857142857143,7,plus_redzone_defense,5.9388
8,00-0040138,Jaylin Noel,WR,SF,11.3,10.75,5.5,1.0,29.12857142857143,7,plus_redzone_defense,10.0144
8,00-0040164,Jaylin Lane,WR,KC,1.0,5.666666666666667,3.6666666666666665,0.0,26.142857142857146,7,plus_redzone_defense,7.2132
8,00-0040170,Elic Ayomanor,WR,IND,9.2,4.8,4.666666666666667,0.0,40.91428571428571,7,plus_redzone_defense,6.2477
8,00-0040237,Tez Johnson,WR,NO,9.3,12.4,5.333333333333333,0.3333333333333333,31.042857142857144,7,plus_redzone_defense,10.3687
8,00-0040506,Myles Price,WR,LAC,0.0,0.0,0.0,0.0,27.70285714285714,7,plus_redzone_defense,1.8665
8,00-0040582,Arian Smith,WR,CIN,3.3000000000000003,1.1333333333333335,1.6666666666666667,0.0,29.971428571428568,7,plus_redzone_defense,3.4961
8,00-0040667,Matthew Golden,WR,PIT,3.4,10.45,5.5,0.0,38.96666666666667,6,plus_redzone_defense,9.0974
8,00-0040705,Chimere Dike,WR,IND,16.4,7.8,4.333333333333333,0.0,40.91428571428571,7,plus_redzone_defense,6.9576
8,00-0040727,Tre Harris,WR,MIN,8.8,5.5,3.5,0.5,26.916666666666668,6,plus_redzone_defense,6.8119
8,00-0040735,Luther Burden III,WR,BAL,0.9,6.1000000000000005,3.5,0.0,39.0,6,plus_redzone_defense,5.8449
8,00-0040782,Isaiah Bond,WR,NE,0.0,3.9000000000000004,6.0,1.5,32.74285714285714,7,plus_redzone_defense,7.6622
8,00-0033307,Kendrick Bourne,WR,HOU,7.4,15.600000000000001,7.333333333333333,0.6666666666666666,27.0,6,plus_redzone_defense,13.5845
8,00-0036415,Van Jefferson,WR,IND,1.6,9.8,5.0,0.5,40.91428571428571,7,plus_redzone_defense,8.1113
8,00-0038619,Andrei Iosivas,WR,NYJ,0.0,7.533333333333334,5.0,1.0,30.157142857142855,7,plus_redzone_defense,8.3776
8,00-0039410,Ryan Flournoy,WR,DEN,1.7000000000000002,8.233333333333333,6.0,0.3333333333333333,23.685714285714287,7,plus_redzone_defense,10.3458
8,00-0039451,Isaiah Williams,WR,CIN,8.6,0.0,0.0,0.0,29.971428571428568,7,plus_redzone_defense,1.6257
8,00-0039739,Roman Wilson,WR,GB,17.4,2.95,1.5,0.0,32.18333333333334,6,plus_redzone_defense,3.7227
8,00-0040134,Pat Bryant,WR,DAL,12.0,1.9333333333333336,2.0,0.6666666666666666,39.785714285714285,7,plus_redzone_defense,2.8688
8,00-0040432,Beaux Collins,WR,PHI,2.8,0.8500000000000001,2.0,0.0,33.82857142857143,7,plus_redzone_defense,3.2894
8,00-0034521,Allen Lazard,WR,CIN,1.5,2.45,2.5,0.5,29.971428571428568,7,plus_redzone_defense,4.5692
8,00-0032775,Demarcus Robinson,WR,HOU,2.5,4.433333333333334,3.6666666666666665,0.3333333333333333,27.0,6,plus_redzone_defense,6.6317
8,00-0038994,Jordan Addison,WR,LAC,11.6,18.450000000000003,9.0,3.0,27.70285714285714,7,plus_redzone_defense,15.4245
8,00-0039920,Malachi Corley,WR,NE,3.1,2.4000000000000004,1.5,0.0,32.74285714285714,7,plus_redzone_defense,3.4785
8,00-0040218,Jimmy Horn Jr.,WR,BUF,0.9,4.766666666666667,3.6666666666666665,0.3333333333333333,30.36666666666667,6,plus_redzone_defense,6.3863
8,00-0040259,Gage Larvadain,WR,NE,0.30000000000000004,1.4000000000000001,1.6666666666666667,0.0,32.74285714285714,7,plus_redzone_defense,3.2915
8,00-0039623,Mason Tipton,WR,TB,0.0,0.0,0.5,0.0,31.028571428571432,7,plus_redzone_defense,1.9604
8,00-0040534,Ke'Shawn Williams,WR,GB,0.0,0.0,0.0,0.0,32.18333333333334,6,plus_redzone_defense,1.3909
9,00-0030279,Keenan Allen,WR,TEN,6.1000000000000005,14.666666666666666,8.666666666666666,1.3333333333333333,35.375,8,baseline,13.5135
9,00-0030564,DeAndre Hopkins,WR,MIA,0.0,3.2,2.5,0.0,26.0875,8,baseline,4.6907
9,00-0031236,Brandin Cooks,WR,LA,3.6,3.2000000000000006,2.0,0.0,30.7,7,baseline,4.2903
9,00-0031381,Davante Adams,WR,NO,23.0,17.2,8.5,3.5,29.3625,8,baseline,14.2381
9,00-0031588,Stefon Diggs,WR,ATL,12.8,10.033333333333333,5.0,1.6666666666666667,27.24285714285714,7,baseline,9.0075
9,00-0032211,Tyler Lockett,WR,JAX,0.0,2.4,2.5,0.0,36.400000000000006,7,baseline,4.4197
9,00-0032464,Kalif Raymond,WR,MIN,0.0,2.35,1.5,0.0,28.5,7,baseline,3.6019
9,00-0033555,Mack Hollins,WR,ATL,2.9,9.333333333333334,4.333333333333333,0.3333333333333333,27.24285714285714,7,baseline,8.2365
9,00-0033572,Jamal Agnew,WR,NE,0.0,0.0,0.0,0.0,29.7125,8,baseline,1.6046
9,00-0033857,JuJu Smith-Schuster,WR,BUF,1.2,6.7,2.6666666666666665,0.3333333333333333,30.042857142857144,7,baseline,6.0097
9,00-0034348,Courtland Sutton,WR,HOU,10.0,9.366666666666667,6.333333333333333,1.3333333333333333,26.014285714285712,7,baseline,9.8495
9,00-0034827,DJ Moore,WR,CIN,22.98,9.333333333333334,7.333333333333333,1.0,29.825,8,baseline,10.6391
9,00-0034854,KhaDarel Hodge,WR,NE,0.0,2.033333333333333,2.6666666666666665,0.0,29.7125,8,baseline,4.429
9,00-0035021,Ashton Dulin,WR,PIT,0.0,0.09999999999999998,0.5,0.5,38.699999999999996,7,baseline,2.0389
9,00-0035208,Olamide Zaccheaus,WR,CIN,17.8,6.0,6.0,1.0,29.825,8,baseline,8.4422
9,00-0035500,Greg Dortch,WR,DAL,0.9,6.2,2.5,1.0,41.2375,8,baseline,5.7069
9,00-0035602,Alex Bachman,WR,JAX,0.0,0.0,0.0,0.0,36.400000000000006,7,baseline,1.6046
9,00-0035640,DK Metcalf,WR,IND,2.6,14.666666666666666,7.0,1.0,39.2,8,baseline,12.1787
9,00-0035645,Gunner Olszewski,WR,SF,9.4,0.0,0.0,0.0,32.4125,8,baseline,1.6046
9,00-0035662,Marquise Brown,WR,BUF,9.3,9.966666666666667,3.0,1.3333333333333333,30.042857142857144,7,baseline,7.3832
9,00-0035719,Deebo Samuel Sr.,WR,SEA,9.4,4.800000000000001,6.5,1.0,30.657142857142855,7,baseline,8.4361
9,00-0036182,Nick Westbrook-Ikhine,WR,BAL,4.2,2.4666666666666663,2.6666666666666665,0.6666666666666666,39.48571428571428,7,baseline,4.5758
9,00-0036252,Michael Pittman,WR,PIT,20.5,15.433333333333332,7.0,1.0,38.699999999999996,7,baseline,12.4384
9,00-0036259,Jauan Jennings,WR,NYG,14.100000000000001,5.766666666666667,5.666666666666667,0.3333333333333333,37.662499999999994,8,baseline,8.0962
9,00-0036322,Justin Jefferson,WR,DET,16.7,13.65,10.5,1.0,36.45714285714286,7,baseline,14.6374
9,00-0036331,Devin Duvernay,WR,CIN,0.0,0.39999999999999997,1.0,0.3333333333333333,29.825,8,baseline,2.541
9,00-0036358,CeeDee Lamb,WR,ARI,15.5,18.3,9.5,1.5,30.042857142857148,7,baseline,15.4115
9,00-0036410,Tee Higgins,WR,CHI,31.1,14.733333333333333,6.666666666666667,1.0,32.44285714285714,7,baseline,11.9343
9,00-0036550,Rashod Bateman,WR,MIA,9.3,4.45,2.5,0.5,26.0875,8,baseline,5.1141
9,00-0036613,Jaylen Waddle,WR,BAL,14.200000000000001,13.073333333333332,6.333333333333333,0.3333333333333333,39.48571428571428,7,baseline,11.105
9,00-0036620,Dee Eskridge,WR,BAL,0.0,2.1666666666666665,1.0,0.0,39.48571428571428,7,baseline,3.1394
9,00-0036626,Dyami Brown,WR,LV,5.9,5.5,5.0,0.5,38.27142857142858,7,baseline,7.4719
9,00-0036630,Tylan Wallace,WR,MIA,0.0,0.8,0.5,0.0,26.0875,8,baseline,2.276
9,00-0036862,Ben Skowronek,WR,IND,0.0,0.7666666666666666,0.3333333333333333,0.0,39.2,8,baseline,2.1312
9,00-0036900,Ja'Marr Chase,WR,CHI,17.1,28.100000000000005,18.333333333333332,2.6666666666666665,32.44285714285714,7,baseline,25.8054
9,00-0036963,Amon-Ra St. Brown,WR,MIN,18.700000000000003,17.15,10.5,1.0,28.5,7,baseline,15.8229
9,00-0036980,Elijah Moore,WR,KC,3.8000000000000003,1.2000000000000002,3.0,0.0,26.0,8,baseline,4.4137
9,00-0037238,Drake London,WR,NE,38.8,20.0,13.0,1.0,29.7125,8,baseline,18.7904
9,00-0037239,Chris Olave,WR,LA,8.7,18.866666666666667,10.0,1.0,30.7,7,baseline,16.0039
9,00-0037240,Jameson Williams,WR,MIN,16.6,9.3,4.5,0.0,28.5,7,baseline,8.3587
9,00-0037247,George Pickens,WR,ARI,13.9,19.599999999999998,8.666666666666666,0.6666666666666666,30.042857142857148,7,baseline,15.1845
9,00-0037261,Khalil Shakir,WR,KC,11.3,13.55,6.0,0.5,26.0,8,baseline,10.9995
9,00-0037291,Jalen Nailor,WR,DET,2.6,2.85,2.5,1.0,36.45714285714286,7,baseline,4.5721
9,00-0037545,Rashid Shaheed,WR,LA,11.8,10.433333333333334,9.0,0.3333333333333333,30.7,7,baseline,12.3465
9,00-0037664,Alec Pierce,WR,PIT,17.5,10.166666666666666,6.333333333333333,0.0,38.699999999999996,7,baseline,10.1205
9,00-0037801,KaVontae Turpin,WR,ARI,3.3,1.75,3.0,0.0,30.042857142857148,7,baseline,4.6
9,00-0037816,Romeo Doubs,WR,CAR,16.1,10.366666666666667,7.666666666666667,0.6666666666666666,24.900000000000002,8,baseline,11.2561
9,00-0038090,Skyy Moore,WR,NYG,3.1,0.8333333333333334,0.6666666666666666,0.0,37.662499999999994,8,baseline,2.4208
9,00-0038117,Wan'Dale Robinson,WR,SF,13.600000000000001,14.566666666666668,7.666666666666667,0.6666666666666666,32.4125,8,baseline,12.6787
9,00-0038359,Xavier Smith,WR,NO,3.2,1.75,1.5,0.5,29.3625,8,baseline,3.3987
9,00-0038519,Nikko Remigio,WR,BUF,0.0,0.0,0.0,0.0,30.042857142857144,7,baseline,1.6046
9,00-0038543,Jaxon Smith-Njigba,WR,WAS,22.0,28.25,13.5,0.5,35.28750000000001,8,baseline,21.9853
9,00-0038559,Michael Wilson,WR,DAL,9.100000000000001,7.7,4.5,1.0,41.2375,8,baseline,7.8167
9,00-0038563,Tre Tucker,WR,JAX,6.800000000000001,10.15,5.5,0.5,36.400000000000006,7,baseline,9.4475
9,00-0038573,Derius Davis,WR,TEN,0.0,0.0,0.0,0.0,35.375,8,baseline,1.6046
9,00-0038576,Charlie Jones,WR,CHI,0.0,0.0,0.0,0.0,32.44285714285714,7,baseline,1.6046
9,00-0038606,Parker Washington,WR,LV,17.0,7.55,8.5,0.0,38.27142857142858,7,baseline,10.9694
9,00-0038608,Kayshon Boutte,WR,ATL,0.0,18.766666666666666,4.0,0.0,27.24285714285714,7,baseline,11.1648
9,00-0038618,Xavier Hutchinson,WR,DEN,6.0,10.1,5.0,1.0,26.3,8,baseline,9.0301
9,00-0038621,DeMario Douglas,WR,ATL,20.0,8.833333333333334,3.3333333333333335,0.6666666666666666,27.24285714285714,7,baseline,7.2662
9,00-0038840,Brycen Tremayne,WR,GB,1.8,0.0,0.0,0.0,33.728571428571435,7,baseline,1.6046
9,00-0038997,Josh Downs,WR,PIT,17.7,14.55,5.0,2.5,38.699999999999996,7,baseline,10.5374
9,00-0039064,Zay Flowers,WR,MIA,11.4,12.350000000000001,10.0,1.0,26.0875,8,baseline,13.7966
9,00-0039342,Xavier Legette,WR,GB,3.2,10.333333333333334,5.333333333333333,1.3333333333333333,33.728571428571435,7,baseline,9.3761
9,00-0039355,Luke McCaffrey,WR,SEA,0.0,5.233333333333333,2.0,0.0,30.657142857142855,7,baseline,4.979
9,00-0039849,Marvin Harrison Jr.,WR,DAL,22.6,6.5,4.0,0.0,41.2375,8,baseline,7.0098
9,00-0039868,Troy Franklin,WR,HOU,6.300000000000001,14.299999999999999,7.666666666666667,2.0,26.014285714285712,7,baseline,12.5884
9,00-0039880,Malik Washington,WR,BAL,9.100000000000001,9.299999999999999,6.333333333333333,1.3333333333333333,39.48571428571428,7,baseline,9.8269
9,00-0039890,Adonai Mitchell,WR,PIT,1.7000000000000002,0.9,1.0,0.0,38.699999999999996,7,baseline,2.7103
9,00-0039893,Brian Thomas Jr.,WR,LV,8.5,14.55,8.5,0.0,38.27142857142858,7,baseline,13.3405
9,00-0039894,Xavier Worthy,WR,BUF,6.0,9.566666666666666,5.666666666666667,1.3333333333333333,30.042857142857144,7,baseline,9.3833
9,00-0039901,Keon Coleman,WR,KC,3.7,5.05,5.0,0.5,26.0,8,baseline,7.3195
9,00-0039915,Ladd McConkey,WR,TEN,9.600000000000001,19.833333333333332,11.333333333333334,2.0,35.375,8,baseline,17.3992
9,00-0039919,Rome Odunze,WR,CIN,0.0,9.566666666666666,7.0,0.3333333333333333,29.825,8,baseline,10.4512
9,00-0040009,Savion Williams,WR,CAR,3.2,2.733333333333334,1.0,0.3333333333333333,24.900000000000002,8,baseline,3.3313
9,00-0040124,Tetairoa McMillan,WR,GB,8.600000000000001,13.699999999999998,6.666666666666667,1.3333333333333333,33.728571428571435,7,baseline,11.5843
9,00-0040130,Jayden Higgins,WR,DEN,1.4,6.7,5.5,1.5,26.3,8,baseline,8.2789
9,00-0040131,Kyle Williams,WR,ATL,0.0,0.0,1.5,0.0,27.24285714285714,7,baseline,2.8059
9,00-0040138,Jaylin Noel,WR,DEN,-0.30000000000000004,11.5,6.5,0.5,26.3,8,baseline,10.7056
9,00-0040164,Jaylin Lane,WR,SEA,5.9,5.133333333333334,3.6666666666666665,0.0,30.657142857142855,7,baseline,6.2799
9,00-0040170,Elic Ayomanor,WR,LAC,7.6000000000000005,6.6000000000000005,6.0,0.3333333333333333,27.49,8,baseline,8.6454
9,00-0040506,Myles Price,WR,DET,0.0,0.0,0.0,0.0,36.45714285714286,7,baseline,1.6046
9,00-0040648,Tory Horton,WR,WAS,20.8,0.0,2.0,0.5,35.28750000000001,8,baseline,3.2063
9,00-0040667,Matthew Golden,WR,CAR,2.9,8.1,4.666666666666667,0.0,24.900000000000002,8,baseline,8.0857
9,00-0040705,Chimere Dike,WR,LAC,1.5,12.033333333333331,5.666666666666667,0.3333333333333333,27.49,8,baseline,10.2189
9,00-0040727,Tre Harris,WR,TEN,3.8,6.6000000000000005,3.0,0.6666666666666666,35.375,8,baseline,6.2428
9,00-0040729,Jack Bech,WR,JAX,0.0,1.65,1.5,0.0,36.400000000000006,7,baseline,3.3648
9,00-0033307,Kendrick Bourne,WR,NYG,5.4,10.0,5.0,0.3333333333333333,37.662499999999994,8,baseline,8.9962
9,00-0036309,Darnell Mooney,WR,NE,2.5,5.95,4.5,0.5,29.7125,8,baseline,7.2239
9,00-0036415,Van Jefferson,WR,LAC,3.1,7.066666666666667,6.0,0.6666666666666666,27.49,8,baseline,8.8035
9,00-0038465,Malik Heath,WR,CAR,2.1,2.95,1.5,0.0,24.900000000000002,8,baseline,3.8051
9,00-0038619,Andrei Iosivas,WR,CHI,18.0,3.1333333333333333,3.6666666666666665,0.6666666666666666,32.44285714285714,7,baseline,5.6025
9,00-0039410,Ryan Flournoy,WR,ARI,9.2,2.6666666666666665,3.0,0.3333333333333333,30.042857142857148,7,baseline,4.9105
9,00-0039739,Roman Wilson,WR,IND,1.4,7.766666666666666,2.6666666666666665,0.0,39.2,8,baseline,6.371
9,00-0040134,Pat Bryant,WR,HOU,4.0,5.933333333333334,3.3333333333333335,0.6666666666666666,26.014285714285712,7,baseline,6.2839
9,00-0036646,Simi Fehoko,WR,DAL,0.0,0.0,0.0,0.0,41.2375,8,baseline,1.6046
9,00-0032775,Demarcus Robinson,WR,NYG,0.0,2.966666666666667,2.3333333333333335,0.3333333333333333,37.662499999999994,8,baseline,4.4782
9,00-0038994,Jordan Addison,WR,DET,8.4,16.7,8.0,2.5,36.45714285714286,7,baseline,13.6683
9,00-0038938,Jalin Hyatt,WR,SF,0.0,2.35,3.0,0.0,32.4125,8,baseline,4.8032
9,00-0040218,Jimmy Horn Jr.,WR,GB,1.8000000000000003,3.3666666666666667,3.0,0.0,33.728571428571435,7,baseline,5.1476
9,00-0040534,Ke'Shawn Williams,WR,IND,0.0,0.0,0.0,0.0,39.2,8,baseline,1.6046
9,00-0040563,Efton Chism III,WR,ATL,0.0,0.0,0.0,0.0,27.24285714285714,7,baseline,1.6046
9,00-0034419,Braxton Berrios,WR,DEN,0.0,4.8500000000000005,4.0,1.0,26.3,8,baseline,6.4509
9,00-0039067,Rashee Rice,WR,BUF,18.6,24.35,10.5,3.5,30.042857142857144,7,baseline,18.2617
9,00-0039491,Jalen Coker,WR,GB,1.9,3.3,3.0,0.0,33.728571428571435,7,baseline,5.125
9,00-0030279,Keenan Allen,WR,TEN,6.1000000000000005,14.666666666666666,8.666666666666666,1.3333333333333333,35.375,8,plus_defense,13.2875
9,00-0030564,DeAndre Hopkins,WR,MIA,0.0,3.2,2.5,0.0,26.0875,8,plus_defense,5.2124
9,00-0031236,Brandin Cooks,WR,LA,3.6,3.2000000000000006,2.0,0.0,30.7,7,plus_defense,4.4219
9,00-0031381,Davante Adams,WR,NO,23.0,17.2,8.5,3.5,29.3625,8,plus_defense,14.4961
9,00-0031588,Stefon Diggs,WR,ATL,12.8,10.033333333333333,5.0,1.6666666666666667,27.24285714285714,7,plus_defense,9.4315
9,00-0032211,Tyler Lockett,WR,JAX,0.0,2.4,2.5,0.0,36.400000000000006,7,plus_defense,4.0888
9,00-0032464,Kalif Raymond,WR,MIN,0.0,2.35,1.5,0.0,28.5,7,plus_defense,3.914
9,00-0033555,Mack Hollins,WR,ATL,2.9,9.333333333333334,4.333333333333333,0.3333333333333333,27.24285714285714,7,plus_defense,8.655
9,00-0033572,Jamal Agnew,WR,NE,0.0,0.0,0.0,0.0,29.7125,8,plus_defense,1.8078
9,00-0033857,JuJu Smith-Schuster,WR,BUF,1.2,6.7,2.6666666666666665,0.3333333333333333,30.042857142857144,7,plus_defense,6.1867
9,00-0034348,Courtland Sutton,WR,HOU,10.0,9.366666666666667,6.333333333333333,1.3333333333333333,26.014285714285712,7,plus_defense,10.3972
9,00-0034827,DJ Moore,WR,CIN,22.98,9.333333333333334,7.333333333333333,1.0,29.825,8,plus_defense,10.884
9,00-0034854,KhaDarel Hodge,WR,NE,0.0,2.033333333333333,2.6666666666666665,0.0,29.7125,8,plus_defense,4.6579
9,00-0035021,Ashton Dulin,WR,PIT,0.0,0.09999999999999998,0.5,0.5,38.699999999999996,7,plus_defense,1.5018
9,00-0035208,Olamide Zaccheaus,WR,CIN,17.8,6.0,6.0,1.0,29.825,8,plus_defense,8.6864
9,00-0035500,Greg Dortch,WR,DAL,0.9,6.2,2.5,1.0,41.2375,8,plus_defense,4.9542
9,00-0035602,Alex Bachman,WR,JAX,0.0,0.0,0.0,0.0,36.400000000000006,7,plus_defense,1.2523
9,00-0035640,DK Metcalf,WR,IND,2.6,14.666666666666666,7.0,1.0,39.2,8,plus_defense,11.6122
9,00-0035645,Gunner Olszewski,WR,SF,9.4,0.0,0.0,0.0,32.4125,8,plus_defense,1.5835
9,00-0035662,Marquise Brown,WR,BUF,9.3,9.966666666666667,3.0,1.3333333333333333,30.042857142857144,7,plus_defense,7.5476
9,00-0035719,Deebo Samuel Sr.,WR,SEA,9.4,4.800000000000001,6.5,1.0,30.657142857142855,7,plus_defense,8.6243
9,00-0036182,Nick Westbrook-Ikhine,WR,BAL,4.2,2.4666666666666663,2.6666666666666665,0.6666666666666666,39.48571428571428,7,plus_defense,3.9905
9,00-0036252,Michael Pittman,WR,PIT,20.5,15.433333333333332,7.0,1.0,38.699999999999996,7,plus_defense,11.9094
9,00-0036259,Jauan Jennings,WR,NYG,14.100000000000001,5.766666666666667,5.666666666666667,0.3333333333333333,37.662499999999994,8,plus_defense,7.6859
9,00-0036322,Justin Jefferson,WR,DET,16.7,13.65,10.5,1.0,36.45714285714286,7,plus_defense,14.3518
9,00-0036331,Devin Duvernay,WR,CIN,0.0,0.39999999999999997,1.0,0.3333333333333333,29.825,8,plus_defense,2.7464
9,00-0036358,CeeDee Lamb,WR,ARI,15.5,18.3,9.5,1.5,30.042857142857148,7,plus_defense,15.6209
9,00-0036410,Tee Higgins,WR,CHI,31.1,14.733333333333333,6.666666666666667,1.0,32.44285714285714,7,plus_defense,11.9243
9,00-0036550,Rashod Bateman,WR,MIA,9.3,4.45,2.5,0.5,26.0875,8,plus_defense,5.6293
9,00-0036613,Jaylen Waddle,WR,BAL,14.200000000000001,13.073333333333332,6.333333333333333,0.3333333333333333,39.48571428571428,7,plus_defense,10.5141
9,00-0036620,Dee Eskridge,WR,BAL,0.0,2.1666666666666665,1.0,0.0,39.48571428571428,7,plus_defense,2.5329
9,00-0036626,Dyami Brown,WR,LV,5.9,5.5,5.0,0.5,38.27142857142858,7,plus_defense,7.0034
9,00-0036630,Tylan Wallace,WR,MIA,0.0,0.8,0.5,0.0,26.0875,8,plus_defense,2.783
9,00-0036862,Ben Skowronek,WR,IND,0.0,0.7666666666666666,0.3333333333333333,0.0,39.2,8,plus_defense,1.5468
9,00-0036900,Ja'Marr Chase,WR,CHI,17.1,28.100000000000005,18.333333333333332,2.6666666666666665,32.44285714285714,7,plus_defense,25.8843
9,00-0036963,Amon-Ra St. Brown,WR,MIN,18.700000000000003,17.15,10.5,1.0,28.5,7,plus_defense,16.18
9,00-0036980,Elijah Moore,WR,KC,3.8000000000000003,1.2000000000000002,3.0,0.0,26.0,8,plus_defense,4.9599
9,00-0037238,Drake London,WR,NE,38.8,20.0,13.0,1.0,29.7125,8,plus_defense,19.066
9,00-0037239,Chris Olave,WR,LA,8.7,18.866666666666667,10.0,1.0,30.7,7,plus_defense,16.1625
9,00-0037240,Jameson Williams,WR,MIN,16.6,9.3,4.5,0.0,28.5,7,plus_defense,8.6752
9,00-0037247,George Pickens,WR,ARI,13.9,19.599999999999998,8.666666666666666,0.6666666666666666,30.042857142857148,7,plus_defense,15.3757
9,00-0037261,Khalil Shakir,WR,KC,11.3,13.55,6.0,0.5,26.0,8,plus_defense,11.522
9,00-0037291,Jalen Nailor,WR,DET,2.6,2.85,2.5,1.0,36.45714285714286,7,plus_defense,4.2342
9,00-0037545,Rashid Shaheed,WR,LA,11.8,10.433333333333334,9.0,0.3333333333333333,30.7,7,plus_defense,12.5356
9,00-0037664,Alec Pierce,WR,PIT,17.5,10.166666666666666,6.333333333333333,0.0,38.699999999999996,7,plus_defense,9.6101
9,00-0037801,KaVontae Turpin,WR,ARI,3.3,1.75,3.0,0.0,30.042857142857148,7,plus_defense,4.8075
9,00-0037816,Romeo Doubs,WR,CAR,16.1,10.366666666666667,7.666666666666667,0.6666666666666666,24.900000000000002,8,plus_defense,11.9092
9,00-0038090,Skyy Moore,WR,NYG,3.1,0.8333333333333334,0.6666666666666666,0.0,37.662499999999994,8,plus_defense,1.9683
9,00-0038117,Wan'Dale Robinson,WR,SF,13.600000000000001,14.566666666666668,7.666666666666667,0.6666666666666666,32.4125,8,plus_defense,12.6858
9,00-0038359,Xavier Smith,WR,NO,3.2,1.75,1.5,0.5,29.3625,8,plus_defense,3.6423
9,00-0038519,Nikko Remigio,WR,BUF,0.0,0.0,0.0,0.0,30.042857142857144,7,plus_defense,1.7804
9,00-0038543,Jaxon Smith-Njigba,WR,WAS,22.0,28.25,13.5,0.5,35.28750000000001,8,plus_defense,21.7613
9,00-0038559,Michael Wilson,WR,DAL,9.100000000000001,7.7,4.5,1.0,41.2375,8,plus_defense,7.0834
9,00-0038563,Tre Tucker,WR,JAX,6.800000000000001,10.15,5.5,0.5,36.400000000000006,7,plus_defense,9.1169
9,00-0038573,Derius Davis,WR,TEN,0.0,0.0,0.0,0.0,35.375,8,plus_defense,1.3374
9,00-0038576,Charlie Jones,WR,CHI,0.0,0.0,0.0,0.0,32.44285714285714,7,plus_defense,1.581
9,00-0038606,Parker Washington,WR,LV,17.0,7.55,8.5,0.0,38.27142857142858,7,plus_defense,10.5378
9,00-0038608,Kayshon Boutte,WR,ATL,0.0,18.766666666666666,4.0,0.0,27.24285714285714,7,plus_defense,11.5295
9,00-0038618,Xavier Hutchinson,WR,DEN,6.0,10.1,5.0,1.0,26.3,8,plus_defense,9.532
9,00-0038621,DeMario Douglas,WR,ATL,20.0,8.833333333333334,3.3333333333333335,0.6666666666666666,27.24285714285714,7,plus_defense,7.6738
9,00-0038840,Brycen Tremayne,WR,GB,1.8,0.0,0.0,0.0,33.728571428571435,7,plus_defense,1.4742
9,00-0038997,Josh Downs,WR,PIT,17.7,14.55,5.0,2.5,38.699999999999996,7,plus_defense,9.9859
9,00-0039064,Zay Flowers,WR,MIA,11.4,12.350000000000001,10.0,1.0,26.0875,8,plus_defense,14.3725
9,00-0039342,Xavier Legette,WR,GB,3.2,10.333333333333334,5.333333333333333,1.3333333333333333,33.728571428571435,7,plus_defense,9.2642
9,00-0039355,Luke McCaffrey,WR,SEA,0.0,5.233333333333333,2.0,0.0,30.657142857142855,7,plus_defense,5.1036
9,00-0039849,Marvin Harrison Jr.,WR,DAL,22.6,6.5,4.0,0.0,41.2375,8,plus_defense,6.276
9,00-0039868,Troy Franklin,WR,HOU,6.300000000000001,14.299999999999999,7.666666666666667,2.0,26.014285714285712,7,plus_defense,13.1284
9,00-0039880,Malik Washington,WR,BAL,9.100000000000001,9.299999999999999,6.333333333333333,1.3333333333333333,39.48571428571428,7,plus_defense,9.2558
9,00-0039890,Adonai Mitchell,WR,PIT,1.7000000000000002,0.9,1.0,0.0,38.699999999999996,7,plus_defense,2.1758
9,00-0039893,Brian Thomas Jr.,WR,LV,8.5,14.55,8.5,0.0,38.27142857142858,7,plus_defense,12.8722
9,00-0039894,Xavier Worthy,WR,BUF,6.0,9.566666666666666,5.666666666666667,1.3333333333333333,30.042857142857144,7,plus_defense,9.5862
9,00-0039901,Keon Coleman,WR,KC,3.7,5.05,5.0,0.5,26.0,8,plus_defense,7.8728
9,00-0039915,Ladd McConkey,WR,TEN,9.600000000000001,19.833333333333332,11.333333333333334,2.0,35.375,8,plus_defense,17.1825
9,00-0039919,Rome Odunze,WR,CIN,0.0,9.566666666666666,7.0,0.3333333333333333,29.825,8,plus_defense,10.6903
9,00-0040009,Savion Williams,WR,CAR,3.2,2.733333333333334,1.0,0.3333333333333333,24.900000000000002,8,plus_defense,3.9337
9,00-0040124,Tetairoa McMillan,WR,GB,8.600000000000001,13.699999999999998,6.666666666666667,1.3333333333333333,33.728571428571435,7,plus_defense,11.4729
9,00-0040130,Jayden Higgins,WR,DEN,1.4,6.7,5.5,1.5,26.3,8,plus_defense,8.8054
9,00-0040131,Kyle Williams,WR,ATL,0.0,0.0,1.5,0.0,27.24285714285714,7,plus_defense,3.2348
9,00-0040138,Jaylin Noel,WR,DEN,-0.30000000000000004,11.5,6.5,0.5,26.3,8,plus_defense,11.2207
9,00-0040164,Jaylin Lane,WR,SEA,5.9,5.133333333333334,3.6666666666666665,0.0,30.657142857142855,7,plus_defense,6.4277
9,00-0040170,Elic Ayomanor,WR,LAC,7.6000000000000005,6.6000000000000005,6.0,0.3333333333333333,27.49,8,plus_defense,9.0804
9,00-0040506,Myles Price,WR,DET,0.0,0.0,0.0,0.0,36.45714285714286,7,plus_defense,1.2475
9,00-0040648,Tory Horton,WR,WAS,20.8,0.0,2.0,0.5,35.28750000000001,8,plus_defense,2.9737
9,00-0040667,Matthew Golden,WR,CAR,2.9,8.1,4.666666666666667,0.0,24.900000000000002,8,plus_defense,8.7099
9,00-0040705,Chimere Dike,WR,LAC,1.5,12.033333333333331,5.666666666666667,0.3333333333333333,27.49,8,plus_defense,10.6209
9,00-0040727,Tre Harris,WR,TEN,3.8,6.6000000000000005,3.0,0.6666666666666666,35.375,8,plus_defense,5.9819
9,00-0040729,Jack Bech,WR,JAX,0.0,1.65,1.5,0.0,36.400000000000006,7,plus_defense,3.0242
9,00-0033307,Kendrick Bourne,WR,NYG,5.4,10.0,5.0,0.3333333333333333,37.662499999999994,8,plus_defense,8.5547
9,00-0036309,Darnell Mooney,WR,NE,2.5,5.95,4.5,0.5,29.7125,8,plus_defense,7.4573
9,00-0036415,Van Jefferson,WR,LAC,3.1,7.066666666666667,6.0,0.6666666666666666,27.49,8,plus_defense,9.2361
9,00-0038465,Malik Heath,WR,CAR,2.1,2.95,1.5,0.0,24.900000000000002,8,plus_defense,4.4132
9,00-0038619,Andrei Iosivas,WR,CHI,18.0,3.1333333333333333,3.6666666666666665,0.6666666666666666,32.44285714285714,7,plus_defense,5.6124
9,00-0039410,Ryan Flournoy,WR,ARI,9.2,2.6666666666666665,3.0,0.3333333333333333,30.042857142857148,7,plus_defense,5.1132
9,00-0039739,Roman Wilson,WR,IND,1.4,7.766666666666666,2.6666666666666665,0.0,39.2,8,plus_defense,5.7817
9,00-0040134,Pat Bryant,WR,HOU,4.0,5.933333333333334,3.3333333333333335,0.6666666666666666,26.014285714285712,7,plus_defense,6.8088
9,00-0036646,Simi Fehoko,WR,DAL,0.0,0.0,0.0,0.0,41.2375,8,plus_defense,0.8504
9,00-0032775,Demarcus Robinson,WR,NYG,0.0,2.966666666666667,2.3333333333333335,0.3333333333333333,37.662499999999994,8,plus_defense,4.0372
9,00-0038994,Jordan Addison,WR,DET,8.4,16.7,8.0,2.5,36.45714285714286,7,plus_defense,13.3327
9,00-0038938,Jalin Hyatt,WR,SF,0.0,2.35,3.0,0.0,32.4125,8,plus_defense,4.8107
9,00-0040218,Jimmy Horn Jr.,WR,GB,1.8000000000000003,3.3666666666666667,3.0,0.0,33.728571428571435,7,plus_defense,5.0404
9,00-0040534,Ke'Shawn Williams,WR,IND,0.0,0.0,0.0,0.0,39.2,8,plus_defense,1.0196
9,00-0040563,Efton Chism III,WR,ATL,0.0,0.0,0.0,0.0,27.24285714285714,7,plus_defense,2.013
9,00-0034419,Braxton Berrios,WR,DEN,0.0,4.8500000000000005,4.0,1.0,26.3,8,plus_defense,6.9667
9,00-0039067,Rashee Rice,WR,BUF,18.6,24.35,10.5,3.5,30.042857142857144,7,plus_defense,18.453
9,00-0039491,Jalen Coker,WR,GB,1.9,3.3,3.0,0.0,33.728571428571435,7,plus_defense,5.0182
9,00-0030279,Keenan Allen,WR,TEN,6.1000000000000005,14.666666666666666,8.666666666666666,1.3333333333333333,35.375,8,plus_redzone_defense,13.3068
9,00-0030564,DeAndre Hopkins,WR,MIA,0.0,3.2,2.5,0.0,26.0875,8,plus_redzone_defense,5.169
9,00-0031236,Brandin Cooks,WR,LA,3.6,3.2000000000000006,2.0,0.0,30.7,7,plus_redzone_defense,4.3854
9,00-0031381,Davante Adams,WR,NO,23.0,17.2,8.5,3.5,29.3625,8,plus_redzone_defense,14.7808
9,00-0031588,Stefon Diggs,WR,ATL,12.8,10.033333333333333,5.0,1.6666666666666667,27.24285714285714,7,plus_redzone_defense,9.5478
9,00-0032211,Tyler Lockett,WR,JAX,0.0,2.4,2.5,0.0,36.400000000000006,7,plus_redzone_defense,4.0504
9,00-0032464,Kalif Raymond,WR,MIN,0.0,2.35,1.5,0.0,28.5,7,plus_redzone_defense,3.8854
9,00-0033555,Mack Hollins,WR,ATL,2.9,9.333333333333334,4.333333333333333,0.3333333333333333,27.24285714285714,7,plus_redzone_defense,8.6134
9,00-0033572,Jamal Agnew,WR,NE,0.0,0.0,0.0,0.0,29.7125,8,plus_redzone_defense,1.8043
9,00-0033857,JuJu Smith-Schuster,WR,BUF,1.2,6.7,2.6666666666666665,0.3333333333333333,30.042857142857144,7,plus_redzone_defense,6.1733
9,00-0034348,Courtland Sutton,WR,HOU,10.0,9.366666666666667,6.333333333333333,1.3333333333333333,26.014285714285712,7,plus_redzone_defense,10.458
9,00-0034827,DJ Moore,WR,CIN,22.98,9.333333333333334,7.333333333333333,1.0,29.825,8,plus_redzone_defense,10.8923
9,00-0034854,KhaDarel Hodge,WR,NE,0.0,2.033333333333333,2.6666666666666665,0.0,29.7125,8,plus_redzone_defense,4.6172
9,00-0035021,Ashton Dulin,WR,PIT,0.0,0.09999999999999998,0.5,0.5,38.699999999999996,7,plus_redzone_defense,1.5572
9,00-0035208,Olamide Zaccheaus,WR,CIN,17.8,6.0,6.0,1.0,29.825,8,plus_redzone_defense,8.7206
9,00-0035500,Greg Dortch,WR,DAL,0.9,6.2,2.5,1.0,41.2375,8,plus_redzone_defense,5.0308
9,00-0035602,Alex Bachman,WR,JAX,0.0,0.0,0.0,0.0,36.400000000000006,7,plus_redzone_defense,1.2502
9,00-0035640,DK Metcalf,WR,IND,2.6,14.666666666666666,7.0,1.0,39.2,8,plus_redzone_defense,11.6096
9,00-0035645,Gunner Olszewski,WR,SF,9.4,0.0,0.0,0.0,32.4125,8,plus_redzone_defense,1.5806
9,00-0035662,Marquise Brown,WR,BUF,9.3,9.966666666666667,3.0,1.3333333333333333,30.042857142857144,7,plus_redzone_defense,7.6459
9,00-0035719,Deebo Samuel Sr.,WR,SEA,9.4,4.800000000000001,6.5,1.0,30.657142857142855,7,plus_redzone_defense,8.6568
9,00-0036182,Nick Westbrook-Ikhine,WR,BAL,4.2,2.4666666666666663,2.6666666666666665,0.6666666666666666,39.48571428571428,7,plus_redzone_defense,4.0346
9,00-0036252,Michael Pittman,WR,PIT,20.5,15.433333333333332,7.0,1.0,38.699999999999996,7,plus_redzone_defense,11.9043
9,00-0036259,Jauan Jennings,WR,NYG,14.100000000000001,5.766666666666667,5.666666666666667,0.3333333333333333,37.662499999999994,8,plus_redzone_defense,7.6426
9,00-0036322,Justin Jefferson,WR,DET,16.7,13.65,10.5,1.0,36.45714285714286,7,plus_redzone_defense,14.3114
9,00-0036331,Devin Duvernay,WR,CIN,0.0,0.39999999999999997,1.0,0.3333333333333333,29.825,8,plus_redzone_defense,2.772
9,00-0036358,CeeDee Lamb,WR,ARI,15.5,18.3,9.5,1.5,30.042857142857148,7,plus_redzone_defense,15.6388
9,00-0036410,Tee Higgins,WR,CHI,31.1,14.733333333333333,6.666666666666667,1.0,32.44285714285714,7,plus_redzone_defense,11.9238
9,00-0036550,Rashod Bateman,WR,MIA,9.3,4.45,2.5,0.5,26.0875,8,plus_redzone_defense,5.6449
9,00-0036613,Jaylen Waddle,WR,BAL,14.200000000000001,13.073333333333332,6.333333333333333,0.3333333333333333,39.48571428571428,7,plus_redzone_defense,10.4404
9,00-0036620,Dee Eskridge,WR,BAL,0.0,2.1666666666666665,1.0,0.0,39.48571428571428,7,plus_redzone_defense,2.5133
9,00-0036626,Dyami Brown,WR,LV,5.9,5.5,5.0,0.5,38.27142857142858,7,plus_redzone_defense,6.9897
9,00-0036630,Tylan Wallace,WR,MIA,0.0,0.8,0.5,0.0,26.0875,8,plus_redzone_defense,2.7703
9,00-0036862,Ben Skowronek,WR,IND,0.0,0.7666666666666666,0.3333333333333333,0.0,39.2,8,plus_redzone_defense,1.5392
9,00-0036900,Ja'Marr Chase,WR,CHI,17.1,28.100000000000005,18.333333333333332,2.6666666666666665,32.44285714285714,7,plus_redzone_defense,25.9169
9,00-0036963,Amon-Ra St. Brown,WR,MIN,18.700000000000003,17.15,10.5,1.0,28.5,7,plus_redzone_defense,16.1268
9,00-0036980,Elijah Moore,WR,KC,3.8000000000000003,1.2000000000000002,3.0,0.0,26.0,8,plus_redzone_defense,4.9171
9,00-0037238,Drake London,WR,NE,38.8,20.0,13.0,1.0,29.7125,8,plus_redzone_defense,18.9751
9,00-0037239,Chris Olave,WR,LA,8.7,18.866666666666667,10.0,1.0,30.7,7,plus_redzone_defense,16.1101
9,00-0037240,Jameson Williams,WR,MIN,16.6,9.3,4.5,0.0,28.5,7,plus_redzone_defense,8.59
9,00-0037247,George Pickens,WR,ARI,13.9,19.599999999999998,8.666666666666666,0.6666666666666666,30.042857142857148,7,plus_redzone_defense,15.2941
9,00-0037261,Khalil Shakir,WR,KC,11.3,13.55,6.0,0.5,26.0,8,plus_redzone_defense,11.4684
9,00-0037291,Jalen Nailor,WR,DET,2.6,2.85,2.5,1.0,36.45714285714286,7,plus_redzone_defense,4.3203
9,00-0037545,Rashid Shaheed,WR,LA,11.8,10.433333333333334,9.0,0.3333333333333333,30.7,7,plus_redzone_defense,12.4374
9,00-0037664,Alec Pierce,WR,PIT,17.5,10.166666666666666,6.333333333333333,0.0,38.699999999999996,7,plus_redzone_defense,9.5034
9,00-0037801,KaVontae Turpin,WR,ARI,3.3,1.75,3.0,0.0,30.042857142857148,7,plus_redzone_defense,4.7639
9,00-0037816,Romeo Doubs,WR,CAR,16.1,10.366666666666667,7.666666666666667,0.6666666666666666,24.900000000000002,8,plus_redzone_defense,11.8673
9,00-0038090,Skyy Moore,WR,NYG,3.1,0.8333333333333334,0.6666666666666666,0.0,37.662499999999994,8,plus_redzone_defense,1.9562
9,00-0038117,Wan'Dale Robinson,WR,SF,13.600000000000001,14.566666666666668,7.666666666666667,0.6666666666666666,32.4125,8,plus_redzone_defense,12.6323
9,00-0038359,Xavier Smith,WR,NO,3.2,1.75,1.5,0.5,29.3625,8,plus_redzone_defense,3.6788
9,00-0038519,Nikko Remigio,WR,BUF,0.0,0.0,0.0,0.0,30.042857142857144,7,plus_redzone_defense,1.7769
9,00-0038543,Jaxon Smith-Njigba,WR,WAS,22.0,28.25,13.5,0.5,35.28750000000001,8,plus_redzone_defense,21.5769
9,00-0038559,Michael Wilson,WR,DAL,9.100000000000001,7.7,4.5,1.0,41.2375,8,plus_redzone_defense,7.1322
9,00-0038563,Tre Tucker,WR,JAX,6.800000000000001,10.15,5.5,0.5,36.400000000000006,7,plus_redzone_defense,9.0823
9,00-0038573,Derius Davis,WR,TEN,0.0,0.0,0.0,0.0,35.375,8,plus_redzone_defense,1.3352
9,00-0038576,Charlie Jones,WR,CHI,0.0,0.0,0.0,0.0,32.44285714285714,7,plus_redzone_defense,1.5781
9,00-0038606,Parker Washington,WR,LV,17.0,7.55,8.5,0.0,38.27142857142858,7,plus_redzone_defense,10.4143
9,00-0038608,Kayshon Boutte,WR,ATL,0.0,18.766666666666666,4.0,0.0,27.24285714285714,7,plus_redzone_defense,11.4197
9,00-0038618,Xavier Hutchinson,WR,DEN,6.0,10.1,5.0,1.0,26.3,8,plus_redzone_defense,9.564
9,00-0038621,DeMario Douglas,WR,ATL,20.0,8.833333333333334,3.3333333333333335,0.6666666666666666,27.24285714285714,7,plus_redzone_defense,7.6872
9,00-0038840,Brycen Tremayne,WR,GB,1.8,0.0,0.0,0.0,33.728571428571435,7,plus_redzone_defense,1.4716
9,00-0038997,Josh Downs,WR,PIT,17.7,14.55,5.0,2.5,38.699999999999996,7,plus_redzone_defense,10.1955
9,00-0039064,Zay Flowers,WR,MIA,11.4,12.350000000000001,10.0,1.0,26.0875,8,plus_redzone_defense,14.3396
9,00-0039342,Xavier Legette,WR,GB,3.2,10.333333333333334,5.333333333333333,1.3333333333333333,33.728571428571435,7,plus_redzone_defense,9.3353
9,00-0039355,Luke McCaffrey,WR,SEA,0.0,5.233333333333333,2.0,0.0,30.657142857142855,7,plus_redzone_defense,5.0606
9,00-0039849,Marvin Harrison Jr.,WR,DAL,22.6,6.5,4.0,0.0,41.2375,8,plus_redzone_defense,6.2084
9,00-0039868,Troy Franklin,WR,HOU,6.300000000000001,14.299999999999999,7.666666666666667,2.0,26.014285714285712,7,plus_redzone_defense,13.2422
9,00-0039880,Malik Washington,WR,BAL,9.100000000000001,9.299999999999999,6.333333333333333,1.3333333333333333,39.48571428571428,7,plus_redzone_defense,9.3199
9,00-0039890,Adonai Mitchell,WR,PIT,1.7000000000000002,0.9,1.0,0.0,38.699999999999996,7,plus_redzone_defense,2.1599
9,00-0039893,Brian Thomas Jr.,WR,LV,8.5,14.55,8.5,0.0,38.27142857142858,7,plus_redzone_defense,12.7265
9,00-0039894,Xavier Worthy,WR,BUF,6.0,9.566666666666666,5.666666666666667,1.3333333333333333,30.042857142857144,7,plus_redzone_defense,9.655
9,00-0039901,Keon Coleman,WR,KC,3.7,5.05,5.0,0.5,26.0,8,plus_redzone_defense,7.8577
9,00-0039915,Ladd McConkey,WR,TEN,9.600000000000001,19.833333333333332,11.333333333333334,2.0,35.375,8,plus_redzone_defense,17.2386
9,00-0039919,Rome Odunze,WR,CIN,0.0,9.566666666666666,7.0,0.3333333333333333,29.825,8,plus_redzone_defense,10.6177
9,00-0040009,Savion Williams,WR,CAR,3.2,2.733333333333334,1.0,0.3333333333333333,24.900000000000002,8,plus_redzone_defense,3.9508
9,00-0040124,Tetairoa McMillan,WR,GB,8.600000000000001,13.699999999999998,6.666666666666667,1.3333333333333333,33.728571428571435,7,plus_redzone_defense,11.518
9,00-0040130,Jayden Higgins,WR,DEN,1.4,6.7,5.5,1.5,26.3,8,plus_redzone_defense,8.9054
9,00-0040131,Kyle Williams,WR,ATL,0.0,0.0,1.5,0.0,27.24285714285714,7,plus_redzone_defense,3.2133
9,00-0040138,Jaylin Noel,WR,DEN,-0.30000000000000004,11.5,6.5,0.5,26.3,8,plus_redzone_defense,11.1679
9,00-0040164,Jaylin Lane,WR,SEA,5.9,5.133333333333334,3.6666666666666665,0.0,30.657142857142855,7,plus_redzone_defense,6.3659
9,00-0040170,Elic Ayomanor,WR,LAC,7.6000000000000005,6.6000000000000005,6.0,0.3333333333333333,27.49,8,plus_redzone_defense,9.0283
9,00-0040506,Myles Price,WR,DET,0.0,0.0,0.0,0.0,36.45714285714286,7,plus_redzone_defense,1.2455
9,00-0040648,Tory Horton,WR,WAS,20.8,0.0,2.0,0.5,35.28750000000001,8,plus_redzone_defense,3.0113
9,00-0040667,Matthew Golden,WR,CAR,2.9,8.1,4.666666666666667,0.0,24.900000000000002,8,plus_redzone_defense,8.6257
9,00-0040705,Chimere Dike,WR,LAC,1.5,12.033333333333331,5.666666666666667,0.3333333333333333,27.49,8,plus_redzone_defense,10.5554
9,00-0040727,Tre Harris,WR,TEN,3.8,6.6000000000000005,3.0,0.6666666666666666,35.375,8,plus_redzone_defense,6.0081
9,00-0040729,Jack Bech,WR,JAX,0.0,1.65,1.5,0.0,36.400000000000006,7,plus_redzone_defense,2.9997
9,00-0033307,Kendrick Bourne,WR,NYG,5.4,10.0,5.0,0.3333333333333333,37.662499999999994,8,plus_redzone_defense,8.5056
9,00-0036309,Darnell Mooney,WR,NE,2.5,5.95,4.5,0.5,29.7125,8,plus_redzone_defense,7.446
9,00-0036415,Van Jefferson,WR,LAC,3.1,7.066666666666667,6.0,0.6666666666666666,27.49,8,plus_redzone_defense,9.2244
9,00-0038465,Malik Heath,WR,CAR,2.1,2.95,1.5,0.0,24.900000000000002,8,plus_redzone_defense,4.3819
9,00-0038619,Andrei Iosivas,WR,CHI,18.0,3.1333333333333333,3.6666666666666665,0.6666666666666666,32.44285714285714,7,plus_redzone_defense,5.6412
9,00-0039410,Ryan Flournoy,WR,ARI,9.2,2.6666666666666665,3.0,0.3333333333333333,30.042857142857148,7,plus_redzone_defense,5.1086
9,00-0039739,Roman Wilson,WR,IND,1.4,7.766666666666666,2.6666666666666665,0.0,39.2,8,plus_redzone_defense,5.725
9,00-0040134,Pat Bryant,WR,HOU,4.0,5.933333333333334,3.3333333333333335,0.6666666666666666,26.014285714285712,7,plus_redzone_defense,6.8311
9,00-0036646,Simi Fehoko,WR,DAL,0.0,0.0,0.0,0.0,41.2375,8,plus_redzone_defense,0.8495
9,00-0032775,Demarcus Robinson,WR,NYG,0.0,2.966666666666667,2.3333333333333335,0.3333333333333333,37.662499999999994,8,plus_redzone_defense,4.0412
9,00-0038994,Jordan Addison,WR,DET,8.4,16.7,8.0,2.5,36.45714285714286,7,plus_redzone_defense,13.5004
9,00-0038938,Jalin Hyatt,WR,SF,0.0,2.35,3.0,0.0,32.4125,8,plus_redzone_defense,4.7657
9,00-0040218,Jimmy Horn Jr.,WR,GB,1.8000000000000003,3.3666666666666667,3.0,0.0,33.728571428571435,7,plus_redzone_defense,4.9925
9,00-0040534,Ke'Shawn Williams,WR,IND,0.0,0.0,0.0,0.0,39.2,8,plus_redzone_defense,1.0183
9,00-0040563,Efton Chism III,WR,ATL,0.0,0.0,0.0,0.0,27.24285714285714,7,plus_redzone_defense,2.0089
9,00-0034419,Braxton Berrios,WR,DEN,0.0,4.8500000000000005,4.0,1.0,26.3,8,plus_redzone_defense,7.0268
9,00-0039067,Rashee Rice,WR,BUF,18.6,24.35,10.5,3.5,30.042857142857144,7,plus_redzone_defense,18.6921
9,00-0039491,Jalen Coker,WR,GB,1.9,3.3,3.0,0.0,33.728571428571435,7,plus_redzone_defense,4.9705
10,00-0030035,Adam Thielen,WR,BAL,3.6,1.0,2.0,0.0,38.462500000000006,8,baseline,3.4957
10,00-0030279,Keenan Allen,WR,PIT,3.9000000000000004,14.466666666666667,8.0,0.6666666666666666,41.0375,8,baseline,12.8624
10,00-0030564,DeAndre Hopkins,WR,MIN,3.6,1.2000000000000002,1.0,0.0,29.35,8,baseline,2.6951
10,00-0031381,Davante Adams,WR,SF,19.7,24.75,7.5,3.5,32.77777777777778,9,baseline,15.6302
10,00-0031588,Stefon Diggs,WR,TB,15.600000000000001,12.366666666666667,5.333333333333333,1.6666666666666667,31.8625,8,baseline,9.9081
10,00-0032211,Tyler Lockett,WR,DEN,9.4,1.9,1.5,1.0,26.51111111111111,9,baseline,3.3443
10,00-0032385,Sterling Shepard,WR,NE,6.1,5.65,4.5,1.5,31.0,9,baseline,7.0995
10,00-0032464,Kalif Raymond,WR,WAS,9.9,2.35,2.0,0.0,37.56666666666668,9,baseline,3.9157
10,00-0033555,Mack Hollins,WR,TB,16.6,8.700000000000001,4.0,0.6666666666666666,31.8625,8,baseline,7.6169
10,00-0033572,Jamal Agnew,WR,IND,0.0,0.0,0.0,0.0,36.46666666666667,9,baseline,1.4589
10,00-0034348,Courtland Sutton,WR,LV,5.4,11.799999999999999,7.333333333333333,1.0,37.724999999999994,8,baseline,11.4576
10,00-0034827,DJ Moore,WR,NYG,0.0,14.26,7.666666666666667,1.3333333333333333,36.3111111111111,9,baseline,12.5105
10,00-0034854,KhaDarel Hodge,WR,IND,0.0,2.033333333333333,2.6666666666666665,0.0,36.46666666666667,9,baseline,4.3924
10,00-0035021,Ashton Dulin,WR,ATL,2.2,0.09999999999999998,0.5,0.5,28.3,8,baseline,1.9214
10,00-0035208,Olamide Zaccheaus,WR,NYG,1.5,10.333333333333334,6.333333333333333,1.3333333333333333,36.3111111111111,9,baseline,10.1384
10,00-0035500,Greg Dortch,WR,SEA,6.2,1.7,1.5,0.5,29.0375,8,baseline,3.282
10,00-0035535,Darius Slayton,WR,CHI,12.9,7.8999999999999995,6.0,0.5,37.12500000000001,8,baseline,9.0938
10,00-0035602,Alex Bachman,WR,DEN,0.0,0.0,0.0,0.0,26.51111111111111,9,baseline,1.4589
10,00-0035640,DK Metcalf,WR,LAC,6.5,9.033333333333333,5.333333333333333,1.6666666666666667,25.791111111111107,9,baseline,8.8711
10,00-0035645,Gunner Olszewski,WR,CHI,0.0,3.1333333333333333,0.3333333333333333,0.0,37.12500000000001,8,baseline,2.7213
10,00-0035719,Deebo Samuel Sr.,WR,DET,12.9,6.800000000000001,7.0,1.5,35.3625,8,baseline,9.6144
10,00-0036182,Nick Westbrook-Ikhine,WR,BUF,1.7000000000000002,3.8666666666666667,3.6666666666666665,0.6666666666666666,30.675000000000004,8,baseline,5.8256
10,00-0036252,Michael Pittman,WR,ATL,3.9000000000000004,20.933333333333334,10.0,1.0,28.3,8,baseline,16.6
10,00-0036259,Jauan Jennings,WR,LA,19.1,9.9,6.333333333333333,1.3333333333333333,29.875,8,baseline,10.0036
10,00-0036322,Justin Jefferson,WR,BAL,7.7,14.666666666666666,10.0,1.3333333333333333,38.462500000000006,8,baseline,14.6504
10,00-0036331,Devin Duvernay,WR,NYG,0.0,0.39999999999999997,1.0,0.3333333333333333,36.3111111111111,9,baseline,2.4462
10,00-0036407,Jerry Jeudy,WR,NYJ,19.8,1.85,3.0,1.5,30.449999999999996,8,baseline,4.623
10,00-0036427,Tyler Johnson,WR,CLE,0.0,12.2,4.0,0.5,32.224999999999994,8,baseline,8.7058
10,00-0036550,Rashod Bateman,WR,MIN,2.0,8.200000000000001,4.0,1.0,29.35,8,baseline,7.4614
10,00-0036554,Nico Collins,WR,JAX,20.6,10.6,10.5,0.5,33.4875,8,baseline,13.8166
10,00-0036613,Jaylen Waddle,WR,BUF,19.4,12.533333333333333,6.333333333333333,0.6666666666666666,30.675000000000004,8,baseline,10.8228
10,00-0036626,Dyami Brown,WR,HOU,0.0,6.45,6.0,2.0,25.625,8,baseline,8.6427
10,00-0036630,Tylan Wallace,WR,MIN,0.0,0.8,0.5,0.0,29.35,8,baseline,2.1392
10,00-0036862,Ben Skowronek,WR,LAC,0.0,0.7666666666666666,0.3333333333333333,0.0,25.791111111111107,9,baseline,1.985
10,00-0036912,DeVonta Smith,WR,GB,16.9,23.849999999999998,10.0,0.5,31.675,8,baseline,17.5074
10,00-0036963,Amon-Ra St. Brown,WR,WAS,16.8,19.650000000000002,11.5,1.0,37.56666666666668,9,baseline,17.495
10,00-0036980,Elijah Moore,WR,MIA,2.8,3.1000000000000005,2.5,0.0,25.488888888888887,9,baseline,4.5804
10,00-0037091,Bo Melton,WR,PHI,4.800000000000001,0.0,0.0,0.0,31.5,8,baseline,1.4589
10,00-0037238,Drake London,WR,IND,22.4,23.5,12.0,3.0,36.46666666666667,9,baseline,19.1242
10,00-0037239,Chris Olave,WR,CAR,21.4,16.5,8.0,0.3333333333333333,25.700000000000003,9,baseline,13.495
10,00-0037240,Jameson Williams,WR,WAS,23.9,8.3,4.0,0.5,37.56666666666668,9,baseline,7.4925
10,00-0037261,Khalil Shakir,WR,MIA,12.8,16.05,7.5,0.5,25.488888888888887,9,baseline,12.9236
10,00-0037291,Jalen Nailor,WR,BAL,23.4,2.766666666666667,3.0,0.6666666666666666,38.462500000000006,8,baseline,4.9082
10,00-0037545,Rashid Shaheed,WR,ARI,3.3,12.1,10.0,0.6666666666666666,31.525,8,baseline,13.8519
10,00-0037664,Alec Pierce,WR,ATL,18.4,13.733333333333334,9.333333333333334,0.0,28.3,8,baseline,13.7848
10,00-0037816,Romeo Doubs,WR,PHI,1.5,12.233333333333334,8.0,1.3333333333333333,31.5,8,baseline,12.1676
10,00-0037837,Calvin Austin III,WR,LAC,3.4000000000000004,8.700000000000001,6.0,0.5,25.791111111111107,9,baseline,9.3427
10,00-0038090,Skyy Moore,WR,LA,2.8,1.8666666666666665,1.0,0.0,29.875,8,baseline,2.9025
10,00-0038117,Wan'Dale Robinson,WR,CHI,12.2,12.300000000000002,9.0,0.3333333333333333,37.12500000000001,8,baseline,13.0512
10,00-0038359,Xavier Smith,WR,SF,2.4000000000000004,3.35,3.0,0.5,32.77777777777778,9,baseline,5.0897
10,00-0038496,Xavier Gipson,WR,GB,0.0,0.65,0.5,0.0,31.675,8,baseline,2.0925
10,00-0038543,Jaxon Smith-Njigba,WR,ARI,20.3,24.15,12.0,0.5,31.525,8,baseline,19.3264
10,00-0038544,Quentin Johnston,WR,PIT,9.2,13.15,6.0,2.0,41.0375,8,baseline,10.7271
10,00-0038559,Michael Wilson,WR,SEA,7.4,8.05,4.0,0.5,29.0375,8,baseline,7.4147
10,00-0038563,Tre Tucker,WR,DEN,5.5,7.550000000000001,5.0,0.0,26.51111111111111,9,baseline,8.122
10,00-0038573,Derius Davis,WR,PIT,1.3,0.0,0.0,0.0,41.0375,8,baseline,1.4589
10,00-0038606,Parker Washington,WR,HOU,11.9,13.6,11.0,1.0,25.625,8,baseline,15.1814
10,00-0038621,DeMario Douglas,WR,TB,5.4,10.133333333333333,4.0,1.0,31.8625,8,baseline,8.0629
10,00-0038997,Josh Downs,WR,ATL,1.3,15.3,6.0,1.5,28.3,8,baseline,11.396
10,00-0039064,Zay Flowers,WR,MIN,12.1,12.75,7.5,1.0,29.35,8,baseline,11.8969
10,00-0039342,Xavier Legette,WR,NO,0.0,10.366666666666667,5.666666666666667,1.6666666666666667,31.54444444444444,9,baseline,9.5735
10,00-0039379,Jamari Thrash,WR,NYJ,0.0,4.2,2.5,0.0,30.449999999999996,8,baseline,4.9227
10,00-0039589,Kameron Johnson,WR,NE,1.1,0.0,0.5,0.0,31.0,9,baseline,1.8903
10,00-0039849,Marvin Harrison Jr.,WR,SEA,12.3,15.200000000000001,8.0,1.0,29.0375,8,baseline,13.0906
10,00-0039868,Troy Franklin,WR,LV,15.0,14.699999999999998,10.0,2.3333333333333335,37.724999999999994,8,baseline,14.6607
10,00-0039880,Malik Washington,WR,BUF,9.3,10.233333333333334,6.333333333333333,1.0,30.675000000000004,8,baseline,10.1073
10,00-0039901,Keon Coleman,WR,MIA,13.600000000000001,4.85,3.0,0.0,25.488888888888887,9,baseline,5.5563
10,00-0039915,Ladd McConkey,WR,PIT,20.700000000000003,15.366666666666667,10.333333333333334,1.0,41.0375,8,baseline,15.1558
10,00-0039919,Rome Odunze,WR,NYG,20.6,7.833333333333333,6.333333333333333,0.6666666666666666,36.3111111111111,9,baseline,9.3606
10,00-0040009,Savion Williams,WR,PHI,2.2,3.7000000000000006,1.6666666666666667,1.0,31.5,8,baseline,4.0481
10,00-0040124,Tetairoa McMillan,WR,NO,11.0,10.6,7.0,1.0,31.54444444444444,9,baseline,10.7966
10,00-0040129,Emeka Egbuka,WR,NE,23.5,8.15,10.5,1.5,31.0,9,baseline,13.0544
10,00-0040130,Jayden Higgins,WR,JAX,15.2,4.933333333333334,4.0,1.0,33.4875,8,baseline,6.4451
10,00-0040131,Kyle Williams,WR,TB,14.2,0.0,1.0,0.0,31.8625,8,baseline,2.3217
10,00-0040138,Jaylin Noel,WR,JAX,7.5,7.566666666666666,4.666666666666667,0.6666666666666666,33.4875,8,baseline,7.8396
10,00-0040164,Jaylin Lane,WR,DET,5.1000000000000005,5.3,4.333333333333333,0.3333333333333333,35.3625,8,baseline,6.8468
10,00-0040237,Tez Johnson,WR,NE,20.2,12.55,7.5,0.5,31.0,9,baseline,11.8347
10,00-0040506,Myles Price,WR,BAL,0.0,0.0,0.0,0.0,38.462500000000006,8,baseline,1.4589
10,00-0040582,Arian Smith,WR,CLE,1.3,2.1500000000000004,2.0,0.0,32.224999999999994,8,baseline,3.8535
10,00-0040727,Tre Harris,WR,PIT,2.4,5.633333333333334,2.0,0.3333333333333333,41.0375,8,baseline,4.9372
10,00-0040729,Jack Bech,WR,DEN,0.0,1.65,1.0,0.0,26.51111111111111,9,baseline,2.835
10,00-0040735,Luther Burden III,WR,NYG,8.100000000000001,2.0,2.0,0.0,36.3111111111111,9,baseline,3.8068
10,00-0033307,Kendrick Bourne,WR,LA,2.9000000000000004,5.400000000000001,2.6666666666666665,0.0,29.875,8,baseline,5.4398
10,00-0036309,Darnell Mooney,WR,IND,2.7,4.8,3.6666666666666665,0.3333333333333333,36.46666666666667,9,baseline,6.116
10,00-0039451,Isaiah Williams,WR,CLE,1.4,4.3,2.5,0.0,32.224999999999994,8,baseline,4.9538
10,00-0039739,Roman Wilson,WR,LAC,11.5,7.499999999999999,3.0,0.0,25.791111111111107,9,baseline,6.3807
10,00-0040134,Pat Bryant,WR,LV,5.3,5.866666666666667,3.6666666666666665,0.3333333333333333,37.724999999999994,8,baseline,6.4478
10,00-0035359,David Sills,WR,IND,0.0,1.7000000000000002,2.0,0.0,36.46666666666667,9,baseline,3.7135
10,00-0036646,Simi Fehoko,WR,SEA,0.0,0.0,0.0,0.0,29.0375,8,baseline,1.4589
10,00-0032775,Demarcus Robinson,WR,LA,6.4,0.8333333333333334,1.6666666666666667,0.6666666666666666,29.875,8,baseline,3.1562
10,00-0033282,Curtis Samuel,WR,MIA,3.1,0.8,0.5,0.0,25.488888888888887,9,baseline,2.1392
10,00-0038994,Jordan Addison,WR,BAL,6.5,13.933333333333332,7.0,1.6666666666666667,38.462500000000006,8,baseline,11.8336
10,00-0039920,Malachi Corley,WR,NYJ,3.2,3.4000000000000004,1.5,0.0,30.449999999999996,8,baseline,3.8109
10,00-0040259,Gage Larvadain,WR,NYJ,0.0,0.15000000000000002,1.0,0.0,30.449999999999996,8,baseline,2.3684
10,00-0040534,Ke'Shawn Williams,WR,LAC,0.0,0.0,0.0,0.0,25.791111111111107,9,baseline,1.4589
10,00-0040563,Efton Chism III,WR,TB,0.0,0.0,0.0,0.0,31.8625,8,baseline,1.4589
10,00-0034419,Braxton Berrios,WR,JAX,0.0,3.233333333333334,2.6666666666666665,0.6666666666666666,33.4875,8,baseline,4.7657
10,00-0039491,Jalen Coker,WR,NO,5.1,2.8333333333333335,2.3333333333333335,0.0,31.54444444444444,9,baseline,4.3537
10,00-0038124,Christian Watson,WR,PHI,6.5,10.15,4.0,0.0,31.5,8,baseline,8.068
10,00-0030035,Adam Thielen,WR,BAL,3.6,1.0,2.0,0.0,38.462500000000006,8,plus_defense,3.1489
10,00-0030279,Keenan Allen,WR,PIT,3.9000000000000004,14.466666666666667,8.0,0.6666666666666666,41.0375,8,plus_defense,12.3669
10,00-0030564,DeAndre Hopkins,WR,MIN,3.6,1.2000000000000002,1.0,0.0,29.35,8,plus_defense,2.8659
10,00-0031381,Davante Adams,WR,SF,19.7,24.75,7.5,3.5,32.77777777777778,9,plus_defense,15.5796
10,00-0031588,Stefon Diggs,WR,TB,15.600000000000001,12.366666666666667,5.333333333333333,1.6666666666666667,31.8625,8,plus_defense,9.9303
10,00-0032211,Tyler Lockett,WR,DEN,9.4,1.9,1.5,1.0,26.51111111111111,9,plus_defense,3.6794
10,00-0032385,Sterling Shepard,WR,NE,6.1,5.65,4.5,1.5,31.0,9,plus_defense,7.1841
10,00-0032464,Kalif Raymond,WR,WAS,9.9,2.35,2.0,0.0,37.56666666666668,9,plus_defense,3.6168
10,00-0033555,Mack Hollins,WR,TB,16.6,8.700000000000001,4.0,0.6666666666666666,31.8625,8,plus_defense,7.641
10,00-0033572,Jamal Agnew,WR,IND,0.0,0.0,0.0,0.0,36.46666666666667,9,plus_defense,1.2178
10,00-0034348,Courtland Sutton,WR,LV,5.4,11.799999999999999,7.333333333333333,1.0,37.724999999999994,8,plus_defense,11.1557
10,00-0034827,DJ Moore,WR,NYG,0.0,14.26,7.666666666666667,1.3333333333333333,36.3111111111111,9,plus_defense,12.2854
10,00-0034854,KhaDarel Hodge,WR,IND,0.0,2.033333333333333,2.6666666666666665,0.0,36.46666666666667,9,plus_defense,4.1615
10,00-0035021,Ashton Dulin,WR,ATL,2.2,0.09999999999999998,0.5,0.5,28.3,8,plus_defense,2.1526
10,00-0035208,Olamide Zaccheaus,WR,NYG,1.5,10.333333333333334,6.333333333333333,1.3333333333333333,36.3111111111111,9,plus_defense,9.9159
10,00-0035500,Greg Dortch,WR,SEA,6.2,1.7,1.5,0.5,29.0375,8,plus_defense,3.4725
10,00-0035535,Darius Slayton,WR,CHI,12.9,7.8999999999999995,6.0,0.5,37.12500000000001,8,plus_defense,8.829
10,00-0035602,Alex Bachman,WR,DEN,0.0,0.0,0.0,0.0,26.51111111111111,9,plus_defense,1.7903
10,00-0035640,DK Metcalf,WR,LAC,6.5,9.033333333333333,5.333333333333333,1.6666666666666667,25.791111111111107,9,plus_defense,9.2512
10,00-0035645,Gunner Olszewski,WR,CHI,0.0,3.1333333333333333,0.3333333333333333,0.0,37.12500000000001,8,plus_defense,2.436
10,00-0035719,Deebo Samuel Sr.,WR,DET,12.9,6.800000000000001,7.0,1.5,35.3625,8,plus_defense,9.4597
10,00-0036182,Nick Westbrook-Ikhine,WR,BUF,1.7000000000000002,3.8666666666666667,3.6666666666666665,0.6666666666666666,30.675000000000004,8,plus_defense,5.9288
10,00-0036252,Michael Pittman,WR,ATL,3.9000000000000004,20.933333333333334,10.0,1.0,28.3,8,plus_defense,16.8316
10,00-0036259,Jauan Jennings,WR,LA,19.1,9.9,6.333333333333333,1.3333333333333333,29.875,8,plus_defense,10.1524
10,00-0036322,Justin Jefferson,WR,BAL,7.7,14.666666666666666,10.0,1.3333333333333333,38.462500000000006,8,plus_defense,14.3141
10,00-0036331,Devin Duvernay,WR,NYG,0.0,0.39999999999999997,1.0,0.3333333333333333,36.3111111111111,9,plus_defense,2.2188
10,00-0036407,Jerry Jeudy,WR,NYJ,19.8,1.85,3.0,1.5,30.449999999999996,8,plus_defense,4.7405
10,00-0036427,Tyler Johnson,WR,CLE,0.0,12.2,4.0,0.5,32.224999999999994,8,plus_defense,8.6998
10,00-0036550,Rashod Bateman,WR,MIN,2.0,8.200000000000001,4.0,1.0,29.35,8,plus_defense,7.6312
10,00-0036554,Nico Collins,WR,JAX,20.6,10.6,10.5,0.5,33.4875,8,plus_defense,13.7801
10,00-0036613,Jaylen Waddle,WR,BUF,19.4,12.533333333333333,6.333333333333333,0.6666666666666666,30.675000000000004,8,plus_defense,10.9187
10,00-0036626,Dyami Brown,WR,HOU,0.0,6.45,6.0,2.0,25.625,8,plus_defense,9.043
10,00-0036630,Tylan Wallace,WR,MIN,0.0,0.8,0.5,0.0,29.35,8,plus_defense,2.3082
10,00-0036862,Ben Skowronek,WR,LAC,0.0,0.7666666666666666,0.3333333333333333,0.0,25.791111111111107,9,plus_defense,2.3578
10,00-0036912,DeVonta Smith,WR,GB,16.9,23.849999999999998,10.0,0.5,31.675,8,plus_defense,17.5372
10,00-0036963,Amon-Ra St. Brown,WR,WAS,16.8,19.650000000000002,11.5,1.0,37.56666666666668,9,plus_defense,17.2058
10,00-0036980,Elijah Moore,WR,MIA,2.8,3.1000000000000005,2.5,0.0,25.488888888888887,9,plus_defense,4.9771
10,00-0037091,Bo Melton,WR,PHI,4.800000000000001,0.0,0.0,0.0,31.5,8,plus_defense,1.5034
10,00-0037238,Drake London,WR,IND,22.4,23.5,12.0,3.0,36.46666666666667,9,plus_defense,18.891
10,00-0037239,Chris Olave,WR,CAR,21.4,16.5,8.0,0.3333333333333333,25.700000000000003,9,plus_defense,13.8762
10,00-0037240,Jameson Williams,WR,WAS,23.9,8.3,4.0,0.5,37.56666666666668,9,plus_defense,7.1896
10,00-0037261,Khalil Shakir,WR,MIA,12.8,16.05,7.5,0.5,25.488888888888887,9,plus_defense,13.3152
10,00-0037291,Jalen Nailor,WR,BAL,23.4,2.766666666666667,3.0,0.6666666666666666,38.462500000000006,8,plus_defense,4.5625
10,00-0037545,Rashid Shaheed,WR,ARI,3.3,12.1,10.0,0.6666666666666666,31.525,8,plus_defense,13.9213
10,00-0037664,Alec Pierce,WR,ATL,18.4,13.733333333333334,9.333333333333334,0.0,28.3,8,plus_defense,14.0315
10,00-0037816,Romeo Doubs,WR,PHI,1.5,12.233333333333334,8.0,1.3333333333333333,31.5,8,plus_defense,12.2265
10,00-0037837,Calvin Austin III,WR,LAC,3.4000000000000004,8.700000000000001,6.0,0.5,25.791111111111107,9,plus_defense,9.7275
10,00-0038090,Skyy Moore,WR,LA,2.8,1.8666666666666665,1.0,0.0,29.875,8,plus_defense,3.0414
10,00-0038117,Wan'Dale Robinson,WR,CHI,12.2,12.300000000000002,9.0,0.3333333333333333,37.12500000000001,8,plus_defense,12.7923
10,00-0038359,Xavier Smith,WR,SF,2.4000000000000004,3.35,3.0,0.5,32.77777777777778,9,plus_defense,5.0694
10,00-0038496,Xavier Gipson,WR,GB,0.0,0.65,0.5,0.0,31.675,8,plus_defense,2.1282
10,00-0038543,Jaxon Smith-Njigba,WR,ARI,20.3,24.15,12.0,0.5,31.525,8,plus_defense,19.3757
10,00-0038544,Quentin Johnston,WR,PIT,9.2,13.15,6.0,2.0,41.0375,8,plus_defense,10.2234
10,00-0038559,Michael Wilson,WR,SEA,7.4,8.05,4.0,0.5,29.0375,8,plus_defense,7.6029
10,00-0038563,Tre Tucker,WR,DEN,5.5,7.550000000000001,5.0,0.0,26.51111111111111,9,plus_defense,8.4627
10,00-0038573,Derius Davis,WR,PIT,1.3,0.0,0.0,0.0,41.0375,8,plus_defense,0.955
10,00-0038606,Parker Washington,WR,HOU,11.9,13.6,11.0,1.0,25.625,8,plus_defense,15.592
10,00-0038621,DeMario Douglas,WR,TB,5.4,10.133333333333333,4.0,1.0,31.8625,8,plus_defense,8.0831
10,00-0038997,Josh Downs,WR,ATL,1.3,15.3,6.0,1.5,28.3,8,plus_defense,11.6191
10,00-0039064,Zay Flowers,WR,MIN,12.1,12.75,7.5,1.0,29.35,8,plus_defense,12.0752
10,00-0039342,Xavier Legette,WR,NO,0.0,10.366666666666667,5.666666666666667,1.6666666666666667,31.54444444444444,9,plus_defense,9.6212
10,00-0039379,Jamari Thrash,WR,NYJ,0.0,4.2,2.5,0.0,30.449999999999996,8,plus_defense,5.0311
10,00-0039589,Kameron Johnson,WR,NE,1.1,0.0,0.5,0.0,31.0,9,plus_defense,1.9665
10,00-0039849,Marvin Harrison Jr.,WR,SEA,12.3,15.200000000000001,8.0,1.0,29.0375,8,plus_defense,13.2832
10,00-0039868,Troy Franklin,WR,LV,15.0,14.699999999999998,10.0,2.3333333333333335,37.724999999999994,8,plus_defense,14.3668
10,00-0039880,Malik Washington,WR,BUF,9.3,10.233333333333334,6.333333333333333,1.0,30.675000000000004,8,plus_defense,10.2092
10,00-0039901,Keon Coleman,WR,MIA,13.600000000000001,4.85,3.0,0.0,25.488888888888887,9,plus_defense,5.9512
10,00-0039915,Ladd McConkey,WR,PIT,20.700000000000003,15.366666666666667,10.333333333333334,1.0,41.0375,8,plus_defense,14.6715
10,00-0039919,Rome Odunze,WR,NYG,20.6,7.833333333333333,6.333333333333333,0.6666666666666666,36.3111111111111,9,plus_defense,9.1448
10,00-0040009,Savion Williams,WR,PHI,2.2,3.7000000000000006,1.6666666666666667,1.0,31.5,8,plus_defense,4.0926
10,00-0040124,Tetairoa McMillan,WR,NO,11.0,10.6,7.0,1.0,31.54444444444444,9,plus_defense,10.8514
10,00-0040129,Emeka Egbuka,WR,NE,23.5,8.15,10.5,1.5,31.0,9,plus_defense,13.1674
10,00-0040130,Jayden Higgins,WR,JAX,15.2,4.933333333333334,4.0,1.0,33.4875,8,plus_defense,6.3857
10,00-0040131,Kyle Williams,WR,TB,14.2,0.0,1.0,0.0,31.8625,8,plus_defense,2.3513
10,00-0040138,Jaylin Noel,WR,JAX,7.5,7.566666666666666,4.666666666666667,0.6666666666666666,33.4875,8,plus_defense,7.7771
10,00-0040164,Jaylin Lane,WR,DET,5.1000000000000005,5.3,4.333333333333333,0.3333333333333333,35.3625,8,plus_defense,6.6805
10,00-0040237,Tez Johnson,WR,NE,20.2,12.55,7.5,0.5,31.0,9,plus_defense,11.9186
10,00-0040506,Myles Price,WR,BAL,0.0,0.0,0.0,0.0,38.462500000000006,8,plus_defense,1.103
10,00-0040582,Arian Smith,WR,CLE,1.3,2.1500000000000004,2.0,0.0,32.224999999999994,8,plus_defense,3.8623
10,00-0040727,Tre Harris,WR,PIT,2.4,5.633333333333334,2.0,0.3333333333333333,41.0375,8,plus_defense,4.43
10,00-0040729,Jack Bech,WR,DEN,0.0,1.65,1.0,0.0,26.51111111111111,9,plus_defense,3.168
10,00-0040735,Luther Burden III,WR,NYG,8.100000000000001,2.0,2.0,0.0,36.3111111111111,9,plus_defense,3.5811
10,00-0033307,Kendrick Bourne,WR,LA,2.9000000000000004,5.400000000000001,2.6666666666666665,0.0,29.875,8,plus_defense,5.5791
10,00-0036309,Darnell Mooney,WR,IND,2.7,4.8,3.6666666666666665,0.3333333333333333,36.46666666666667,9,plus_defense,5.8836
10,00-0039451,Isaiah Williams,WR,CLE,1.4,4.3,2.5,0.0,32.224999999999994,8,plus_defense,4.9599
10,00-0039739,Roman Wilson,WR,LAC,11.5,7.499999999999999,3.0,0.0,25.791111111111107,9,plus_defense,6.7513
10,00-0040134,Pat Bryant,WR,LV,5.3,5.866666666666667,3.6666666666666665,0.3333333333333333,37.724999999999994,8,plus_defense,6.1403
10,00-0035359,David Sills,WR,IND,0.0,1.7000000000000002,2.0,0.0,36.46666666666667,9,plus_defense,3.4796
10,00-0036646,Simi Fehoko,WR,SEA,0.0,0.0,0.0,0.0,29.0375,8,plus_defense,1.645
10,00-0032775,Demarcus Robinson,WR,LA,6.4,0.8333333333333334,1.6666666666666667,0.6666666666666666,29.875,8,plus_defense,3.3018
10,00-0033282,Curtis Samuel,WR,MIA,3.1,0.8,0.5,0.0,25.488888888888887,9,plus_defense,2.5302
10,00-0038994,Jordan Addison,WR,BAL,6.5,13.933333333333332,7.0,1.6666666666666667,38.462500000000006,8,plus_defense,11.4818
10,00-0039920,Malachi Corley,WR,NYJ,3.2,3.4000000000000004,1.5,0.0,30.449999999999996,8,plus_defense,3.9156
10,00-0040259,Gage Larvadain,WR,NYJ,0.0,0.15000000000000002,1.0,0.0,30.449999999999996,8,plus_defense,2.4788
10,00-0040534,Ke'Shawn Williams,WR,LAC,0.0,0.0,0.0,0.0,25.791111111111107,9,plus_defense,1.8317
10,00-0040563,Efton Chism III,WR,TB,0.0,0.0,0.0,0.0,31.8625,8,plus_defense,1.4826
10,00-0034419,Braxton Berrios,WR,JAX,0.0,3.233333333333334,2.6666666666666665,0.6666666666666666,33.4875,8,plus_defense,4.703
10,00-0039491,Jalen Coker,WR,NO,5.1,2.8333333333333335,2.3333333333333335,0.0,31.54444444444444,9,plus_defense,4.4018
10,00-0038124,Christian Watson,WR,PHI,6.5,10.15,4.0,0.0,31.5,8,plus_defense,8.1091
10,00-0030035,Adam Thielen,WR,BAL,3.6,1.0,2.0,0.0,38.462500000000006,8,plus_redzone_defense,3.0978
10,00-0030279,Keenan Allen,WR,PIT,3.9000000000000004,14.466666666666667,8.0,0.6666666666666666,41.0375,8,plus_redzone_defense,12.2611
10,00-0030564,DeAndre Hopkins,WR,MIN,3.6,1.2000000000000002,1.0,0.0,29.35,8,plus_redzone_defense,2.8297
10,00-0031381,Davante Adams,WR,SF,19.7,24.75,7.5,3.5,32.77777777777778,9,plus_redzone_defense,16.0986
10,00-0031588,Stefon Diggs,WR,TB,15.600000000000001,12.366666666666667,5.333333333333333,1.6666666666666667,31.8625,8,plus_redzone_defense,10.1341
10,00-0032211,Tyler Lockett,WR,DEN,9.4,1.9,1.5,1.0,26.51111111111111,9,plus_redzone_defense,3.8713
10,00-0032385,Sterling Shepard,WR,NE,6.1,5.65,4.5,1.5,31.0,9,plus_redzone_defense,7.4124
10,00-0032464,Kalif Raymond,WR,WAS,9.9,2.35,2.0,0.0,37.56666666666668,9,plus_redzone_defense,3.5556
10,00-0033555,Mack Hollins,WR,TB,16.6,8.700000000000001,4.0,0.6666666666666666,31.8625,8,plus_redzone_defense,7.6539
10,00-0033572,Jamal Agnew,WR,IND,0.0,0.0,0.0,0.0,36.46666666666667,9,plus_redzone_defense,1.2136
10,00-0034348,Courtland Sutton,WR,LV,5.4,11.799999999999999,7.333333333333333,1.0,37.724999999999994,8,plus_redzone_defense,11.1628
10,00-0034827,DJ Moore,WR,NYG,0.0,14.26,7.666666666666667,1.3333333333333333,36.3111111111111,9,plus_redzone_defense,12.3488
10,00-0034854,KhaDarel Hodge,WR,IND,0.0,2.033333333333333,2.6666666666666665,0.0,36.46666666666667,9,plus_redzone_defense,4.0887
10,00-0035021,Ashton Dulin,WR,ATL,2.2,0.09999999999999998,0.5,0.5,28.3,8,plus_redzone_defense,2.2563
10,00-0035208,Olamide Zaccheaus,WR,NYG,1.5,10.333333333333334,6.333333333333333,1.3333333333333333,36.3111111111111,9,plus_redzone_defense,10.0347
10,00-0035500,Greg Dortch,WR,SEA,6.2,1.7,1.5,0.5,29.0375,8,plus_redzone_defense,3.5447
10,00-0035535,Darius Slayton,WR,CHI,12.9,7.8999999999999995,6.0,0.5,37.12500000000001,8,plus_redzone_defense,8.7687
10,00-0035602,Alex Bachman,WR,DEN,0.0,0.0,0.0,0.0,26.51111111111111,9,plus_redzone_defense,1.7818
10,00-0035640,DK Metcalf,WR,LAC,6.5,9.033333333333333,5.333333333333333,1.6666666666666667,25.791111111111107,9,plus_redzone_defense,9.4766
10,00-0035645,Gunner Olszewski,WR,CHI,0.0,3.1333333333333333,0.3333333333333333,0.0,37.12500000000001,8,plus_redzone_defense,2.4027
10,00-0035719,Deebo Samuel Sr.,WR,DET,12.9,6.800000000000001,7.0,1.5,35.3625,8,plus_redzone_defense,9.631
10,00-0036182,Nick Westbrook-Ikhine,WR,BUF,1.7000000000000002,3.8666666666666667,3.6666666666666665,0.6666666666666666,30.675000000000004,8,plus_redzone_defense,5.9829
10,00-0036252,Michael Pittman,WR,ATL,3.9000000000000004,20.933333333333334,10.0,1.0,28.3,8,plus_redzone_defense,16.7145
10,00-0036259,Jauan Jennings,WR,LA,19.1,9.9,6.333333333333333,1.3333333333333333,29.875,8,plus_redzone_defense,10.2716
10,00-0036322,Justin Jefferson,WR,BAL,7.7,14.666666666666666,10.0,1.3333333333333333,38.462500000000006,8,plus_redzone_defense,14.3283
10,00-0036331,Devin Duvernay,WR,NYG,0.0,0.39999999999999997,1.0,0.3333333333333333,36.3111111111111,9,plus_redzone_defense,2.2729
10,00-0036407,Jerry Jeudy,WR,NYJ,19.8,1.85,3.0,1.5,30.449999999999996,8,plus_redzone_defense,5.0264
10,00-0036427,Tyler Johnson,WR,CLE,0.0,12.2,4.0,0.5,32.224999999999994,8,plus_redzone_defense,8.6467
10,00-0036550,Rashod Bateman,WR,MIN,2.0,8.200000000000001,4.0,1.0,29.35,8,plus_redzone_defense,7.7282
10,00-0036554,Nico Collins,WR,JAX,20.6,10.6,10.5,0.5,33.4875,8,plus_redzone_defense,13.6078
10,00-0036613,Jaylen Waddle,WR,BUF,19.4,12.533333333333333,6.333333333333333,0.6666666666666666,30.675000000000004,8,plus_redzone_defense,10.8561
10,00-0036626,Dyami Brown,WR,HOU,0.0,6.45,6.0,2.0,25.625,8,plus_redzone_defense,9.3551
10,00-0036630,Tylan Wallace,WR,MIN,0.0,0.8,0.5,0.0,29.35,8,plus_redzone_defense,2.285
10,00-0036862,Ben Skowronek,WR,LAC,0.0,0.7666666666666666,0.3333333333333333,0.0,25.791111111111107,9,plus_redzone_defense,2.3367
10,00-0036912,DeVonta Smith,WR,GB,16.9,23.849999999999998,10.0,0.5,31.675,8,plus_redzone_defense,17.2782
10,00-0036963,Amon-Ra St. Brown,WR,WAS,16.8,19.650000000000002,11.5,1.0,37.56666666666668,9,plus_redzone_defense,17.0717
10,00-0036980,Elijah Moore,WR,MIA,2.8,3.1000000000000005,2.5,0.0,25.488888888888887,9,plus_redzone_defense,4.8951
10,00-0037091,Bo Melton,WR,PHI,4.800000000000001,0.0,0.0,0.0,31.5,8,plus_redzone_defense,1.4971
10,00-0037238,Drake London,WR,IND,22.4,23.5,12.0,3.0,36.46666666666667,9,plus_redzone_defense,19.2074
10,00-0037239,Chris Olave,WR,CAR,21.4,16.5,8.0,0.3333333333333333,25.700000000000003,9,plus_redzone_defense,13.6676
10,00-0037240,Jameson Williams,WR,WAS,23.9,8.3,4.0,0.5,37.56666666666668,9,plus_redzone_defense,7.1671
10,00-0037261,Khalil Shakir,WR,MIA,12.8,16.05,7.5,0.5,25.488888888888887,9,plus_redzone_defense,13.1606
10,00-0037291,Jalen Nailor,WR,BAL,23.4,2.766666666666667,3.0,0.6666666666666666,38.462500000000006,8,plus_redzone_defense,4.6415
10,00-0037545,Rashid Shaheed,WR,ARI,3.3,12.1,10.0,0.6666666666666666,31.525,8,plus_redzone_defense,13.7882
10,00-0037664,Alec Pierce,WR,ATL,18.4,13.733333333333334,9.333333333333334,0.0,28.3,8,plus_redzone_defense,13.7356
10,00-0037816,Romeo Doubs,WR,PHI,1.5,12.233333333333334,8.0,1.3333333333333333,31.5,8,plus_redzone_defense,12.2958
10,00-0037837,Calvin Austin III,WR,LAC,3.4000000000000004,8.700000000000001,6.0,0.5,25.791111111111107,9,plus_redzone_defense,9.6566
10,00-0038090,Skyy Moore,WR,LA,2.8,1.8666666666666665,1.0,0.0,29.875,8,plus_redzone_defense,3.0006
10,00-0038117,Wan'Dale Robinson,WR,CHI,12.2,12.300000000000002,9.0,0.3333333333333333,37.12500000000001,8,plus_redzone_defense,12.5988
10,00-0038359,Xavier Smith,WR,SF,2.4000000000000004,3.35,3.0,0.5,32.77777777777778,9,plus_redzone_defense,5.1009
10,00-0038496,Xavier Gipson,WR,GB,0.0,0.65,0.5,0.0,31.675,8,plus_redzone_defense,2.1071
10,00-0038543,Jaxon Smith-Njigba,WR,ARI,20.3,24.15,12.0,0.5,31.525,8,plus_redzone_defense,19.0741
10,00-0038544,Quentin Johnston,WR,PIT,9.2,13.15,6.0,2.0,41.0375,8,plus_redzone_defense,10.4936
10,00-0038559,Michael Wilson,WR,SEA,7.4,8.05,4.0,0.5,29.0375,8,plus_redzone_defense,7.5786
10,00-0038563,Tre Tucker,WR,DEN,5.5,7.550000000000001,5.0,0.0,26.51111111111111,9,plus_redzone_defense,8.2984
10,00-0038573,Derius Davis,WR,PIT,1.3,0.0,0.0,0.0,41.0375,8,plus_redzone_defense,0.9527
10,00-0038606,Parker Washington,WR,HOU,11.9,13.6,11.0,1.0,25.625,8,plus_redzone_defense,15.5067
10,00-0038621,DeMario Douglas,WR,TB,5.4,10.133333333333333,4.0,1.0,31.8625,8,plus_redzone_defense,8.1671
10,00-0038997,Josh Downs,WR,ATL,1.3,15.3,6.0,1.5,28.3,8,plus_redzone_defense,11.746
10,00-0039064,Zay Flowers,WR,MIN,12.1,12.75,7.5,1.0,29.35,8,plus_redzone_defense,12.0684
10,00-0039342,Xavier Legette,WR,NO,0.0,10.366666666666667,5.666666666666667,1.6666666666666667,31.54444444444444,9,plus_redzone_defense,9.8327
10,00-0039379,Jamari Thrash,WR,NYJ,0.0,4.2,2.5,0.0,30.449999999999996,8,plus_redzone_defense,4.9433
10,00-0039589,Kameron Johnson,WR,NE,1.1,0.0,0.5,0.0,31.0,9,plus_redzone_defense,1.9498
10,00-0039849,Marvin Harrison Jr.,WR,SEA,12.3,15.200000000000001,8.0,1.0,29.0375,8,plus_redzone_defense,13.2485
10,00-0039868,Troy Franklin,WR,LV,15.0,14.699999999999998,10.0,2.3333333333333335,37.724999999999994,8,plus_redzone_defense,14.6249
10,00-0039880,Malik Washington,WR,BUF,9.3,10.233333333333334,6.333333333333333,1.0,30.675000000000004,8,plus_redzone_defense,10.2448
10,00-0039901,Keon Coleman,WR,MIA,13.600000000000001,4.85,3.0,0.0,25.488888888888887,9,plus_redzone_defense,5.8465
10,00-0039915,Ladd McConkey,WR,PIT,20.700000000000003,15.366666666666667,10.333333333333334,1.0,41.0375,8,plus_redzone_defense,14.5935
10,00-0039919,Rome Odunze,WR,NYG,20.6,7.833333333333333,6.333333333333333,0.6666666666666666,36.3111111111111,9,plus_redzone_defense,9.1187
10,00-0040009,Savion Williams,WR,PHI,2.2,3.7000000000000006,1.6666666666666667,1.0,31.5,8,plus_redzone_defense,4.2702
10,00-0040124,Tetairoa McMillan,WR,NO,11.0,10.6,7.0,1.0,31.54444444444444,9,plus_redzone_defense,10.8713
10,00-0040129,Emeka Egbuka,WR,NE,23.5,8.15,10.5,1.5,31.0,9,plus_redzone_defense,13.2563
10,00-0040130,Jayden Higgins,WR,JAX,15.2,4.933333333333334,4.0,1.0,33.4875,8,plus_redzone_defense,6.508
10,00-0040131,Kyle Williams,WR,TB,14.2,0.0,1.0,0.0,31.8625,8,plus_redzone_defense,2.3249
10,00-0040138,Jaylin Noel,WR,JAX,7.5,7.566666666666666,4.666666666666667,0.6666666666666666,33.4875,8,plus_redzone_defense,7.7854
10,00-0040164,Jaylin Lane,WR,DET,5.1000000000000005,5.3,4.333333333333333,0.3333333333333333,35.3625,8,plus_redzone_defense,6.6313
10,00-0040237,Tez Johnson,WR,NE,20.2,12.55,7.5,0.5,31.0,9,plus_redzone_defense,11.7917
10,00-0040506,Myles Price,WR,BAL,0.0,0.0,0.0,0.0,38.462500000000006,8,plus_redzone_defense,1.0997
10,00-0040582,Arian Smith,WR,CLE,1.3,2.1500000000000004,2.0,0.0,32.224999999999994,8,plus_redzone_defense,3.8003
10,00-0040727,Tre Harris,WR,PIT,2.4,5.633333333333334,2.0,0.3333333333333333,41.0375,8,plus_redzone_defense,4.428
10,00-0040729,Jack Bech,WR,DEN,0.0,1.65,1.0,0.0,26.51111111111111,9,plus_redzone_defense,3.1273
10,00-0040735,Luther Burden III,WR,NYG,8.100000000000001,2.0,2.0,0.0,36.3111111111111,9,plus_redzone_defense,3.5219
10,00-0033307,Kendrick Bourne,WR,LA,2.9000000000000004,5.400000000000001,2.6666666666666665,0.0,29.875,8,plus_redzone_defense,5.479
10,00-0036309,Darnell Mooney,WR,IND,2.7,4.8,3.6666666666666665,0.3333333333333333,36.46666666666667,9,plus_redzone_defense,5.852
10,00-0039451,Isaiah Williams,WR,CLE,1.4,4.3,2.5,0.0,32.224999999999994,8,plus_redzone_defense,4.8721
10,00-0039739,Roman Wilson,WR,LAC,11.5,7.499999999999999,3.0,0.0,25.791111111111107,9,plus_redzone_defense,6.6275
10,00-0040134,Pat Bryant,WR,LV,5.3,5.866666666666667,3.6666666666666665,0.3333333333333333,37.724999999999994,8,plus_redzone_defense,6.1015
10,00-0035359,David Sills,WR,IND,0.0,1.7000000000000002,2.0,0.0,36.46666666666667,9,plus_redzone_defense,3.4226
10,00-0036646,Simi Fehoko,WR,SEA,0.0,0.0,0.0,0.0,29.0375,8,plus_redzone_defense,1.6376
10,00-0032775,Demarcus Robinson,WR,LA,6.4,0.8333333333333334,1.6666666666666667,0.6666666666666666,29.875,8,plus_redzone_defense,3.418
10,00-0033282,Curtis Samuel,WR,MIA,3.1,0.8,0.5,0.0,25.488888888888887,9,plus_redzone_defense,2.5054
10,00-0038994,Jordan Addison,WR,BAL,6.5,13.933333333333332,7.0,1.6666666666666667,38.462500000000006,8,plus_redzone_defense,11.6435
10,00-0039920,Malachi Corley,WR,NYJ,3.2,3.4000000000000004,1.5,0.0,30.449999999999996,8,plus_redzone_defense,3.8539
10,00-0040259,Gage Larvadain,WR,NYJ,0.0,0.15000000000000002,1.0,0.0,30.449999999999996,8,plus_redzone_defense,2.4507
10,00-0040534,Ke'Shawn Williams,WR,LAC,0.0,0.0,0.0,0.0,25.791111111111107,9,plus_redzone_defense,1.8229
10,00-0040563,Efton Chism III,WR,TB,0.0,0.0,0.0,0.0,31.8625,8,plus_redzone_defense,1.4764
10,00-0034419,Braxton Berrios,WR,JAX,0.0,3.233333333333334,2.6666666666666665,0.6666666666666666,33.4875,8,plus_redzone_defense,4.7832
10,00-0039491,Jalen Coker,WR,NO,5.1,2.8333333333333335,2.3333333333333335,0.0,31.54444444444444,9,plus_redzone_defense,4.3278
10,00-0038124,Christian Watson,WR,PHI,6.5,10.15,4.0,0.0,31.5,8,plus_redzone_defense,7.9484
11,00-0030035,Adam Thielen,WR,CHI,1.6,1.8,2.5,0.0,35.7888888888889,9,baseline,4.2706
11,00-0030279,Keenan Allen,WR,JAX,9.3,6.133333333333333,5.0,0.3333333333333333,34.72222222222222,9,baseline,7.7411
11,00-0030564,DeAndre Hopkins,WR,CLE,2.1,2.0,2.0,0.3333333333333333,29.011111111111106,9,baseline,3.8737
11,00-0031381,Davante Adams,WR,SEA,7.1,21.35,7.5,2.5,28.688888888888886,9,baseline,14.244
11,00-0031588,Stefon Diggs,WR,NYJ,19.5,12.933333333333335,5.666666666666667,1.6666666666666667,29.966666666666665,9,baseline,10.2393
11,00-0032211,Tyler Lockett,WR,DAL,6.300000000000001,4.7,3.5,1.0,40.27777777777778,9,baseline,5.9839
11,00-0032385,Sterling Shepard,WR,BUF,10.100000000000001,3.9499999999999997,3.5,0.5,30.644444444444446,9,baseline,5.7749
11,00-0032464,Kalif Raymond,WR,PHI,0.0,4.95,3.0,0.5,30.533333333333335,9,baseline,5.6009
11,00-0033555,Mack Hollins,WR,NYJ,10.4,11.800000000000002,6.333333333333333,1.0,29.966666666666665,9,baseline,10.527
11,00-0033572,Jamal Agnew,WR,CAR,0.0,0.0,0.0,0.0,25.520000000000003,10,baseline,1.506
11,00-0033857,JuJu Smith-Schuster,WR,DEN,0.0,3.0500000000000003,1.5,0.0,25.490000000000002,10,baseline,3.7137
11,00-0034348,Courtland Sutton,WR,KC,9.9,8.700000000000001,5.333333333333333,0.0,25.566666666666666,9,baseline,8.758
11,00-0034827,DJ Moore,WR,MIN,3.1,11.526666666666666,7.0,1.0,28.055555555555557,9,baseline,11.0543
11,00-0034854,KhaDarel Hodge,WR,CAR,0.0,2.033333333333333,2.6666666666666665,0.0,25.520000000000003,10,baseline,4.4865
11,00-0034960,Jakobi Meyers,WR,LAC,11.4,6.700000000000001,4.5,0.0,25.351999999999997,10,baseline,7.4464
11,00-0035500,Greg Dortch,WR,SF,18.6,3.5500000000000003,1.5,1.0,33.45,10,baseline,3.853
11,00-0035640,DK Metcalf,WR,CIN,9.9,8.533333333333333,6.0,1.6666666666666667,31.04222222222222,9,baseline,9.3151
11,00-0035645,Gunner Olszewski,WR,GB,0.0,3.1333333333333333,1.0,0.6666666666666666,30.400000000000002,9,baseline,3.2843
11,00-0035662,Marquise Brown,WR,DEN,8.0,4.65,2.5,0.0,25.490000000000002,10,baseline,5.0647
11,00-0035719,Deebo Samuel Sr.,WR,MIA,20.7,8.833333333333334,6.333333333333333,2.3333333333333335,26.509999999999998,10,baseline,9.7004
11,00-0035891,Cody White,WR,LA,0.0,6.5,1.0,0.0,30.022222222222222,9,baseline,4.2223
11,00-0036259,Jauan Jennings,WR,ARI,9.4,13.9,7.0,2.0,31.688888888888886,9,baseline,11.7156
11,00-0036322,Justin Jefferson,WR,CHI,11.100000000000001,12.933333333333335,10.666666666666666,1.6666666666666667,35.7888888888889,9,baseline,14.7655
11,00-0036331,Devin Duvernay,WR,MIN,0.0,0.39999999999999997,1.0,0.3333333333333333,28.055555555555557,9,baseline,2.5227
11,00-0036358,CeeDee Lamb,WR,LV,17.6,15.05,11.5,2.0,36.388888888888886,9,baseline,16.1096
11,00-0036407,Jerry Jeudy,WR,BAL,5.1,9.9,7.0,1.0,38.76666666666667,9,baseline,10.6011
11,00-0036410,Tee Higgins,WR,PIT,15.3,21.25,5.5,1.0,40.644444444444446,9,baseline,12.4057
11,00-0036554,Nico Collins,WR,TEN,24.200000000000003,17.55,13.0,4.0,35.31111111111111,9,baseline,18.1641
11,00-0036613,Jaylen Waddle,WR,WAS,8.2,18.166666666666668,7.333333333333333,0.6666666666666666,39.080000000000005,10,baseline,13.2062
11,00-0036626,Dyami Brown,WR,LAC,0.0,2.95,4.5,1.5,25.351999999999997,10,baseline,6.4015
11,00-0036630,Tylan Wallace,WR,CLE,0.0,0.5333333333333333,0.3333333333333333,0.0,29.011111111111106,9,baseline,1.9563
11,00-0036862,Ben Skowronek,WR,CIN,0.0,0.7666666666666666,0.3333333333333333,0.0,31.04222222222222,9,baseline,2.0213
11,00-0036900,Ja'Marr Chase,WR,PIT,6.0,19.1,13.5,2.5,40.644444444444446,9,baseline,19.0486
11,00-0036912,DeVonta Smith,WR,DET,1.8,15.649999999999999,8.0,0.5,34.71111111111111,9,baseline,13.1085
11,00-0036963,Amon-Ra St. Brown,WR,PHI,6.2,17.75,10.5,2.5,30.533333333333335,9,baseline,15.9567
11,00-0037091,Bo Melton,WR,NYG,1.7000000000000002,2.4000000000000004,2.5,0.0,35.699999999999996,10,baseline,4.4378
11,00-0037238,Drake London,WR,CAR,18.9,30.599999999999998,11.0,4.0,25.520000000000003,10,baseline,19.9897
11,00-0037240,Jameson Williams,WR,PHI,19.700000000000003,20.25,6.5,1.0,30.533333333333335,9,baseline,13.0323
11,00-0037247,George Pickens,WR,LV,29.4,14.350000000000001,9.0,0.5,36.388888888888886,9,baseline,13.6515
11,00-0037261,Khalil Shakir,WR,TB,0.7,14.966666666666669,8.0,0.6666666666666666,34.077777777777776,9,baseline,12.9181
11,00-0037291,Jalen Nailor,WR,CHI,2.6,8.666666666666666,3.6666666666666665,0.6666666666666666,35.7888888888889,9,baseline,7.24
11,00-0037545,Rashid Shaheed,WR,LA,4.9,10.533333333333333,8.0,0.6666666666666666,30.022222222222222,9,baseline,11.6828
11,00-0037741,Jahan Dotson,WR,DET,6.3,5.5,1.5,0.0,34.71111111111111,9,baseline,4.3963
11,00-0037801,KaVontae Turpin,WR,LV,1.0,2.05,4.5,0.5,36.388888888888886,9,baseline,6.1508
11,00-0037816,Romeo Doubs,WR,NYG,9.3,8.333333333333334,6.666666666666667,1.3333333333333333,35.699999999999996,10,baseline,9.8628
11,00-0037837,Calvin Austin III,WR,CIN,1.5,6.9333333333333345,6.333333333333333,0.3333333333333333,31.04222222222222,9,baseline,9.171
11,00-0038090,Skyy Moore,WR,ARI,0.0,1.9666666666666668,1.0,0.0,31.688888888888886,9,baseline,2.9592
11,00-0038117,Wan'Dale Robinson,WR,GB,7.6,11.200000000000001,8.666666666666666,0.0,30.400000000000002,9,baseline,12.4721
11,00-0038359,Xavier Smith,WR,SEA,1.8,2.8000000000000003,2.0,0.0,28.688888888888886,9,baseline,4.0966
11,00-0038496,Xavier Gipson,WR,DET,0.0,0.65,0.5,0.0,34.71111111111111,9,baseline,2.1397
11,00-0038519,Nikko Remigio,WR,DEN,0.0,0.0,0.0,0.0,25.490000000000002,10,baseline,1.506
11,00-0038543,Jaxon Smith-Njigba,WR,LA,20.6,21.15,8.0,0.0,30.022222222222222,9,baseline,14.6409
11,00-0038544,Quentin Johnston,WR,JAX,0.0,12.25,8.0,1.0,34.72222222222222,9,baseline,12.1611
11,00-0038559,Michael Wilson,WR,SF,33.5,8.25,5.5,1.5,33.45,10,baseline,8.7835
11,00-0038563,Tre Tucker,WR,DAL,14.7,6.15,4.0,0.0,40.27777777777778,9,baseline,6.8405
11,00-0038573,Derius Davis,WR,JAX,0.0,0.43333333333333335,0.3333333333333333,0.0,34.72222222222222,9,baseline,1.9285
11,00-0038576,Charlie Jones,WR,PIT,0.0,0.0,0.0,0.0,40.644444444444446,9,baseline,1.506
11,00-0038606,Parker Washington,WR,LAC,4.0,14.45,9.0,3.5,25.351999999999997,10,baseline,13.6794
11,00-0038618,Xavier Hutchinson,WR,TEN,7.2,11.95,5.5,0.5,35.31111111111111,9,baseline,9.8144
11,00-0038621,DeMario Douglas,WR,NYJ,6.1,10.366666666666667,4.0,0.6666666666666666,29.966666666666665,9,baseline,8.0154
11,00-0038840,Brycen Tremayne,WR,ATL,3.7,0.9,0.5,0.5,28.022222222222226,9,baseline,2.2094
11,00-0039064,Zay Flowers,WR,CLE,11.3,12.533333333333333,7.333333333333333,1.0,29.011111111111106,9,baseline,11.6366
11,00-0039075,Puka Nacua,WR,SEA,16.3,20.1,7.5,1.5,28.688888888888886,9,baseline,13.8957
11,00-0039342,Xavier Legette,WR,ATL,18.3,2.3000000000000003,2.3333333333333335,0.6666666666666666,28.022222222222226,9,baseline,4.2591
11,00-0039589,Kameron Johnson,WR,BUF,0.0,0.55,1.0,0.0,30.644444444444446,9,baseline,2.5645
11,00-0039868,Troy Franklin,WR,KC,12.4,16.066666666666666,9.666666666666666,1.3333333333333333,25.566666666666666,9,baseline,14.7333
11,00-0039880,Malik Washington,WR,WAS,7.2,10.666666666666666,5.0,1.0,39.080000000000005,10,baseline,9.0042
11,00-0039890,Adonai Mitchell,WR,NE,2.0,0.8500000000000001,1.0,0.0,32.989999999999995,10,baseline,2.6481
11,00-0039894,Xavier Worthy,WR,DEN,5.5,8.15,7.5,0.5,25.490000000000002,10,baseline,10.5661
11,00-0039915,Ladd McConkey,WR,JAX,4.3,17.033333333333335,7.333333333333333,0.6666666666666666,34.72222222222222,9,baseline,12.8904
11,00-0039919,Rome Odunze,WR,MIN,6.1000000000000005,13.0,7.666666666666667,1.3333333333333333,28.055555555555557,9,baseline,12.0683
11,00-0040009,Savion Williams,WR,NYG,4.300000000000001,4.433333333333334,2.3333333333333335,1.0,35.699999999999996,10,baseline,4.8535
11,00-0040075,LaJohntay Wester,WR,CLE,0.0,0.0,0.0,0.0,29.011111111111106,9,baseline,1.506
11,00-0040124,Tetairoa McMillan,WR,ATL,33.0,12.166666666666666,8.0,1.0,28.022222222222226,9,baseline,12.1379
11,00-0040129,Emeka Egbuka,WR,BUF,9.0,15.0,11.0,2.0,30.644444444444446,9,baseline,15.6431
11,00-0040130,Jayden Higgins,WR,TEN,9.5,10.0,5.333333333333333,1.6666666666666667,35.31111111111111,9,baseline,9.1202
11,00-0040131,Kyle Williams,WR,NYJ,0.0,7.1,1.5,0.0,29.966666666666665,9,baseline,4.8421
11,00-0040138,Jaylin Noel,WR,TEN,2.2,6.166666666666667,3.6666666666666665,0.6666666666666666,35.31111111111111,9,baseline,6.5434
11,00-0040164,Jaylin Lane,WR,MIA,2.3,4.0,2.6666666666666665,0.3333333333333333,26.509999999999998,10,baseline,5.0345
11,00-0040170,Elic Ayomanor,WR,HOU,3.1,8.4,7.0,1.0,25.477777777777778,9,baseline,10.1832
11,00-0040237,Tez Johnson,WR,BUF,1.6,14.75,5.5,1.5,30.644444444444446,9,baseline,10.5946
11,00-0040506,Myles Price,WR,CHI,0.0,0.0,0.0,0.0,35.7888888888889,9,baseline,1.506
11,00-0040667,Matthew Golden,WR,NYG,3.4000000000000004,3.15,3.0,0.0,35.699999999999996,10,baseline,5.0994
11,00-0040705,Chimere Dike,WR,HOU,3.4000000000000004,8.95,6.0,1.0,25.477777777777778,9,baseline,9.4312
11,00-0040727,Tre Harris,WR,JAX,2.2,5.000000000000001,2.0,0.3333333333333333,34.72222222222222,9,baseline,4.7096
11,00-0040729,Jack Bech,WR,DAL,2.9000000000000004,0.0,0.5,0.0,40.27777777777778,9,baseline,1.9586
11,00-0040735,Luther Burden III,WR,MIN,5.7,4.500000000000001,2.0,0.0,28.055555555555557,9,baseline,4.5703
11,00-0036309,Darnell Mooney,WR,CAR,6.4,2.433333333333333,4.666666666666667,0.3333333333333333,25.520000000000003,10,baseline,6.4084
11,00-0036415,Van Jefferson,WR,HOU,11.2,2.35,6.0,0.5,25.477777777777778,9,baseline,7.5922
11,00-0038619,Andrei Iosivas,WR,PIT,5.0,9.0,5.5,1.0,40.644444444444446,9,baseline,8.9925
11,00-0038679,Tyrell Shavers,WR,TB,19.0,2.5500000000000003,1.0,0.0,34.077777777777776,9,baseline,3.1217
11,00-0039410,Ryan Flournoy,WR,LV,7.2,5.449999999999999,2.0,0.5,36.388888888888886,9,baseline,4.835
11,00-0039451,Isaiah Williams,WR,NE,1.5999999999999999,5.0,3.0,0.0,32.989999999999995,10,baseline,5.6148
11,00-0039739,Roman Wilson,WR,CIN,2.7,10.1,3.3333333333333335,0.0,31.04222222222222,9,baseline,7.3376
11,00-0040134,Pat Bryant,WR,KC,13.200000000000001,7.1000000000000005,3.0,0.0,25.566666666666666,9,baseline,6.2
11,00-0034775,Christian Kirk,WR,TEN,1.6,3.9499999999999997,5.5,0.5,35.31111111111111,9,baseline,7.5854
11,00-0035359,David Sills,WR,CAR,2.1,1.1333333333333335,1.6666666666666667,0.0,25.520000000000003,10,baseline,3.3305
11,00-0032775,Demarcus Robinson,WR,ARI,2.3,2.966666666666667,2.6666666666666665,0.6666666666666666,31.688888888888886,9,baseline,4.7466
11,00-0033282,Curtis Samuel,WR,TB,3.9000000000000004,1.5666666666666667,0.6666666666666666,0.0,34.077777777777776,9,baseline,2.546
11,00-0038994,Jordan Addison,WR,CHI,10.0,8.833333333333334,6.666666666666667,1.0,35.7888888888889,9,baseline,10.0021
11,00-0039920,Malachi Corley,WR,BAL,2.9,3.1500000000000004,2.0,0.0,38.76666666666667,9,baseline,4.1941
11,00-0040259,Gage Larvadain,WR,BAL,0.0,0.15000000000000002,0.5,0.0,38.76666666666667,9,baseline,2.0004
11,00-0040534,Ke'Shawn Williams,WR,CIN,0.0,0.0,0.0,0.0,31.04222222222222,9,baseline,1.506
11,00-0040563,Efton Chism III,WR,NYJ,0.0,0.0,0.0,0.0,29.966666666666665,9,baseline,1.506
11,00-0039067,Rashee Rice,WR,DEN,9.8,22.05,10.0,2.0,25.490000000000002,10,baseline,16.7022
11,00-0039491,Jalen Coker,WR,ATL,9.2,4.533333333333333,3.0,0.0,28.022222222222226,9,baseline,5.4848
11,00-0038124,Christian Watson,WR,NYG,20.6,8.933333333333334,4.0,0.0,35.699999999999996,10,baseline,7.616
11,00-0036841,Austin Trammell,WR,LAC,2.3,2.6500000000000004,2.0,0.0,25.351999999999997,10,baseline,4.0548
11,00-0030035,Adam Thielen,WR,CHI,1.6,1.8,2.5,0.0,35.7888888888889,9,plus_defense,4.0996
11,00-0030279,Keenan Allen,WR,JAX,9.3,6.133333333333333,5.0,0.3333333333333333,34.72222222222222,9,plus_defense,7.6292
11,00-0030564,DeAndre Hopkins,WR,CLE,2.1,2.0,2.0,0.3333333333333333,29.011111111111106,9,plus_defense,4.0405
11,00-0031381,Davante Adams,WR,SEA,7.1,21.35,7.5,2.5,28.688888888888886,9,plus_defense,14.4139
11,00-0031588,Stefon Diggs,WR,NYJ,19.5,12.933333333333335,5.666666666666667,1.6666666666666667,29.966666666666665,9,plus_defense,10.3541
11,00-0032211,Tyler Lockett,WR,DAL,6.300000000000001,4.7,3.5,1.0,40.27777777777778,9,plus_defense,5.5859
11,00-0032385,Sterling Shepard,WR,BUF,10.100000000000001,3.9499999999999997,3.5,0.5,30.644444444444446,9,plus_defense,5.8642
11,00-0032464,Kalif Raymond,WR,PHI,0.0,4.95,3.0,0.5,30.533333333333335,9,plus_defense,5.6901
11,00-0033555,Mack Hollins,WR,NYJ,10.4,11.800000000000002,6.333333333333333,1.0,29.966666666666665,9,plus_defense,10.6491
11,00-0033572,Jamal Agnew,WR,CAR,0.0,0.0,0.0,0.0,25.520000000000003,10,plus_defense,1.8407
11,00-0033857,JuJu Smith-Schuster,WR,DEN,0.0,3.0500000000000003,1.5,0.0,25.490000000000002,10,plus_defense,4.052
11,00-0034348,Courtland Sutton,WR,KC,9.9,8.700000000000001,5.333333333333333,0.0,25.566666666666666,9,plus_defense,9.1031
11,00-0034827,DJ Moore,WR,MIN,3.1,11.526666666666666,7.0,1.0,28.055555555555557,9,plus_defense,11.2777
11,00-0034854,KhaDarel Hodge,WR,CAR,0.0,2.033333333333333,2.6666666666666665,0.0,25.520000000000003,10,plus_defense,4.8335
11,00-0034960,Jakobi Meyers,WR,LAC,11.4,6.700000000000001,4.5,0.0,25.351999999999997,10,plus_defense,7.802
11,00-0035500,Greg Dortch,WR,SF,18.6,3.5500000000000003,1.5,1.0,33.45,10,plus_defense,3.7889
11,00-0035640,DK Metcalf,WR,CIN,9.9,8.533333333333333,6.0,1.6666666666666667,31.04222222222222,9,plus_defense,9.389
11,00-0035645,Gunner Olszewski,WR,GB,0.0,3.1333333333333333,1.0,0.6666666666666666,30.400000000000002,9,plus_defense,3.3717
11,00-0035662,Marquise Brown,WR,DEN,8.0,4.65,2.5,0.0,25.490000000000002,10,plus_defense,5.4055
11,00-0035719,Deebo Samuel Sr.,WR,MIA,20.7,8.833333333333334,6.333333333333333,2.3333333333333335,26.509999999999998,10,plus_defense,10.0042
11,00-0035891,Cody White,WR,LA,0.0,6.5,1.0,0.0,30.022222222222222,9,plus_defense,4.3203
11,00-0036259,Jauan Jennings,WR,ARI,9.4,13.9,7.0,2.0,31.688888888888886,9,plus_defense,11.7499
11,00-0036322,Justin Jefferson,WR,CHI,11.100000000000001,12.933333333333335,10.666666666666666,1.6666666666666667,35.7888888888889,9,plus_defense,14.6195
11,00-0036331,Devin Duvernay,WR,MIN,0.0,0.39999999999999997,1.0,0.3333333333333333,28.055555555555557,9,plus_defense,2.7352
11,00-0036358,CeeDee Lamb,WR,LV,17.6,15.05,11.5,2.0,36.388888888888886,9,plus_defense,15.9335
11,00-0036407,Jerry Jeudy,WR,BAL,5.1,9.9,7.0,1.0,38.76666666666667,9,plus_defense,10.2889
11,00-0036410,Tee Higgins,WR,PIT,15.3,21.25,5.5,1.0,40.644444444444446,9,plus_defense,11.9603
11,00-0036554,Nico Collins,WR,TEN,24.200000000000003,17.55,13.0,4.0,35.31111111111111,9,plus_defense,18.0457
11,00-0036613,Jaylen Waddle,WR,WAS,8.2,18.166666666666668,7.333333333333333,0.6666666666666666,39.080000000000005,10,plus_defense,12.8594
11,00-0036626,Dyami Brown,WR,LAC,0.0,2.95,4.5,1.5,25.351999999999997,10,plus_defense,6.7666
11,00-0036630,Tylan Wallace,WR,CLE,0.0,0.5333333333333333,0.3333333333333333,0.0,29.011111111111106,9,plus_defense,2.116
11,00-0036862,Ben Skowronek,WR,CIN,0.0,0.7666666666666666,0.3333333333333333,0.0,31.04222222222222,9,plus_defense,2.0781
11,00-0036900,Ja'Marr Chase,WR,PIT,6.0,19.1,13.5,2.5,40.644444444444446,9,plus_defense,18.6608
11,00-0036912,DeVonta Smith,WR,DET,1.8,15.649999999999999,8.0,0.5,34.71111111111111,9,plus_defense,12.9926
11,00-0036963,Amon-Ra St. Brown,WR,PHI,6.2,17.75,10.5,2.5,30.533333333333335,9,plus_defense,16.0623
11,00-0037091,Bo Melton,WR,NYG,1.7000000000000002,2.4000000000000004,2.5,0.0,35.699999999999996,10,plus_defense,4.2698
11,00-0037238,Drake London,WR,CAR,18.9,30.599999999999998,11.0,4.0,25.520000000000003,10,plus_defense,20.3186
11,00-0037240,Jameson Williams,WR,PHI,19.700000000000003,20.25,6.5,1.0,30.533333333333335,9,plus_defense,13.1055
11,00-0037247,George Pickens,WR,LV,29.4,14.350000000000001,9.0,0.5,36.388888888888886,9,plus_defense,13.4608
11,00-0037261,Khalil Shakir,WR,TB,0.7,14.966666666666669,8.0,0.6666666666666666,34.077777777777776,9,plus_defense,12.8358
11,00-0037291,Jalen Nailor,WR,CHI,2.6,8.666666666666666,3.6666666666666665,0.6666666666666666,35.7888888888889,9,plus_defense,7.0592
11,00-0037545,Rashid Shaheed,WR,LA,4.9,10.533333333333333,8.0,0.6666666666666666,30.022222222222222,9,plus_defense,11.8161
11,00-0037741,Jahan Dotson,WR,DET,6.3,5.5,1.5,0.0,34.71111111111111,9,plus_defense,4.2638
11,00-0037801,KaVontae Turpin,WR,LV,1.0,2.05,4.5,0.5,36.388888888888886,9,plus_defense,5.9619
11,00-0037816,Romeo Doubs,WR,NYG,9.3,8.333333333333334,6.666666666666667,1.3333333333333333,35.699999999999996,10,plus_defense,9.7069
11,00-0037837,Calvin Austin III,WR,CIN,1.5,6.9333333333333345,6.333333333333333,0.3333333333333333,31.04222222222222,9,plus_defense,9.2512
11,00-0038090,Skyy Moore,WR,ARI,0.0,1.9666666666666668,1.0,0.0,31.688888888888886,9,plus_defense,2.9846
11,00-0038117,Wan'Dale Robinson,WR,GB,7.6,11.200000000000001,8.666666666666666,0.0,30.400000000000002,9,plus_defense,12.589
11,00-0038359,Xavier Smith,WR,SEA,1.8,2.8000000000000003,2.0,0.0,28.688888888888886,9,plus_defense,4.2776
11,00-0038496,Xavier Gipson,WR,DET,0.0,0.65,0.5,0.0,34.71111111111111,9,plus_defense,2.0129
11,00-0038519,Nikko Remigio,WR,DEN,0.0,0.0,0.0,0.0,25.490000000000002,10,plus_defense,1.8422
11,00-0038543,Jaxon Smith-Njigba,WR,LA,20.6,21.15,8.0,0.0,30.022222222222222,9,plus_defense,14.7474
11,00-0038544,Quentin Johnston,WR,JAX,0.0,12.25,8.0,1.0,34.72222222222222,9,plus_defense,12.0533
11,00-0038559,Michael Wilson,WR,SF,33.5,8.25,5.5,1.5,33.45,10,plus_defense,8.7336
11,00-0038563,Tre Tucker,WR,DAL,14.7,6.15,4.0,0.0,40.27777777777778,9,plus_defense,6.4421
11,00-0038573,Derius Davis,WR,JAX,0.0,0.43333333333333335,0.3333333333333333,0.0,34.72222222222222,9,plus_defense,1.8006
11,00-0038576,Charlie Jones,WR,PIT,0.0,0.0,0.0,0.0,40.644444444444446,9,plus_defense,1.0786
11,00-0038606,Parker Washington,WR,LAC,4.0,14.45,9.0,3.5,25.351999999999997,10,plus_defense,14.0446
11,00-0038618,Xavier Hutchinson,WR,TEN,7.2,11.95,5.5,0.5,35.31111111111111,9,plus_defense,9.6614
11,00-0038621,DeMario Douglas,WR,NYJ,6.1,10.366666666666667,4.0,0.6666666666666666,29.966666666666665,9,plus_defense,8.1259
11,00-0038840,Brycen Tremayne,WR,ATL,3.7,0.9,0.5,0.5,28.022222222222226,9,plus_defense,2.419
11,00-0039064,Zay Flowers,WR,CLE,11.3,12.533333333333333,7.333333333333333,1.0,29.011111111111106,9,plus_defense,11.8114
11,00-0039075,Puka Nacua,WR,SEA,16.3,20.1,7.5,1.5,28.688888888888886,9,plus_defense,14.0688
11,00-0039342,Xavier Legette,WR,ATL,18.3,2.3000000000000003,2.3333333333333335,0.6666666666666666,28.022222222222226,9,plus_defense,4.4771
11,00-0039589,Kameron Johnson,WR,BUF,0.0,0.55,1.0,0.0,30.644444444444446,9,plus_defense,2.6461
11,00-0039868,Troy Franklin,WR,KC,12.4,16.066666666666666,9.666666666666666,1.3333333333333333,25.566666666666666,9,plus_defense,15.088
11,00-0039880,Malik Washington,WR,WAS,7.2,10.666666666666666,5.0,1.0,39.080000000000005,10,plus_defense,8.6613
11,00-0039890,Adonai Mitchell,WR,NE,2.0,0.8500000000000001,1.0,0.0,32.989999999999995,10,plus_defense,2.6108
11,00-0039894,Xavier Worthy,WR,DEN,5.5,8.15,7.5,0.5,25.490000000000002,10,plus_defense,10.9306
11,00-0039915,Ladd McConkey,WR,JAX,4.3,17.033333333333335,7.333333333333333,0.6666666666666666,34.72222222222222,9,plus_defense,12.7661
11,00-0039919,Rome Odunze,WR,MIN,6.1000000000000005,13.0,7.666666666666667,1.3333333333333333,28.055555555555557,9,plus_defense,12.2924
11,00-0040009,Savion Williams,WR,NYG,4.300000000000001,4.433333333333334,2.3333333333333335,1.0,35.699999999999996,10,plus_defense,4.6792
11,00-0040075,LaJohntay Wester,WR,CLE,0.0,0.0,0.0,0.0,29.011111111111106,9,plus_defense,1.6648
11,00-0040124,Tetairoa McMillan,WR,ATL,33.0,12.166666666666666,8.0,1.0,28.022222222222226,9,plus_defense,12.3679
11,00-0040129,Emeka Egbuka,WR,BUF,9.0,15.0,11.0,2.0,30.644444444444446,9,plus_defense,15.7533
11,00-0040130,Jayden Higgins,WR,TEN,9.5,10.0,5.333333333333333,1.6666666666666667,35.31111111111111,9,plus_defense,8.971
11,00-0040131,Kyle Williams,WR,NYJ,0.0,7.1,1.5,0.0,29.966666666666665,9,plus_defense,4.9446
11,00-0040138,Jaylin Noel,WR,TEN,2.2,6.166666666666667,3.6666666666666665,0.6666666666666666,35.31111111111111,9,plus_defense,6.3931
11,00-0040164,Jaylin Lane,WR,MIA,2.3,4.0,2.6666666666666665,0.3333333333333333,26.509999999999998,10,plus_defense,5.3266
11,00-0040170,Elic Ayomanor,WR,HOU,3.1,8.4,7.0,1.0,25.477777777777778,9,plus_defense,10.5444
11,00-0040237,Tez Johnson,WR,BUF,1.6,14.75,5.5,1.5,30.644444444444446,9,plus_defense,10.6696
11,00-0040506,Myles Price,WR,CHI,0.0,0.0,0.0,0.0,35.7888888888889,9,plus_defense,1.3233
11,00-0040667,Matthew Golden,WR,NYG,3.4000000000000004,3.15,3.0,0.0,35.699999999999996,10,plus_defense,4.9327
11,00-0040705,Chimere Dike,WR,HOU,3.4000000000000004,8.95,6.0,1.0,25.477777777777778,9,plus_defense,9.7845
11,00-0040727,Tre Harris,WR,JAX,2.2,5.000000000000001,2.0,0.3333333333333333,34.72222222222222,9,plus_defense,4.581
11,00-0040729,Jack Bech,WR,DAL,2.9000000000000004,0.0,0.5,0.0,40.27777777777778,9,plus_defense,1.553
11,00-0040735,Luther Burden III,WR,MIN,5.7,4.500000000000001,2.0,0.0,28.055555555555557,9,plus_defense,4.7789
11,00-0036309,Darnell Mooney,WR,CAR,6.4,2.433333333333333,4.666666666666667,0.3333333333333333,25.520000000000003,10,plus_defense,6.7674
11,00-0036415,Van Jefferson,WR,HOU,11.2,2.35,6.0,0.5,25.477777777777778,9,plus_defense,7.9622
11,00-0038619,Andrei Iosivas,WR,PIT,5.0,9.0,5.5,1.0,40.644444444444446,9,plus_defense,8.5781
11,00-0038679,Tyrell Shavers,WR,TB,19.0,2.5500000000000003,1.0,0.0,34.077777777777776,9,plus_defense,3.0253
11,00-0039410,Ryan Flournoy,WR,LV,7.2,5.449999999999999,2.0,0.5,36.388888888888886,9,plus_defense,4.6213
11,00-0039451,Isaiah Williams,WR,NE,1.5999999999999999,5.0,3.0,0.0,32.989999999999995,10,plus_defense,5.5801
11,00-0039739,Roman Wilson,WR,CIN,2.7,10.1,3.3333333333333335,0.0,31.04222222222222,9,plus_defense,7.3902
11,00-0040134,Pat Bryant,WR,KC,13.200000000000001,7.1000000000000005,3.0,0.0,25.566666666666666,9,plus_defense,6.5339
11,00-0034775,Christian Kirk,WR,TEN,1.6,3.9499999999999997,5.5,0.5,35.31111111111111,9,plus_defense,7.4526
11,00-0035359,David Sills,WR,CAR,2.1,1.1333333333333335,1.6666666666666667,0.0,25.520000000000003,10,plus_defense,3.6732
11,00-0032775,Demarcus Robinson,WR,ARI,2.3,2.966666666666667,2.6666666666666665,0.6666666666666666,31.688888888888886,9,plus_defense,4.7803
11,00-0033282,Curtis Samuel,WR,TB,3.9000000000000004,1.5666666666666667,0.6666666666666666,0.0,34.077777777777776,9,plus_defense,2.4499
11,00-0038994,Jordan Addison,WR,CHI,10.0,8.833333333333334,6.666666666666667,1.0,35.7888888888889,9,plus_defense,9.8405
11,00-0039920,Malachi Corley,WR,BAL,2.9,3.1500000000000004,2.0,0.0,38.76666666666667,9,plus_defense,3.8665
11,00-0040259,Gage Larvadain,WR,BAL,0.0,0.15000000000000002,0.5,0.0,38.76666666666667,9,plus_defense,1.6705
11,00-0040534,Ke'Shawn Williams,WR,CIN,0.0,0.0,0.0,0.0,31.04222222222222,9,plus_defense,1.5625
11,00-0040563,Efton Chism III,WR,NYJ,0.0,0.0,0.0,0.0,29.966666666666665,9,plus_defense,1.6167
11,00-0039067,Rashee Rice,WR,DEN,9.8,22.05,10.0,2.0,25.490000000000002,10,plus_defense,17.0478
11,00-0039491,Jalen Coker,WR,ATL,9.2,4.533333333333333,3.0,0.0,28.022222222222226,9,plus_defense,5.7016
11,00-0038124,Christian Watson,WR,NYG,20.6,8.933333333333334,4.0,0.0,35.699999999999996,10,plus_defense,7.4413
11,00-0036841,Austin Trammell,WR,LAC,2.3,2.6500000000000004,2.0,0.0,25.351999999999997,10,plus_defense,4.4044
11,00-0030035,Adam Thielen,WR,CHI,1.6,1.8,2.5,0.0,35.7888888888889,9,plus_redzone_defense,4.0276
11,00-0030279,Keenan Allen,WR,JAX,9.3,6.133333333333333,5.0,0.3333333333333333,34.72222222222222,9,plus_redzone_defense,7.5574
11,00-0030564,DeAndre Hopkins,WR,CLE,2.1,2.0,2.0,0.3333333333333333,29.011111111111106,9,plus_redzone_defense,4.0604
11,00-0031381,Davante Adams,WR,SEA,7.1,21.35,7.5,2.5,28.688888888888886,9,plus_redzone_defense,14.7211
11,00-0031588,Stefon Diggs,WR,NYJ,19.5,12.933333333333335,5.666666666666667,1.6666666666666667,29.966666666666665,9,plus_redzone_defense,10.5533
11,00-0032211,Tyler Lockett,WR,DAL,6.300000000000001,4.7,3.5,1.0,40.27777777777778,9,plus_redzone_defense,5.7262
11,00-0032385,Sterling Shepard,WR,BUF,10.100000000000001,3.9499999999999997,3.5,0.5,30.644444444444446,9,plus_redzone_defense,5.8815
11,00-0032464,Kalif Raymond,WR,PHI,0.0,4.95,3.0,0.5,30.533333333333335,9,plus_redzone_defense,5.7092
11,00-0033555,Mack Hollins,WR,NYJ,10.4,11.800000000000002,6.333333333333333,1.0,29.966666666666665,9,plus_redzone_defense,10.6742
11,00-0033572,Jamal Agnew,WR,CAR,0.0,0.0,0.0,0.0,25.520000000000003,10,plus_redzone_defense,1.8309
11,00-0033857,JuJu Smith-Schuster,WR,DEN,0.0,3.0500000000000003,1.5,0.0,25.490000000000002,10,plus_redzone_defense,3.9879
11,00-0034348,Courtland Sutton,WR,KC,9.9,8.700000000000001,5.333333333333333,0.0,25.566666666666666,9,plus_redzone_defense,8.9175
11,00-0034827,DJ Moore,WR,MIN,3.1,11.526666666666666,7.0,1.0,28.055555555555557,9,plus_redzone_defense,11.2915
11,00-0034854,KhaDarel Hodge,WR,CAR,0.0,2.033333333333333,2.6666666666666665,0.0,25.520000000000003,10,plus_redzone_defense,4.7544
11,00-0034960,Jakobi Meyers,WR,LAC,11.4,6.700000000000001,4.5,0.0,25.351999999999997,10,plus_redzone_defense,7.6489
11,00-0035500,Greg Dortch,WR,SF,18.6,3.5500000000000003,1.5,1.0,33.45,10,plus_redzone_defense,3.9769
11,00-0035640,DK Metcalf,WR,CIN,9.9,8.533333333333333,6.0,1.6666666666666667,31.04222222222222,9,plus_redzone_defense,9.6171
11,00-0035645,Gunner Olszewski,WR,GB,0.0,3.1333333333333333,1.0,0.6666666666666666,30.400000000000002,9,plus_redzone_defense,3.4875
11,00-0035662,Marquise Brown,WR,DEN,8.0,4.65,2.5,0.0,25.490000000000002,10,plus_redzone_defense,5.3087
11,00-0035719,Deebo Samuel Sr.,WR,MIA,20.7,8.833333333333334,6.333333333333333,2.3333333333333335,26.509999999999998,10,plus_redzone_defense,10.3922
11,00-0035891,Cody White,WR,LA,0.0,6.5,1.0,0.0,30.022222222222222,9,plus_redzone_defense,4.2392
11,00-0036259,Jauan Jennings,WR,ARI,9.4,13.9,7.0,2.0,31.688888888888886,9,plus_redzone_defense,12.0
11,00-0036322,Justin Jefferson,WR,CHI,11.100000000000001,12.933333333333335,10.666666666666666,1.6666666666666667,35.7888888888889,9,plus_redzone_defense,14.7204
11,00-0036331,Devin Duvernay,WR,MIN,0.0,0.39999999999999997,1.0,0.3333333333333333,28.055555555555557,9,plus_redzone_defense,2.7876
11,00-0036358,CeeDee Lamb,WR,LV,17.6,15.05,11.5,2.0,36.388888888888886,9,plus_redzone_defense,16.0859
11,00-0036407,Jerry Jeudy,WR,BAL,5.1,9.9,7.0,1.0,38.76666666666667,9,plus_redzone_defense,10.3177
11,00-0036410,Tee Higgins,WR,PIT,15.3,21.25,5.5,1.0,40.644444444444446,9,plus_redzone_defense,11.9281
11,00-0036554,Nico Collins,WR,TEN,24.200000000000003,17.55,13.0,4.0,35.31111111111111,9,plus_redzone_defense,18.6574
11,00-0036613,Jaylen Waddle,WR,WAS,8.2,18.166666666666668,7.333333333333333,0.6666666666666666,39.080000000000005,10,plus_redzone_defense,12.7304
11,00-0036626,Dyami Brown,WR,LAC,0.0,2.95,4.5,1.5,25.351999999999997,10,plus_redzone_defense,7.0257
11,00-0036630,Tylan Wallace,WR,CLE,0.0,0.5333333333333333,0.3333333333333333,0.0,29.011111111111106,9,plus_redzone_defense,2.0959
11,00-0036862,Ben Skowronek,WR,CIN,0.0,0.7666666666666666,0.3333333333333333,0.0,31.04222222222222,9,plus_redzone_defense,2.0564
11,00-0036900,Ja'Marr Chase,WR,PIT,6.0,19.1,13.5,2.5,40.644444444444446,9,plus_redzone_defense,18.869
11,00-0036912,DeVonta Smith,WR,DET,1.8,15.649999999999999,8.0,0.5,34.71111111111111,9,plus_redzone_defense,12.8272
11,00-0036963,Amon-Ra St. Brown,WR,PHI,6.2,17.75,10.5,2.5,30.533333333333335,9,plus_redzone_defense,16.3391
11,00-0037091,Bo Melton,WR,NYG,1.7000000000000002,2.4000000000000004,2.5,0.0,35.699999999999996,10,plus_redzone_defense,4.1929
11,00-0037238,Drake London,WR,CAR,18.9,30.599999999999998,11.0,4.0,25.520000000000003,10,plus_redzone_defense,20.8636
11,00-0037240,Jameson Williams,WR,PHI,19.700000000000003,20.25,6.5,1.0,30.533333333333335,9,plus_redzone_defense,13.0596
11,00-0037247,George Pickens,WR,LV,29.4,14.350000000000001,9.0,0.5,36.388888888888886,9,plus_redzone_defense,13.2864
11,00-0037261,Khalil Shakir,WR,TB,0.7,14.966666666666669,8.0,0.6666666666666666,34.077777777777776,9,plus_redzone_defense,12.7183
11,00-0037291,Jalen Nailor,WR,CHI,2.6,8.666666666666666,3.6666666666666665,0.6666666666666666,35.7888888888889,9,plus_redzone_defense,7.0787
11,00-0037545,Rashid Shaheed,WR,LA,4.9,10.533333333333333,8.0,0.6666666666666666,30.022222222222222,9,plus_redzone_defense,11.7335
11,00-0037741,Jahan Dotson,WR,DET,6.3,5.5,1.5,0.0,34.71111111111111,9,plus_redzone_defense,4.1816
11,00-0037801,KaVontae Turpin,WR,LV,1.0,2.05,4.5,0.5,36.388888888888886,9,plus_redzone_defense,5.9756
11,00-0037816,Romeo Doubs,WR,NYG,9.3,8.333333333333334,6.666666666666667,1.3333333333333333,35.699999999999996,10,plus_redzone_defense,9.8393
11,00-0037837,Calvin Austin III,WR,CIN,1.5,6.9333333333333345,6.333333333333333,0.3333333333333333,31.04222222222222,9,plus_redzone_defense,9.1458
11,00-0038090,Skyy Moore,WR,ARI,0.0,1.9666666666666668,1.0,0.0,31.688888888888886,9,plus_redzone_defense,2.9403
11,00-0038117,Wan'Dale Robinson,WR,GB,7.6,11.200000000000001,8.666666666666666,0.0,30.400000000000002,9,plus_redzone_defense,12.318
11,00-0038359,Xavier Smith,WR,SEA,1.8,2.8000000000000003,2.0,0.0,28.688888888888886,9,plus_redzone_defense,4.2062
11,00-0038496,Xavier Gipson,WR,DET,0.0,0.65,0.5,0.0,34.71111111111111,9,plus_redzone_defense,1.9896
11,00-0038519,Nikko Remigio,WR,DEN,0.0,0.0,0.0,0.0,25.490000000000002,10,plus_redzone_defense,1.8324
11,00-0038543,Jaxon Smith-Njigba,WR,LA,20.6,21.15,8.0,0.0,30.022222222222222,9,plus_redzone_defense,14.4097
11,00-0038544,Quentin Johnston,WR,JAX,0.0,12.25,8.0,1.0,34.72222222222222,9,plus_redzone_defense,12.0426
11,00-0038559,Michael Wilson,WR,SF,33.5,8.25,5.5,1.5,33.45,10,plus_redzone_defense,8.9318
11,00-0038563,Tre Tucker,WR,DAL,14.7,6.15,4.0,0.0,40.27777777777778,9,plus_redzone_defense,6.3061
11,00-0038573,Derius Davis,WR,JAX,0.0,0.43333333333333335,0.3333333333333333,0.0,34.72222222222222,9,plus_redzone_defense,1.7823
11,00-0038576,Charlie Jones,WR,PIT,0.0,0.0,0.0,0.0,40.644444444444446,9,plus_redzone_defense,1.0715
11,00-0038606,Parker Washington,WR,LAC,4.0,14.45,9.0,3.5,25.351999999999997,10,plus_redzone_defense,14.6315
11,00-0038618,Xavier Hutchinson,WR,TEN,7.2,11.95,5.5,0.5,35.31111111111111,9,plus_redzone_defense,9.5755
11,00-0038621,DeMario Douglas,WR,NYJ,6.1,10.366666666666667,4.0,0.6666666666666666,29.966666666666665,9,plus_redzone_defense,8.124
11,00-0038840,Brycen Tremayne,WR,ATL,3.7,0.9,0.5,0.5,28.022222222222226,9,plus_redzone_defense,2.5198
11,00-0039064,Zay Flowers,WR,CLE,11.3,12.533333333333333,7.333333333333333,1.0,29.011111111111106,9,plus_redzone_defense,11.8107
11,00-0039075,Puka Nacua,WR,SEA,16.3,20.1,7.5,1.5,28.688888888888886,9,plus_redzone_defense,14.1313
11,00-0039342,Xavier Legette,WR,ATL,18.3,2.3000000000000003,2.3333333333333335,0.6666666666666666,28.022222222222226,9,plus_redzone_defense,4.5727
11,00-0039589,Kameron Johnson,WR,BUF,0.0,0.55,1.0,0.0,30.644444444444446,9,plus_redzone_defense,2.6129
11,00-0039868,Troy Franklin,WR,KC,12.4,16.066666666666666,9.666666666666666,1.3333333333333333,25.566666666666666,9,plus_redzone_defense,15.0968
11,00-0039880,Malik Washington,WR,WAS,7.2,10.666666666666666,5.0,1.0,39.080000000000005,10,plus_redzone_defense,8.7237
11,00-0039890,Adonai Mitchell,WR,NE,2.0,0.8500000000000001,1.0,0.0,32.989999999999995,10,plus_redzone_defense,2.5756
11,00-0039894,Xavier Worthy,WR,DEN,5.5,8.15,7.5,0.5,25.490000000000002,10,plus_redzone_defense,10.8338
11,00-0039915,Ladd McConkey,WR,JAX,4.3,17.033333333333335,7.333333333333333,0.6666666666666666,34.72222222222222,9,plus_redzone_defense,12.6454
11,00-0039919,Rome Odunze,WR,MIN,6.1000000000000005,13.0,7.666666666666667,1.3333333333333333,28.055555555555557,9,plus_redzone_defense,12.366
11,00-0040009,Savion Williams,WR,NYG,4.300000000000001,4.433333333333334,2.3333333333333335,1.0,35.699999999999996,10,plus_redzone_defense,4.844
11,00-0040075,LaJohntay Wester,WR,CLE,0.0,0.0,0.0,0.0,29.011111111111106,9,plus_redzone_defense,1.6556
11,00-0040124,Tetairoa McMillan,WR,ATL,33.0,12.166666666666666,8.0,1.0,28.022222222222226,9,plus_redzone_defense,12.3567
11,00-0040129,Emeka Egbuka,WR,BUF,9.0,15.0,11.0,2.0,30.644444444444446,9,plus_redzone_defense,15.9149
11,00-0040130,Jayden Higgins,WR,TEN,9.5,10.0,5.333333333333333,1.6666666666666667,35.31111111111111,9,plus_redzone_defense,9.2013
11,00-0040131,Kyle Williams,WR,NYJ,0.0,7.1,1.5,0.0,29.966666666666665,9,plus_redzone_defense,4.8488
11,00-0040138,Jaylin Noel,WR,TEN,2.2,6.166666666666667,3.6666666666666665,0.6666666666666666,35.31111111111111,9,plus_redzone_defense,6.4325
11,00-0040164,Jaylin Lane,WR,MIA,2.3,4.0,2.6666666666666665,0.3333333333333333,26.509999999999998,10,plus_redzone_defense,5.3168
11,00-0040170,Elic Ayomanor,WR,HOU,3.1,8.4,7.0,1.0,25.477777777777778,9,plus_redzone_defense,10.5828
11,00-0040237,Tez Johnson,WR,BUF,1.6,14.75,5.5,1.5,30.644444444444446,9,plus_redzone_defense,10.8151
11,00-0040506,Myles Price,WR,CHI,0.0,0.0,0.0,0.0,35.7888888888889,9,plus_redzone_defense,1.3153
11,00-0040667,Matthew Golden,WR,NYG,3.4000000000000004,3.15,3.0,0.0,35.699999999999996,10,plus_redzone_defense,4.8399
11,00-0040705,Chimere Dike,WR,HOU,3.4000000000000004,8.95,6.0,1.0,25.477777777777778,9,plus_redzone_defense,9.8383
11,00-0040727,Tre Harris,WR,JAX,2.2,5.000000000000001,2.0,0.3333333333333333,34.72222222222222,9,plus_redzone_defense,4.5779
11,00-0040729,Jack Bech,WR,DAL,2.9000000000000004,0.0,0.5,0.0,40.27777777777778,9,plus_redzone_defense,1.5358
11,00-0040735,Luther Burden III,WR,MIN,5.7,4.500000000000001,2.0,0.0,28.055555555555557,9,plus_redzone_defense,4.6937
11,00-0036309,Darnell Mooney,WR,CAR,6.4,2.433333333333333,4.666666666666667,0.3333333333333333,25.520000000000003,10,plus_redzone_defense,6.7303
11,00-0036415,Van Jefferson,WR,HOU,11.2,2.35,6.0,0.5,25.477777777777778,9,plus_redzone_defense,7.9417
11,00-0038619,Andrei Iosivas,WR,PIT,5.0,9.0,5.5,1.0,40.644444444444446,9,plus_redzone_defense,8.6443
11,00-0038679,Tyrell Shavers,WR,TB,19.0,2.5500000000000003,1.0,0.0,34.077777777777776,9,plus_redzone_defense,2.9767
11,00-0039410,Ryan Flournoy,WR,LV,7.2,5.449999999999999,2.0,0.5,36.388888888888886,9,plus_redzone_defense,4.6573
11,00-0039451,Isaiah Williams,WR,NE,1.5999999999999999,5.0,3.0,0.0,32.989999999999995,10,plus_redzone_defense,5.4719
11,00-0039739,Roman Wilson,WR,CIN,2.7,10.1,3.3333333333333335,0.0,31.04222222222222,9,plus_redzone_defense,7.2341
11,00-0040134,Pat Bryant,WR,KC,13.200000000000001,7.1000000000000005,3.0,0.0,25.566666666666666,9,plus_redzone_defense,6.4075
11,00-0034775,Christian Kirk,WR,TEN,1.6,3.9499999999999997,5.5,0.5,35.31111111111111,9,plus_redzone_defense,7.4309
11,00-0035359,David Sills,WR,CAR,2.1,1.1333333333333335,1.6666666666666667,0.0,25.520000000000003,10,plus_redzone_defense,3.6212
11,00-0032775,Demarcus Robinson,WR,ARI,2.3,2.966666666666667,2.6666666666666665,0.6666666666666666,31.688888888888886,9,plus_redzone_defense,4.8646
11,00-0033282,Curtis Samuel,WR,TB,3.9000000000000004,1.5666666666666667,0.6666666666666666,0.0,34.077777777777776,9,plus_redzone_defense,2.4158
11,00-0038994,Jordan Addison,WR,CHI,10.0,8.833333333333334,6.666666666666667,1.0,35.7888888888889,9,plus_redzone_defense,9.8839
11,00-0039920,Malachi Corley,WR,BAL,2.9,3.1500000000000004,2.0,0.0,38.76666666666667,9,plus_redzone_defense,3.794
11,00-0040259,Gage Larvadain,WR,BAL,0.0,0.15000000000000002,0.5,0.0,38.76666666666667,9,plus_redzone_defense,1.6519
11,00-0040534,Ke'Shawn Williams,WR,CIN,0.0,0.0,0.0,0.0,31.04222222222222,9,plus_redzone_defense,1.5536
11,00-0040563,Efton Chism III,WR,NYJ,0.0,0.0,0.0,0.0,29.966666666666665,9,plus_redzone_defense,1.6076
11,00-0039067,Rashee Rice,WR,DEN,9.8,22.05,10.0,2.0,25.490000000000002,10,plus_redzone_defense,17.1718
11,00-0039491,Jalen Coker,WR,ATL,9.2,4.533333333333333,3.0,0.0,28.022222222222226,9,plus_redzone_defense,5.5962
11,00-0038124,Christian Watson,WR,NYG,20.6,8.933333333333334,4.0,0.0,35.699999999999996,10,plus_redzone_defense,7.2821
11,00-0036841,Austin Trammell,WR,LAC,2.3,2.6500000000000004,2.0,0.0,25.351999999999997,10,plus_redzone_defense,4.3335
12,00-0030035,Adam Thielen,WR,GB,0.0,2.6,2.5,0.0,29.570000000000004,10,baseline,4.4411
12,00-0030564,DeAndre Hopkins,WR,NYJ,3.3,1.9000000000000001,3.0,0.3333333333333333,30.57,10,baseline,4.6613
12,00-0031381,Davante Adams,WR,TB,23.2,16.6,7.666666666666667,2.3333333333333335,34.1,10,baseline,12.8799
12,00-0031588,Stefon Diggs,WR,CIN,4.0,15.966666666666669,7.666666666666667,0.6666666666666666,29.348000000000003,10,baseline,12.6961
12,00-0032211,Tyler Lockett,WR,CLE,10.2,5.233333333333333,3.3333333333333335,0.6666666666666666,27.449999999999996,10,baseline,5.9111
12,00-0032385,Sterling Shepard,WR,LA,4.2,8.100000000000001,5.5,0.5,30.1,10,baseline,8.578
12,00-0032464,Kalif Raymond,WR,NYG,5.7,3.3000000000000003,2.0,0.3333333333333333,36.199999999999996,11,baseline,4.2208
12,00-0033555,Mack Hollins,WR,CIN,5.0,9.966666666666667,5.666666666666667,0.6666666666666666,29.348000000000003,10,baseline,9.2609
12,00-0033572,Jamal Agnew,WR,NO,0.0,0.0,0.0,0.0,30.0,10,baseline,1.5693
12,00-0033857,JuJu Smith-Schuster,WR,IND,1.8,0.6,0.5,0.0,35.330000000000005,10,baseline,2.1668
12,00-0033908,Cooper Kupp,WR,TEN,4.4,7.3500000000000005,4.5,0.5,36.25,10,baseline,7.5134
12,00-0034827,DJ Moore,WR,PIT,23.4,8.693333333333333,5.333333333333333,0.6666666666666666,39.21,10,baseline,8.6091
12,00-0034960,Jakobi Meyers,WR,ARI,15.0,8.266666666666667,5.0,0.3333333333333333,29.79,10,baseline,8.2029
12,00-0035021,Ashton Dulin,WR,KC,5.800000000000001,1.1,0.5,0.0,26.580000000000002,10,baseline,2.312
12,00-0035208,Olamide Zaccheaus,WR,PIT,1.6,9.65,6.0,1.0,39.21,10,baseline,9.4513
12,00-0035500,Greg Dortch,WR,JAX,16.8,8.566666666666668,3.0,1.3333333333333333,32.83,10,baseline,6.5963
12,00-0035535,Darius Slayton,WR,DET,3.3000000000000003,12.05,5.5,0.5,33.239999999999995,10,baseline,9.7245
12,00-0035602,Alex Bachman,WR,CLE,0.0,0.0,0.0,0.0,27.449999999999996,10,baseline,1.5693
12,00-0035640,DK Metcalf,WR,CHI,14.399999999999999,6.333333333333333,6.333333333333333,1.0,34.74000000000001,10,baseline,8.771
12,00-0035645,Gunner Olszewski,WR,DET,5.32,3.1333333333333333,1.0,0.6666666666666666,33.239999999999995,10,baseline,3.3256
12,00-0035662,Marquise Brown,WR,IND,2.0,8.65,4.0,0.0,35.330000000000005,10,baseline,7.4673
12,00-0035676,A.J. Brown,WR,DAL,25.0,7.6,7.0,1.5,38.64,10,baseline,9.7032
12,00-0035891,Cody White,WR,TEN,0.0,4.333333333333333,0.6666666666666666,0.0,36.25,10,baseline,3.3916
12,00-0036252,Michael Pittman,WR,KC,13.7,12.2,7.0,0.0,26.580000000000002,10,baseline,11.0383
12,00-0036259,Jauan Jennings,WR,CAR,15.100000000000001,14.200000000000001,6.666666666666667,2.0,25.69090909090909,11,baseline,11.3365
12,00-0036322,Justin Jefferson,WR,GB,8.8,11.833333333333334,10.0,1.6666666666666667,29.570000000000004,10,baseline,13.4725
12,00-0036331,Devin Duvernay,WR,PIT,0.0,0.0,0.0,0.0,39.21,10,baseline,1.5693
12,00-0036358,CeeDee Lamb,WR,PHI,11.5,16.55,9.5,2.0,30.07,10,baseline,14.418
12,00-0036407,Jerry Jeudy,WR,LV,4.9,12.45,9.5,0.5,38.269999999999996,10,baseline,13.228
12,00-0036410,Tee Higgins,WR,NE,8.1,23.200000000000003,8.5,1.5,31.545454545454547,11,baseline,15.5012
12,00-0036554,Nico Collins,WR,BUF,8.5,19.76666666666667,12.0,3.0,29.65,10,baseline,17.4688
12,00-0036630,Tylan Wallace,WR,NYJ,0.0,0.0,0.3333333333333333,0.0,30.57,10,baseline,1.8516
12,00-0036862,Ben Skowronek,WR,CHI,3.1,0.0,0.0,0.0,34.74000000000001,10,baseline,1.5693
12,00-0036912,DeVonta Smith,WR,DAL,14.9,9.35,6.0,0.0,38.64,10,baseline,9.3642
12,00-0036963,Amon-Ra St. Brown,WR,NYG,29.9,13.9,11.0,2.0,36.199999999999996,11,baseline,14.9192
12,00-0036980,Elijah Moore,WR,HOU,0.7,3.3,2.0,0.0,25.17,10,baseline,4.2208
12,00-0037239,Chris Olave,WR,ATL,16.0,15.049999999999999,6.0,0.5,31.640000000000004,10,baseline,11.0186
12,00-0037240,Jameson Williams,WR,NYG,0.0,20.066666666666666,7.0,1.0,36.199999999999996,11,baseline,13.3215
12,00-0037247,George Pickens,WR,PHI,29.6,21.65,10.0,1.0,30.07,10,baseline,16.3217
12,00-0037261,Khalil Shakir,WR,HOU,19.0,8.266666666666667,6.666666666666667,0.3333333333333333,25.17,10,baseline,9.6144
12,00-0037291,Jalen Nailor,WR,GB,0.0,9.533333333333333,3.6666666666666665,0.6666666666666666,29.570000000000004,10,baseline,7.4414
12,00-0037545,Rashid Shaheed,WR,TEN,0.5,6.666666666666667,6.0,0.6666666666666666,36.25,10,baseline,8.5854
12,00-0037614,John Metchie III,WR,BAL,18.5,7.05,2.5,0.0,36.59,10,baseline,5.7326
12,00-0037664,Alec Pierce,WR,KC,3.6,17.95,10.0,0.0,26.580000000000002,10,baseline,15.2478
12,00-0037741,Jahan Dotson,WR,DAL,0.0,3.15,1.5,0.0,38.64,10,baseline,3.7538
12,00-0037801,KaVontae Turpin,WR,PHI,6.200000000000001,2.15,3.0,0.5,30.07,10,baseline,4.7339
12,00-0037816,Romeo Doubs,WR,MIN,4.300000000000001,8.966666666666667,7.333333333333333,1.0,26.74,10,baseline,10.3821
12,00-0037837,Calvin Austin III,WR,CHI,7.6,5.166666666666667,4.666666666666667,0.3333333333333333,34.74000000000001,10,baseline,7.0209
12,00-0038090,Skyy Moore,WR,CAR,0.0,1.9666666666666668,0.6666666666666666,0.0,25.69090909090909,11,baseline,2.7046
12,00-0038104,Tyquan Thornton,WR,IND,0.0,3.5500000000000003,1.5,0.0,35.330000000000005,10,baseline,3.8699
12,00-0038117,Wan'Dale Robinson,WR,DET,30.6,11.133333333333333,10.333333333333334,0.3333333333333333,33.239999999999995,10,baseline,13.5516
12,00-0038393,Dontayvion Wicks,WR,MIN,5.2,4.8500000000000005,5.0,0.0,26.74,10,baseline,7.2113
12,00-0038496,Xavier Gipson,WR,DAL,1.3,0.0,0.0,0.0,38.64,10,baseline,1.5693
12,00-0038519,Nikko Remigio,WR,IND,0.0,0.0,0.0,0.0,35.330000000000005,10,baseline,1.5693
12,00-0038543,Jaxon Smith-Njigba,WR,TEN,37.1,20.966666666666665,9.666666666666666,0.6666666666666666,36.25,10,baseline,15.8411
12,00-0038559,Michael Wilson,WR,JAX,21.8,16.666666666666668,9.666666666666666,1.0,32.83,10,baseline,14.593
12,00-0038563,Tre Tucker,WR,CLE,5.800000000000001,9.0,5.333333333333333,0.6666666666666666,27.449999999999996,10,baseline,8.6981
12,00-0038576,Charlie Jones,WR,NE,0.0,0.0,0.0,0.0,31.545454545454547,11,baseline,1.5693
12,00-0038606,Parker Washington,WR,ARI,18.1,10.966666666666667,6.666666666666667,2.3333333333333335,29.79,10,baseline,10.398
12,00-0038618,Xavier Hutchinson,WR,BUF,0.9,6.6,5.0,0.0,29.65,10,baseline,7.7192
12,00-0038621,DeMario Douglas,WR,CIN,6.1000000000000005,10.5,4.333333333333333,0.3333333333333333,29.348000000000003,10,baseline,8.2866
12,00-0038840,Brycen Tremayne,WR,SF,0.0,2.75,1.5,0.5,35.6,11,baseline,3.6377
12,00-0038979,Cedric Tillman,WR,LV,1.5,5.6499999999999995,4.0,0.5,38.269999999999996,10,baseline,6.5966
12,00-0038997,Josh Downs,WR,KC,3.0,9.5,5.5,1.0,26.580000000000002,10,baseline,8.9843
12,00-0039064,Zay Flowers,WR,NYJ,11.9,11.6,6.0,0.6666666666666666,30.57,10,baseline,10.0173
12,00-0039075,Puka Nacua,WR,TB,16.700000000000003,18.833333333333332,8.333333333333334,1.0,34.1,10,baseline,14.0927
12,00-0039342,Xavier Legette,WR,SF,5.2,7.166666666666667,4.0,0.6666666666666666,35.6,11,baseline,7.0368
12,00-0039589,Kameron Johnson,WR,LA,0.0,0.55,1.0,0.0,30.1,10,baseline,2.5758
12,00-0039890,Adonai Mitchell,WR,BAL,6.2,1.85,3.5,0.5,36.59,10,baseline,5.0703
12,00-0039894,Xavier Worthy,WR,IND,9.9,5.75,6.5,0.0,35.330000000000005,10,baseline,8.7428
12,00-0039919,Rome Odunze,WR,PIT,8.3,8.9,6.333333333333333,1.3333333333333333,39.21,10,baseline,9.5159
12,00-0040009,Savion Williams,WR,MIN,0.0,3.233333333333334,2.0,0.6666666666666666,26.74,10,baseline,4.2014
12,00-0040075,LaJohntay Wester,WR,NYJ,0.0,0.0,0.0,0.0,30.57,10,baseline,1.5693
12,00-0040124,Tetairoa McMillan,WR,SF,11.5,17.533333333333335,8.666666666666666,1.6666666666666667,35.6,11,baseline,13.9977
12,00-0040129,Emeka Egbuka,WR,LA,6.2,16.25,11.0,2.0,30.1,10,baseline,15.6013
12,00-0040130,Jayden Higgins,WR,BUF,13.8,8.7,5.0,1.0,29.65,10,baseline,8.3287
12,00-0040131,Kyle Williams,WR,CIN,2.8,4.733333333333333,2.0,0.0,29.348000000000003,10,baseline,4.6368
12,00-0040138,Jaylin Noel,WR,BUF,1.9,3.1333333333333333,2.0,0.6666666666666666,29.65,10,baseline,4.1724
12,00-0040154,Tai Felton,WR,GB,0.0,0.0,0.0,0.0,29.570000000000004,10,baseline,1.5693
12,00-0040237,Tez Johnson,WR,LA,12.3,10.9,5.5,2.5,30.1,10,baseline,9.3907
12,00-0040506,Myles Price,WR,GB,0.0,0.0,0.0,0.0,29.570000000000004,10,baseline,1.5693
12,00-0040669,Isaac TeSlaa,WR,NYG,0.0,1.05,1.0,0.0,36.199999999999996,11,baseline,2.7209
12,00-0040705,Chimere Dike,WR,SEA,15.4,2.45,3.0,0.5,28.53,10,baseline,4.821
12,00-0040735,Luther Burden III,WR,PIT,9.100000000000001,6.9,4.0,0.0,39.21,10,baseline,6.9594
12,00-0036309,Darnell Mooney,WR,NO,16.4,3.866666666666667,5.666666666666667,0.0,30.0,10,baseline,7.4905
12,00-0036415,Van Jefferson,WR,SEA,2.1,7.1499999999999995,5.5,0.5,28.53,10,baseline,8.3023
12,00-0038619,Andrei Iosivas,WR,NE,10.600000000000001,11.5,6.0,1.0,31.545454545454547,11,baseline,9.9883
12,00-0039410,Ryan Flournoy,WR,PHI,0.0,8.2,1.5,1.0,30.07,10,baseline,5.2195
12,00-0039451,Isaiah Williams,WR,BAL,0.0,1.5,3.5,0.5,36.59,10,baseline,4.9687
12,00-0039739,Roman Wilson,WR,CHI,0.0,5.2,2.3333333333333335,0.3333333333333333,34.74000000000001,10,baseline,5.0545
12,00-0034775,Christian Kirk,WR,BUF,16.4,3.1666666666666665,5.0,1.0,29.65,10,baseline,6.7227
12,00-0035359,David Sills,WR,NO,9.6,0.7000000000000001,1.3333333333333333,0.0,30.0,10,baseline,2.9016
12,00-0032775,Demarcus Robinson,WR,CAR,1.8,2.9,2.3333333333333335,0.3333333333333333,25.69090909090909,11,baseline,4.387
12,00-0038994,Jordan Addison,WR,GB,0.0,8.299999999999999,7.666666666666667,1.0,29.570000000000004,10,baseline,10.4709
12,00-0039920,Malachi Corley,WR,LV,1.2,3.05,2.5,0.0,38.269999999999996,10,baseline,4.5717
12,00-0040259,Gage Larvadain,WR,LV,0.0,0.0,0.5,0.0,38.269999999999996,10,baseline,1.9927
12,00-0040534,Ke'Shawn Williams,WR,CHI,0.0,0.0,0.0,0.0,34.74000000000001,10,baseline,1.5693
12,00-0036176,Mason Kinsey,WR,SEA,0.0,1.2000000000000002,1.5,0.0,28.53,10,baseline,3.1879
12,00-0039067,Rashee Rice,WR,IND,22.1,14.200000000000001,9.0,2.0,35.330000000000005,10,baseline,13.3125
12,00-0039491,Jalen Coker,WR,SF,6.2,5.3999999999999995,3.0,0.3333333333333333,35.6,11,baseline,5.6772
12,00-0038124,Christian Watson,WR,MIN,9.9,11.633333333333335,4.333333333333333,0.6666666666666666,26.74,10,baseline,8.6155
12,00-0036841,Austin Trammell,WR,ARI,0.0,2.5333333333333337,1.6666666666666667,0.0,29.79,10,baseline,3.716
12,00-0030035,Adam Thielen,WR,GB,0.0,2.6,2.5,0.0,29.570000000000004,10,plus_defense,4.5531
12,00-0030564,DeAndre Hopkins,WR,NYJ,3.3,1.9000000000000001,3.0,0.3333333333333333,30.57,10,plus_defense,4.7352
12,00-0031381,Davante Adams,WR,TB,23.2,16.6,7.666666666666667,2.3333333333333335,34.1,10,plus_defense,12.8036
12,00-0031588,Stefon Diggs,WR,CIN,4.0,15.966666666666669,7.666666666666667,0.6666666666666666,29.348000000000003,10,plus_defense,12.8181
12,00-0032211,Tyler Lockett,WR,CLE,10.2,5.233333333333333,3.3333333333333335,0.6666666666666666,27.449999999999996,10,plus_defense,6.1104
12,00-0032385,Sterling Shepard,WR,LA,4.2,8.100000000000001,5.5,0.5,30.1,10,plus_defense,8.6722
12,00-0032464,Kalif Raymond,WR,NYG,5.7,3.3000000000000003,2.0,0.3333333333333333,36.199999999999996,11,plus_defense,4.0542
12,00-0033555,Mack Hollins,WR,CIN,5.0,9.966666666666667,5.666666666666667,0.6666666666666666,29.348000000000003,10,plus_defense,9.384
12,00-0033572,Jamal Agnew,WR,NO,0.0,0.0,0.0,0.0,30.0,10,plus_defense,1.6566
12,00-0033857,JuJu Smith-Schuster,WR,IND,1.8,0.6,0.5,0.0,35.330000000000005,10,plus_defense,2.0342
12,00-0033908,Cooper Kupp,WR,TEN,4.4,7.3500000000000005,4.5,0.5,36.25,10,plus_defense,7.3491
12,00-0034827,DJ Moore,WR,PIT,23.4,8.693333333333333,5.333333333333333,0.6666666666666666,39.21,10,plus_defense,8.3233
12,00-0034960,Jakobi Meyers,WR,ARI,15.0,8.266666666666667,5.0,0.3333333333333333,29.79,10,plus_defense,8.3075
12,00-0035021,Ashton Dulin,WR,KC,5.800000000000001,1.1,0.5,0.0,26.580000000000002,10,plus_defense,2.5417
12,00-0035208,Olamide Zaccheaus,WR,PIT,1.6,9.65,6.0,1.0,39.21,10,plus_defense,9.1669
12,00-0035500,Greg Dortch,WR,JAX,16.8,8.566666666666668,3.0,1.3333333333333333,32.83,10,plus_defense,6.5653
12,00-0035535,Darius Slayton,WR,DET,3.3000000000000003,12.05,5.5,0.5,33.239999999999995,10,plus_defense,9.6817
12,00-0035602,Alex Bachman,WR,CLE,0.0,0.0,0.0,0.0,27.449999999999996,10,plus_defense,1.7625
12,00-0035640,DK Metcalf,WR,CHI,14.399999999999999,6.333333333333333,6.333333333333333,1.0,34.74000000000001,10,plus_defense,8.6791
12,00-0035645,Gunner Olszewski,WR,DET,5.32,3.1333333333333333,1.0,0.6666666666666666,33.239999999999995,10,plus_defense,3.2777
12,00-0035662,Marquise Brown,WR,IND,2.0,8.65,4.0,0.0,35.330000000000005,10,plus_defense,7.3368
12,00-0035676,A.J. Brown,WR,DAL,25.0,7.6,7.0,1.5,38.64,10,plus_defense,9.4502
12,00-0035891,Cody White,WR,TEN,0.0,4.333333333333333,0.6666666666666666,0.0,36.25,10,plus_defense,3.2153
12,00-0036252,Michael Pittman,WR,KC,13.7,12.2,7.0,0.0,26.580000000000002,10,plus_defense,11.2784
12,00-0036259,Jauan Jennings,WR,CAR,15.100000000000001,14.200000000000001,6.666666666666667,2.0,25.69090909090909,11,plus_defense,11.6088
12,00-0036322,Justin Jefferson,WR,GB,8.8,11.833333333333334,10.0,1.6666666666666667,29.570000000000004,10,plus_defense,13.6024
12,00-0036331,Devin Duvernay,WR,PIT,0.0,0.0,0.0,0.0,39.21,10,plus_defense,1.2743
12,00-0036358,CeeDee Lamb,WR,PHI,11.5,16.55,9.5,2.0,30.07,10,plus_defense,14.5171
12,00-0036407,Jerry Jeudy,WR,LV,4.9,12.45,9.5,0.5,38.269999999999996,10,plus_defense,12.9935
12,00-0036410,Tee Higgins,WR,NE,8.1,23.200000000000003,8.5,1.5,31.545454545454547,11,plus_defense,15.5237
12,00-0036554,Nico Collins,WR,BUF,8.5,19.76666666666667,12.0,3.0,29.65,10,plus_defense,17.5911
12,00-0036630,Tylan Wallace,WR,NYJ,0.0,0.0,0.3333333333333333,0.0,30.57,10,plus_defense,1.9167
12,00-0036862,Ben Skowronek,WR,CHI,3.1,0.0,0.0,0.0,34.74000000000001,10,plus_defense,1.4599
12,00-0036912,DeVonta Smith,WR,DAL,14.9,9.35,6.0,0.0,38.64,10,plus_defense,9.104
12,00-0036963,Amon-Ra St. Brown,WR,NYG,29.9,13.9,11.0,2.0,36.199999999999996,11,plus_defense,14.7748
12,00-0036980,Elijah Moore,WR,HOU,0.7,3.3,2.0,0.0,25.17,10,plus_defense,4.5121
12,00-0037239,Chris Olave,WR,ATL,16.0,15.049999999999999,6.0,0.5,31.640000000000004,10,plus_defense,11.0396
12,00-0037240,Jameson Williams,WR,NYG,0.0,20.066666666666666,7.0,1.0,36.199999999999996,11,plus_defense,13.1493
12,00-0037247,George Pickens,WR,PHI,29.6,21.65,10.0,1.0,30.07,10,plus_defense,16.4146
12,00-0037261,Khalil Shakir,WR,HOU,19.0,8.266666666666667,6.666666666666667,0.3333333333333333,25.17,10,plus_defense,9.9181
12,00-0037291,Jalen Nailor,WR,GB,0.0,9.533333333333333,3.6666666666666665,0.6666666666666666,29.570000000000004,10,plus_defense,7.5471
12,00-0037545,Rashid Shaheed,WR,TEN,0.5,6.666666666666667,6.0,0.6666666666666666,36.25,10,plus_defense,8.4288
12,00-0037614,John Metchie III,WR,BAL,18.5,7.05,2.5,0.0,36.59,10,plus_defense,5.5458
12,00-0037664,Alec Pierce,WR,KC,3.6,17.95,10.0,0.0,26.580000000000002,10,plus_defense,15.4917
12,00-0037741,Jahan Dotson,WR,DAL,0.0,3.15,1.5,0.0,38.64,10,plus_defense,3.4839
12,00-0037801,KaVontae Turpin,WR,PHI,6.200000000000001,2.15,3.0,0.5,30.07,10,plus_defense,4.8281
12,00-0037816,Romeo Doubs,WR,MIN,4.300000000000001,8.966666666666667,7.333333333333333,1.0,26.74,10,plus_defense,10.6225
12,00-0037837,Calvin Austin III,WR,CHI,7.6,5.166666666666667,4.666666666666667,0.3333333333333333,34.74000000000001,10,plus_defense,6.9236
12,00-0038090,Skyy Moore,WR,CAR,0.0,1.9666666666666668,0.6666666666666666,0.0,25.69090909090909,11,plus_defense,2.9706
12,00-0038104,Tyquan Thornton,WR,IND,0.0,3.5500000000000003,1.5,0.0,35.330000000000005,10,plus_defense,3.7368
12,00-0038117,Wan'Dale Robinson,WR,DET,30.6,11.133333333333333,10.333333333333334,0.3333333333333333,33.239999999999995,10,plus_defense,13.5317
12,00-0038393,Dontayvion Wicks,WR,MIN,5.2,4.8500000000000005,5.0,0.0,26.74,10,plus_defense,7.4481
12,00-0038496,Xavier Gipson,WR,DAL,1.3,0.0,0.0,0.0,38.64,10,plus_defense,1.298
12,00-0038519,Nikko Remigio,WR,IND,0.0,0.0,0.0,0.0,35.330000000000005,10,plus_defense,1.4354
12,00-0038543,Jaxon Smith-Njigba,WR,TEN,37.1,20.966666666666665,9.666666666666666,0.6666666666666666,36.25,10,plus_defense,15.677
12,00-0038559,Michael Wilson,WR,JAX,21.8,16.666666666666668,9.666666666666666,1.0,32.83,10,plus_defense,14.5781
12,00-0038563,Tre Tucker,WR,CLE,5.800000000000001,9.0,5.333333333333333,0.6666666666666666,27.449999999999996,10,plus_defense,8.9
12,00-0038576,Charlie Jones,WR,NE,0.0,0.0,0.0,0.0,31.545454545454547,11,plus_defense,1.5925
12,00-0038606,Parker Washington,WR,ARI,18.1,10.966666666666667,6.666666666666667,2.3333333333333335,29.79,10,plus_defense,10.5055
12,00-0038618,Xavier Hutchinson,WR,BUF,0.9,6.6,5.0,0.0,29.65,10,plus_defense,7.8323
12,00-0038621,DeMario Douglas,WR,CIN,6.1000000000000005,10.5,4.333333333333333,0.3333333333333333,29.348000000000003,10,plus_defense,8.4028
12,00-0038840,Brycen Tremayne,WR,SF,0.0,2.75,1.5,0.5,35.6,11,plus_defense,3.4947
12,00-0038979,Cedric Tillman,WR,LV,1.5,5.6499999999999995,4.0,0.5,38.269999999999996,10,plus_defense,6.349
12,00-0038997,Josh Downs,WR,KC,3.0,9.5,5.5,1.0,26.580000000000002,10,plus_defense,9.2223
12,00-0039064,Zay Flowers,WR,NYJ,11.9,11.6,6.0,0.6666666666666666,30.57,10,plus_defense,10.0883
12,00-0039075,Puka Nacua,WR,TB,16.700000000000003,18.833333333333332,8.333333333333334,1.0,34.1,10,plus_defense,14.0156
12,00-0039342,Xavier Legette,WR,SF,5.2,7.166666666666667,4.0,0.6666666666666666,35.6,11,plus_defense,6.8975
12,00-0039589,Kameron Johnson,WR,LA,0.0,0.55,1.0,0.0,30.1,10,plus_defense,2.6625
12,00-0039890,Adonai Mitchell,WR,BAL,6.2,1.85,3.5,0.5,36.59,10,plus_defense,4.8965
12,00-0039894,Xavier Worthy,WR,IND,9.9,5.75,6.5,0.0,35.330000000000005,10,plus_defense,8.6281
12,00-0039919,Rome Odunze,WR,PIT,8.3,8.9,6.333333333333333,1.3333333333333333,39.21,10,plus_defense,9.2342
12,00-0040009,Savion Williams,WR,MIN,0.0,3.233333333333334,2.0,0.6666666666666666,26.74,10,plus_defense,4.4277
12,00-0040075,LaJohntay Wester,WR,NYJ,0.0,0.0,0.0,0.0,30.57,10,plus_defense,1.633
12,00-0040124,Tetairoa McMillan,WR,SF,11.5,17.533333333333335,8.666666666666666,1.6666666666666667,35.6,11,plus_defense,13.8619
12,00-0040129,Emeka Egbuka,WR,LA,6.2,16.25,11.0,2.0,30.1,10,plus_defense,15.7062
12,00-0040130,Jayden Higgins,WR,BUF,13.8,8.7,5.0,1.0,29.65,10,plus_defense,8.4383
12,00-0040131,Kyle Williams,WR,CIN,2.8,4.733333333333333,2.0,0.0,29.348000000000003,10,plus_defense,4.7523
12,00-0040138,Jaylin Noel,WR,BUF,1.9,3.1333333333333333,2.0,0.6666666666666666,29.65,10,plus_defense,4.278
12,00-0040154,Tai Felton,WR,GB,0.0,0.0,0.0,0.0,29.570000000000004,10,plus_defense,1.6745
12,00-0040237,Tez Johnson,WR,LA,12.3,10.9,5.5,2.5,30.1,10,plus_defense,9.4802
12,00-0040506,Myles Price,WR,GB,0.0,0.0,0.0,0.0,29.570000000000004,10,plus_defense,1.6745
12,00-0040669,Isaac TeSlaa,WR,NYG,0.0,1.05,1.0,0.0,36.199999999999996,11,plus_defense,2.5536
12,00-0040705,Chimere Dike,WR,SEA,15.4,2.45,3.0,0.5,28.53,10,plus_defense,4.9786
12,00-0040735,Luther Burden III,WR,PIT,9.100000000000001,6.9,4.0,0.0,39.21,10,plus_defense,6.6707
12,00-0036309,Darnell Mooney,WR,NO,16.4,3.866666666666667,5.666666666666667,0.0,30.0,10,plus_defense,7.5965
12,00-0036415,Van Jefferson,WR,SEA,2.1,7.1499999999999995,5.5,0.5,28.53,10,plus_defense,8.4632
12,00-0038619,Andrei Iosivas,WR,NE,10.600000000000001,11.5,6.0,1.0,31.545454545454547,11,plus_defense,10.019
12,00-0039410,Ryan Flournoy,WR,PHI,0.0,8.2,1.5,1.0,30.07,10,plus_defense,5.2971
12,00-0039451,Isaiah Williams,WR,BAL,0.0,1.5,3.5,0.5,36.59,10,plus_defense,4.7955
12,00-0039739,Roman Wilson,WR,CHI,0.0,5.2,2.3333333333333335,0.3333333333333333,34.74000000000001,10,plus_defense,4.9469
12,00-0034775,Christian Kirk,WR,BUF,16.4,3.1666666666666665,5.0,1.0,29.65,10,plus_defense,6.8415
12,00-0035359,David Sills,WR,NO,9.6,0.7000000000000001,1.3333333333333333,0.0,30.0,10,plus_defense,2.9937
12,00-0032775,Demarcus Robinson,WR,CAR,1.8,2.9,2.3333333333333335,0.3333333333333333,25.69090909090909,11,plus_defense,4.6588
12,00-0038994,Jordan Addison,WR,GB,0.0,8.299999999999999,7.666666666666667,1.0,29.570000000000004,10,plus_defense,10.5963
12,00-0039920,Malachi Corley,WR,LV,1.2,3.05,2.5,0.0,38.269999999999996,10,plus_defense,4.3217
12,00-0040259,Gage Larvadain,WR,LV,0.0,0.0,0.5,0.0,38.269999999999996,10,plus_defense,1.739
12,00-0040534,Ke'Shawn Williams,WR,CHI,0.0,0.0,0.0,0.0,34.74000000000001,10,plus_defense,1.4599
12,00-0036176,Mason Kinsey,WR,SEA,0.0,1.2000000000000002,1.5,0.0,28.53,10,plus_defense,3.3409
12,00-0039067,Rashee Rice,WR,IND,22.1,14.200000000000001,9.0,2.0,35.330000000000005,10,plus_defense,13.1949
12,00-0039491,Jalen Coker,WR,SF,6.2,5.3999999999999995,3.0,0.3333333333333333,35.6,11,plus_defense,5.5364
12,00-0038124,Christian Watson,WR,MIN,9.9,11.633333333333335,4.333333333333333,0.6666666666666666,26.74,10,plus_defense,8.8382
12,00-0036841,Austin Trammell,WR,ARI,0.0,2.5333333333333337,1.6666666666666667,0.0,29.79,10,plus_defense,3.8153
12,00-0030035,Adam Thielen,WR,GB,0.0,2.6,2.5,0.0,29.570000000000004,10,plus_redzone_defense,4.4958
12,00-0030564,DeAndre Hopkins,WR,NYJ,3.3,1.9000000000000001,3.0,0.3333333333333333,30.57,10,plus_redzone_defense,4.7358
12,00-0031381,Davante Adams,WR,TB,23.2,16.6,7.666666666666667,2.3333333333333335,34.1,10,plus_redzone_defense,13.0154
12,00-0031588,Stefon Diggs,WR,CIN,4.0,15.966666666666669,7.666666666666667,0.6666666666666666,29.348000000000003,10,plus_redzone_defense,12.7238
12,00-0032211,Tyler Lockett,WR,CLE,10.2,5.233333333333333,3.3333333333333335,0.6666666666666666,27.449999999999996,10,plus_redzone_defense,6.1472
12,00-0032385,Sterling Shepard,WR,LA,4.2,8.100000000000001,5.5,0.5,30.1,10,plus_redzone_defense,8.6275
12,00-0032464,Kalif Raymond,WR,NYG,5.7,3.3000000000000003,2.0,0.3333333333333333,36.199999999999996,11,plus_redzone_defense,4.0647
12,00-0033555,Mack Hollins,WR,CIN,5.0,9.966666666666667,5.666666666666667,0.6666666666666666,29.348000000000003,10,plus_redzone_defense,9.3565
12,00-0033572,Jamal Agnew,WR,NO,0.0,0.0,0.0,0.0,30.0,10,plus_redzone_defense,1.6548
12,00-0033857,JuJu Smith-Schuster,WR,IND,1.8,0.6,0.5,0.0,35.330000000000005,10,plus_redzone_defense,2.0225
12,00-0033908,Cooper Kupp,WR,TEN,4.4,7.3500000000000005,4.5,0.5,36.25,10,plus_redzone_defense,7.3269
12,00-0034827,DJ Moore,WR,PIT,23.4,8.693333333333333,5.333333333333333,0.6666666666666666,39.21,10,plus_redzone_defense,8.3117
12,00-0034960,Jakobi Meyers,WR,ARI,15.0,8.266666666666667,5.0,0.3333333333333333,29.79,10,plus_redzone_defense,8.239
12,00-0035021,Ashton Dulin,WR,KC,5.800000000000001,1.1,0.5,0.0,26.580000000000002,10,plus_redzone_defense,2.5244
12,00-0035208,Olamide Zaccheaus,WR,PIT,1.6,9.65,6.0,1.0,39.21,10,plus_redzone_defense,9.2007
12,00-0035500,Greg Dortch,WR,JAX,16.8,8.566666666666668,3.0,1.3333333333333333,32.83,10,plus_redzone_defense,6.7133
12,00-0035535,Darius Slayton,WR,DET,3.3000000000000003,12.05,5.5,0.5,33.239999999999995,10,plus_redzone_defense,9.6153
12,00-0035602,Alex Bachman,WR,CLE,0.0,0.0,0.0,0.0,27.449999999999996,10,plus_redzone_defense,1.7598
12,00-0035640,DK Metcalf,WR,CHI,14.399999999999999,6.333333333333333,6.333333333333333,1.0,34.74000000000001,10,plus_redzone_defense,8.7252
12,00-0035645,Gunner Olszewski,WR,DET,5.32,3.1333333333333333,1.0,0.6666666666666666,33.239999999999995,10,plus_redzone_defense,3.366
12,00-0035662,Marquise Brown,WR,IND,2.0,8.65,4.0,0.0,35.330000000000005,10,plus_redzone_defense,7.2224
12,00-0035676,A.J. Brown,WR,DAL,25.0,7.6,7.0,1.5,38.64,10,plus_redzone_defense,9.572
12,00-0035891,Cody White,WR,TEN,0.0,4.333333333333333,0.6666666666666666,0.0,36.25,10,plus_redzone_defense,3.1797
12,00-0036252,Michael Pittman,WR,KC,13.7,12.2,7.0,0.0,26.580000000000002,10,plus_redzone_defense,11.0924
12,00-0036259,Jauan Jennings,WR,CAR,15.100000000000001,14.200000000000001,6.666666666666667,2.0,25.69090909090909,11,plus_redzone_defense,11.7862
12,00-0036322,Justin Jefferson,WR,GB,8.8,11.833333333333334,10.0,1.6666666666666667,29.570000000000004,10,plus_redzone_defense,13.6793
12,00-0036331,Devin Duvernay,WR,PIT,0.0,0.0,0.0,0.0,39.21,10,plus_redzone_defense,1.2754
12,00-0036358,CeeDee Lamb,WR,PHI,11.5,16.55,9.5,2.0,30.07,10,plus_redzone_defense,14.6368
12,00-0036407,Jerry Jeudy,WR,LV,4.9,12.45,9.5,0.5,38.269999999999996,10,plus_redzone_defense,12.862
12,00-0036410,Tee Higgins,WR,NE,8.1,23.200000000000003,8.5,1.5,31.545454545454547,11,plus_redzone_defense,15.5292
12,00-0036554,Nico Collins,WR,BUF,8.5,19.76666666666667,12.0,3.0,29.65,10,plus_redzone_defense,17.8368
12,00-0036630,Tylan Wallace,WR,NYJ,0.0,0.0,0.3333333333333333,0.0,30.57,10,plus_redzone_defense,1.9097
12,00-0036862,Ben Skowronek,WR,CHI,3.1,0.0,0.0,0.0,34.74000000000001,10,plus_redzone_defense,1.4595
12,00-0036912,DeVonta Smith,WR,DAL,14.9,9.35,6.0,0.0,38.64,10,plus_redzone_defense,8.9544
12,00-0036963,Amon-Ra St. Brown,WR,NYG,29.9,13.9,11.0,2.0,36.199999999999996,11,plus_redzone_defense,14.8875
12,00-0036980,Elijah Moore,WR,HOU,0.7,3.3,2.0,0.0,25.17,10,plus_redzone_defense,4.4574
12,00-0037239,Chris Olave,WR,ATL,16.0,15.049999999999999,6.0,0.5,31.640000000000004,10,plus_redzone_defense,10.9473
12,00-0037240,Jameson Williams,WR,NYG,0.0,20.066666666666666,7.0,1.0,36.199999999999996,11,plus_redzone_defense,13.106
12,00-0037247,George Pickens,WR,PHI,29.6,21.65,10.0,1.0,30.07,10,plus_redzone_defense,16.3118
12,00-0037261,Khalil Shakir,WR,HOU,19.0,8.266666666666667,6.666666666666667,0.3333333333333333,25.17,10,plus_redzone_defense,9.8213
12,00-0037291,Jalen Nailor,WR,GB,0.0,9.533333333333333,3.6666666666666665,0.6666666666666666,29.570000000000004,10,plus_redzone_defense,7.5544
12,00-0037545,Rashid Shaheed,WR,TEN,0.5,6.666666666666667,6.0,0.6666666666666666,36.25,10,plus_redzone_defense,8.4172
12,00-0037614,John Metchie III,WR,BAL,18.5,7.05,2.5,0.0,36.59,10,plus_redzone_defense,5.4652
12,00-0037664,Alec Pierce,WR,KC,3.6,17.95,10.0,0.0,26.580000000000002,10,plus_redzone_defense,15.2242
12,00-0037741,Jahan Dotson,WR,DAL,0.0,3.15,1.5,0.0,38.64,10,plus_redzone_defense,3.4426
12,00-0037801,KaVontae Turpin,WR,PHI,6.200000000000001,2.15,3.0,0.5,30.07,10,plus_redzone_defense,4.858
12,00-0037816,Romeo Doubs,WR,MIN,4.300000000000001,8.966666666666667,7.333333333333333,1.0,26.74,10,plus_redzone_defense,10.6347
12,00-0037837,Calvin Austin III,WR,CHI,7.6,5.166666666666667,4.666666666666667,0.3333333333333333,34.74000000000001,10,plus_redzone_defense,6.8799
12,00-0038090,Skyy Moore,WR,CAR,0.0,1.9666666666666668,0.6666666666666666,0.0,25.69090909090909,11,plus_redzone_defense,2.9453
12,00-0038104,Tyquan Thornton,WR,IND,0.0,3.5500000000000003,1.5,0.0,35.330000000000005,10,plus_redzone_defense,3.692
12,00-0038117,Wan'Dale Robinson,WR,DET,30.6,11.133333333333333,10.333333333333334,0.3333333333333333,33.239999999999995,10,plus_redzone_defense,13.3619
12,00-0038393,Dontayvion Wicks,WR,MIN,5.2,4.8500000000000005,5.0,0.0,26.74,10,plus_redzone_defense,7.3366
12,00-0038496,Xavier Gipson,WR,DAL,1.3,0.0,0.0,0.0,38.64,10,plus_redzone_defense,1.2989
12,00-0038519,Nikko Remigio,WR,IND,0.0,0.0,0.0,0.0,35.330000000000005,10,plus_redzone_defense,1.4352
12,00-0038543,Jaxon Smith-Njigba,WR,TEN,37.1,20.966666666666665,9.666666666666666,0.6666666666666666,36.25,10,plus_redzone_defense,15.524
12,00-0038559,Michael Wilson,WR,JAX,21.8,16.666666666666668,9.666666666666666,1.0,32.83,10,plus_redzone_defense,14.5103
12,00-0038563,Tre Tucker,WR,CLE,5.800000000000001,9.0,5.333333333333333,0.6666666666666666,27.449999999999996,10,plus_redzone_defense,8.8829
12,00-0038576,Charlie Jones,WR,NE,0.0,0.0,0.0,0.0,31.545454545454547,11,plus_redzone_defense,1.5911
12,00-0038606,Parker Washington,WR,ARI,18.1,10.966666666666667,6.666666666666667,2.3333333333333335,29.79,10,plus_redzone_defense,10.7645
12,00-0038618,Xavier Hutchinson,WR,BUF,0.9,6.6,5.0,0.0,29.65,10,plus_redzone_defense,7.7117
12,00-0038621,DeMario Douglas,WR,CIN,6.1000000000000005,10.5,4.333333333333333,0.3333333333333333,29.348000000000003,10,plus_redzone_defense,8.3321
12,00-0038840,Brycen Tremayne,WR,SF,0.0,2.75,1.5,0.5,35.6,11,plus_redzone_defense,3.5471
12,00-0038979,Cedric Tillman,WR,LV,1.5,5.6499999999999995,4.0,0.5,38.269999999999996,10,plus_redzone_defense,6.3453
12,00-0038997,Josh Downs,WR,KC,3.0,9.5,5.5,1.0,26.580000000000002,10,plus_redzone_defense,9.261
12,00-0039064,Zay Flowers,WR,NYJ,11.9,11.6,6.0,0.6666666666666666,30.57,10,plus_redzone_defense,10.0465
12,00-0039075,Puka Nacua,WR,TB,16.700000000000003,18.833333333333332,8.333333333333334,1.0,34.1,10,plus_redzone_defense,13.9573
12,00-0039342,Xavier Legette,WR,SF,5.2,7.166666666666667,4.0,0.6666666666666666,35.6,11,plus_redzone_defense,6.915
12,00-0039589,Kameron Johnson,WR,LA,0.0,0.55,1.0,0.0,30.1,10,plus_redzone_defense,2.6414
12,00-0039890,Adonai Mitchell,WR,BAL,6.2,1.85,3.5,0.5,36.59,10,plus_redzone_defense,4.9221
12,00-0039894,Xavier Worthy,WR,IND,9.9,5.75,6.5,0.0,35.330000000000005,10,plus_redzone_defense,8.4901
12,00-0039919,Rome Odunze,WR,PIT,8.3,8.9,6.333333333333333,1.3333333333333333,39.21,10,plus_redzone_defense,9.3286
12,00-0040009,Savion Williams,WR,MIN,0.0,3.233333333333334,2.0,0.6666666666666666,26.74,10,plus_redzone_defense,4.4972
12,00-0040075,LaJohntay Wester,WR,NYJ,0.0,0.0,0.0,0.0,30.57,10,plus_redzone_defense,1.6313
12,00-0040124,Tetairoa McMillan,WR,SF,11.5,17.533333333333335,8.666666666666666,1.6666666666666667,35.6,11,plus_redzone_defense,13.9295
12,00-0040129,Emeka Egbuka,WR,LA,6.2,16.25,11.0,2.0,30.1,10,plus_redzone_defense,15.8035
12,00-0040130,Jayden Higgins,WR,BUF,13.8,8.7,5.0,1.0,29.65,10,plus_redzone_defense,8.4906
12,00-0040131,Kyle Williams,WR,CIN,2.8,4.733333333333333,2.0,0.0,29.348000000000003,10,plus_redzone_defense,4.6907
12,00-0040138,Jaylin Noel,WR,BUF,1.9,3.1333333333333333,2.0,0.6666666666666666,29.65,10,plus_redzone_defense,4.3491
12,00-0040154,Tai Felton,WR,GB,0.0,0.0,0.0,0.0,29.570000000000004,10,plus_redzone_defense,1.6725
12,00-0040237,Tez Johnson,WR,LA,12.3,10.9,5.5,2.5,30.1,10,plus_redzone_defense,9.7894
12,00-0040506,Myles Price,WR,GB,0.0,0.0,0.0,0.0,29.570000000000004,10,plus_redzone_defense,1.6725
12,00-0040669,Isaac TeSlaa,WR,NYG,0.0,1.05,1.0,0.0,36.199999999999996,11,plus_redzone_defense,2.5315
12,00-0040705,Chimere Dike,WR,SEA,15.4,2.45,3.0,0.5,28.53,10,plus_redzone_defense,5.0063
12,00-0040735,Luther Burden III,WR,PIT,9.100000000000001,6.9,4.0,0.0,39.21,10,plus_redzone_defense,6.5676
12,00-0036309,Darnell Mooney,WR,NO,16.4,3.866666666666667,5.666666666666667,0.0,30.0,10,plus_redzone_defense,7.481
12,00-0036415,Van Jefferson,WR,SEA,2.1,7.1499999999999995,5.5,0.5,28.53,10,plus_redzone_defense,8.4235
12,00-0038619,Andrei Iosivas,WR,NE,10.600000000000001,11.5,6.0,1.0,31.545454545454547,11,plus_redzone_defense,10.0397
12,00-0039410,Ryan Flournoy,WR,PHI,0.0,8.2,1.5,1.0,30.07,10,plus_redzone_defense,5.4088
12,00-0039451,Isaiah Williams,WR,BAL,0.0,1.5,3.5,0.5,36.59,10,plus_redzone_defense,4.8231
12,00-0039739,Roman Wilson,WR,CHI,0.0,5.2,2.3333333333333335,0.3333333333333333,34.74000000000001,10,plus_redzone_defense,4.9406
12,00-0034775,Christian Kirk,WR,BUF,16.4,3.1666666666666665,5.0,1.0,29.65,10,plus_redzone_defense,6.9256
12,00-0035359,David Sills,WR,NO,9.6,0.7000000000000001,1.3333333333333333,0.0,30.0,10,plus_redzone_defense,2.9663
12,00-0032775,Demarcus Robinson,WR,CAR,1.8,2.9,2.3333333333333335,0.3333333333333333,25.69090909090909,11,plus_redzone_defense,4.6629
12,00-0038994,Jordan Addison,WR,GB,0.0,8.299999999999999,7.666666666666667,1.0,29.570000000000004,10,plus_redzone_defense,10.6079
12,00-0039920,Malachi Corley,WR,LV,1.2,3.05,2.5,0.0,38.269999999999996,10,plus_redzone_defense,4.2647
12,00-0040259,Gage Larvadain,WR,LV,0.0,0.0,0.5,0.0,38.269999999999996,10,plus_redzone_defense,1.7317
12,00-0040534,Ke'Shawn Williams,WR,CHI,0.0,0.0,0.0,0.0,34.74000000000001,10,plus_redzone_defense,1.4595
12,00-0036176,Mason Kinsey,WR,SEA,0.0,1.2000000000000002,1.5,0.0,28.53,10,plus_redzone_defense,3.3075
12,00-0039067,Rashee Rice,WR,IND,22.1,14.200000000000001,9.0,2.0,35.330000000000005,10,plus_redzone_defense,13.3379
12,00-0039491,Jalen Coker,WR,SF,6.2,5.3999999999999995,3.0,0.3333333333333333,35.6,11,plus_redzone_defense,5.5186
12,00-0038124,Christian Watson,WR,MIN,9.9,11.633333333333335,4.333333333333333,0.6666666666666666,26.74,10,plus_redzone_defense,8.8217
12,00-0036841,Austin Trammell,WR,ARI,0.0,2.5333333333333337,1.6666666666666667,0.0,29.79,10,plus_redzone_defense,3.7719
13,00-0030279,Keenan Allen,WR,LV,7.0,6.6000000000000005,5.5,0.5,36.19090909090908,11,baseline,8.2359
13,00-0030564,DeAndre Hopkins,WR,CIN,4.5,3.0,3.6666666666666665,0.6666666666666666,28.625454545454545,11,baseline,5.5886
13,00-0031381,Davante Adams,WR,CAR,21.8,16.666666666666668,8.0,2.0,25.191666666666666,12,baseline,13.2357
13,00-0031588,Stefon Diggs,WR,NYG,5.6,13.033333333333333,7.333333333333333,0.3333333333333333,36.15,12,baseline,11.6467
13,00-0032211,Tyler Lockett,WR,LAC,2.1,8.633333333333333,4.666666666666667,0.0,25.656363636363633,11,baseline,8.0215
13,00-0032385,Sterling Shepard,WR,ARI,1.5,6.800000000000001,5.333333333333333,0.6666666666666666,30.09090909090909,11,baseline,8.1374
13,00-0033555,Mack Hollins,WR,NYG,5.300000000000001,10.666666666666666,7.0,0.3333333333333333,36.15,12,baseline,10.7041
13,00-0033572,Jamal Agnew,WR,NYJ,0.0,0.0,0.0,0.0,29.536363636363635,11,baseline,1.4257
13,00-0033857,JuJu Smith-Schuster,WR,DAL,0.0,0.9,1.0,0.5,39.11818181818182,11,baseline,2.5831
13,00-0033908,Cooper Kupp,WR,MIN,5.4,6.366666666666667,4.333333333333333,0.3333333333333333,26.072727272727267,11,baseline,7.1057
13,00-0034348,Courtland Sutton,WR,WAS,17.2,7.65,6.0,1.0,36.92727272727273,11,baseline,8.9763
13,00-0034827,DJ Moore,WR,PHI,4.7,8.833333333333334,5.0,0.6666666666666666,31.636363636363637,11,baseline,8.3803
13,00-0034960,Jakobi Meyers,WR,TEN,21.3,11.166666666666666,5.0,1.0,36.77272727272727,11,baseline,9.0091
13,00-0035208,Olamide Zaccheaus,WR,PHI,3.9000000000000004,1.55,2.5,0.0,31.636363636363637,11,baseline,4.1306
13,00-0035500,Greg Dortch,WR,TB,3.4000000000000004,13.866666666666667,6.333333333333333,1.0,35.46363636363637,11,baseline,10.9564
13,00-0035535,Darius Slayton,WR,NE,12.100000000000001,8.1,3.0,0.0,31.383333333333336,12,baseline,6.353
13,00-0035602,Alex Bachman,WR,LAC,0.0,0.0,0.0,0.0,25.656363636363633,11,baseline,1.4257
13,00-0035640,DK Metcalf,WR,BUF,6.2,10.266666666666666,8.333333333333334,0.6666666666666666,30.727272727272727,11,baseline,11.8161
13,00-0035645,Gunner Olszewski,WR,NE,0.0,1.7733333333333334,1.0,0.6666666666666666,31.383333333333336,12,baseline,2.8185
13,00-0035662,Marquise Brown,WR,DAL,10.0,5.0,2.5,0.0,39.11818181818182,11,baseline,5.0602
13,00-0035676,A.J. Brown,WR,CHI,35.2,13.4,8.0,1.6666666666666667,33.863636363636374,11,baseline,12.3554
13,00-0035719,Deebo Samuel Sr.,WR,DEN,11.100000000000001,16.8,7.0,3.0,25.936363636363637,11,baseline,12.3568
13,00-0035891,Cody White,WR,MIN,3.1,0.0,0.0,0.0,26.072727272727267,11,baseline,1.4257
13,00-0036252,Michael Pittman,WR,HOU,2.3,8.8,5.0,1.5,25.33636363636364,11,baseline,8.3713
13,00-0036259,Jauan Jennings,WR,CLE,13.9,14.533333333333333,7.333333333333333,1.3333333333333333,26.62727272727272,11,baseline,12.0509
13,00-0036322,Justin Jefferson,WR,SEA,2.4,9.200000000000001,9.0,1.0,28.6,11,baseline,12.1386
13,00-0036331,Devin Duvernay,WR,PHI,0.0,0.0,0.0,0.0,31.636363636363637,11,baseline,1.4257
13,00-0036358,CeeDee Lamb,WR,KC,24.200000000000003,14.55,9.0,2.5,26.53636363636364,11,baseline,13.5802
13,00-0036407,Jerry Jeudy,WR,SF,5.6,9.933333333333332,7.333333333333333,0.3333333333333333,34.71666666666667,12,baseline,10.8114
13,00-0036554,Nico Collins,WR,IND,21.5,17.76666666666667,9.333333333333334,2.6666666666666665,35.37272727272728,11,baseline,14.7519
13,00-0036613,Jaylen Waddle,WR,NO,7.0,13.799999999999999,7.0,0.5,30.072727272727274,11,baseline,11.5484
13,00-0036862,Ben Skowronek,WR,BUF,0.0,1.0333333333333334,0.3333333333333333,0.0,30.727272727272727,11,baseline,2.0091
13,00-0036912,DeVonta Smith,WR,CHI,9.8,11.200000000000001,7.666666666666667,0.3333333333333333,33.863636363636374,11,baseline,11.4577
13,00-0036963,Amon-Ra St. Brown,WR,GB,0.0,17.633333333333333,11.0,2.0,27.681818181818187,11,baseline,16.2408
13,00-0037091,Bo Melton,WR,DET,1.5,3.2500000000000004,3.0,0.0,34.89272727272727,11,baseline,5.0461
13,00-0037239,Chris Olave,WR,MIA,14.7,18.7,10.5,0.5,26.94545454545454,11,baseline,16.0708
13,00-0037240,Jameson Williams,WR,GB,26.9,14.533333333333333,6.0,0.6666666666666666,27.681818181818187,11,baseline,10.8311
13,00-0037247,George Pickens,WR,KC,14.8,29.5,10.0,1.5,26.53636363636364,11,baseline,18.5235
13,00-0037261,Khalil Shakir,WR,PIT,1.5,10.833333333333334,7.333333333333333,0.6666666666666666,39.5,11,baseline,11.0539
13,00-0037291,Jalen Nailor,WR,SEA,0.0,8.666666666666666,2.6666666666666665,0.6666666666666666,28.6,11,baseline,6.2007
13,00-0037545,Rashid Shaheed,WR,MIN,2.6,2.9,4.0,0.3333333333333333,26.072727272727267,11,baseline,5.8666
13,00-0037614,John Metchie III,WR,ATL,5.7,10.866666666666667,4.0,0.3333333333333333,31.61818181818182,11,baseline,8.0134
13,00-0037664,Alec Pierce,WR,HOU,17.8,11.0,4.5,0.5,25.33636363636364,11,baseline,8.5067
13,00-0037741,Jahan Dotson,WR,CHI,2.2,2.1,1.3333333333333333,0.0,33.863636363636374,11,baseline,3.2114
13,00-0037801,KaVontae Turpin,WR,KC,8.100000000000001,3.6000000000000005,3.0,0.0,26.53636363636364,11,baseline,5.1404
13,00-0037816,Romeo Doubs,WR,DET,12.0,5.033333333333334,5.0,0.3333333333333333,34.89272727272727,11,baseline,7.3564
13,00-0037837,Calvin Austin III,WR,BUF,0.0,4.166666666666667,4.333333333333333,0.0,30.727272727272727,11,baseline,6.5129
13,00-0038090,Skyy Moore,WR,CLE,0.0,0.9333333333333332,0.3333333333333333,0.0,26.62727272727272,11,baseline,1.9822
13,00-0038104,Tyquan Thornton,WR,DAL,0.0,3.5500000000000003,1.5,0.0,39.11818181818182,11,baseline,3.7546
13,00-0038117,Wan'Dale Robinson,WR,NE,10.4,16.8,11.666666666666666,0.3333333333333333,31.383333333333336,12,baseline,16.6261
13,00-0038359,Xavier Smith,WR,CAR,11.200000000000001,2.1,1.5,0.0,25.191666666666666,12,baseline,3.3639
13,00-0038393,Dontayvion Wicks,WR,DET,28.0,4.966666666666668,4.666666666666667,0.3333333333333333,34.89272727272727,11,baseline,7.0334
13,00-0038519,Nikko Remigio,WR,DAL,0.0,0.0,0.0,0.0,39.11818181818182,11,baseline,1.4257
13,00-0038543,Jaxon Smith-Njigba,WR,MIN,4.300000000000001,26.0,10.0,2.3333333333333335,26.072727272727267,11,baseline,17.5804
13,00-0038544,Quentin Johnston,WR,LV,11.3,4.6,6.5,0.5,36.19090909090908,11,baseline,8.6119
13,00-0038559,Michael Wilson,WR,TB,6.6,20.900000000000002,13.333333333333334,1.6666666666666667,35.46363636363637,11,baseline,19.2557
13,00-0038563,Tre Tucker,WR,LAC,5.0,8.666666666666666,7.333333333333333,0.6666666666666666,25.656363636363633,11,baseline,10.4701
13,00-0038573,Derius Davis,WR,LV,0.0,0.65,1.0,0.0,36.19090909090908,11,baseline,2.5158
13,00-0038576,Charlie Jones,WR,BAL,0.0,0.0,0.5,0.0,35.75454545454546,11,baseline,1.8832
13,00-0038606,Parker Washington,WR,TEN,3.6,11.333333333333334,6.0,2.3333333333333335,36.77272727272727,11,baseline,9.9688
13,00-0038618,Xavier Hutchinson,WR,IND,5.9,4.05,3.0,0.5,35.37272727272728,11,baseline,5.2617
13,00-0038621,DeMario Douglas,WR,NYG,6.300000000000001,5.866666666666667,3.0,0.0,36.15,12,baseline,5.7512
13,00-0038824,Ryan Miller,WR,ARI,0.0,0.0,0.0,0.0,30.09090909090909,11,baseline,1.4257
13,00-0038840,Brycen Tremayne,WR,LA,0.0,1.85,1.0,0.0,29.69090909090909,11,baseline,2.8391
13,00-0038979,Cedric Tillman,WR,SF,0.0,4.266666666666667,3.6666666666666665,0.3333333333333333,34.71666666666667,12,baseline,5.93
13,00-0038997,Josh Downs,WR,HOU,6.4,2.15,4.0,0.5,25.33636363636364,11,baseline,5.6645
13,00-0039064,Zay Flowers,WR,CIN,2.6,11.766666666666666,7.0,0.6666666666666666,28.625454545454545,11,baseline,11.0005
13,00-0039075,Puka Nacua,WR,CAR,13.2,16.8,9.0,0.3333333333333333,25.191666666666666,12,baseline,14.1865
13,00-0039342,Xavier Legette,WR,LA,1.1,7.833333333333333,4.666666666666667,0.3333333333333333,29.69090909090909,11,baseline,7.8059
13,00-0039424,Devaughn Vele,WR,MIA,23.3,4.6,5.0,0.5,26.94545454545454,11,baseline,7.2396
13,00-0039589,Kameron Johnson,WR,ARI,0.0,0.3666666666666667,0.6666666666666666,0.0,30.09090909090909,11,baseline,2.1345
13,00-0039751,Jordan Whittington,WR,CAR,0.0,3.3,2.0,0.0,25.191666666666666,12,baseline,4.1447
13,00-0039868,Troy Franklin,WR,WAS,4.1,13.7,8.5,1.0,36.92727272727273,11,baseline,12.8937
13,00-0039880,Malik Washington,WR,NO,7.0,8.25,3.5,0.5,30.072727272727274,11,baseline,6.8508
13,00-0039890,Adonai Mitchell,WR,ATL,24.200000000000003,4.1,6.5,1.0,31.61818181818182,11,baseline,8.4772
13,00-0039894,Xavier Worthy,WR,DAL,11.4,7.7,6.5,0.5,39.11818181818182,11,baseline,9.4472
13,00-0039915,Ladd McConkey,WR,LV,13.9,12.500000000000002,5.0,1.0,36.19090909090908,11,baseline,9.3683
13,00-0039916,Ricky Pearsall,WR,CLE,3.4000000000000004,1.9000000000000001,3.5,0.0,26.62727272727272,11,baseline,5.1397
13,00-0039919,Rome Odunze,WR,PHI,2.8,11.666666666666666,8.333333333333334,1.0,31.636363636363637,11,baseline,12.1933
13,00-0040124,Tetairoa McMillan,WR,LA,11.3,18.5,9.0,1.3333333333333333,29.69090909090909,11,baseline,14.6446
13,00-0040129,Emeka Egbuka,WR,ARI,8.2,12.9,10.0,1.6666666666666667,30.09090909090909,11,baseline,14.0504
13,00-0040130,Jayden Higgins,WR,IND,11.5,12.833333333333334,7.666666666666667,1.6666666666666667,35.37272727272728,11,baseline,11.8978
13,00-0040131,Kyle Williams,WR,NYG,10.3,5.666666666666667,2.0,0.0,36.15,12,baseline,4.7824
13,00-0040138,Jaylin Noel,WR,IND,0.0,3.8666666666666667,2.6666666666666665,0.6666666666666666,35.37272727272728,11,baseline,4.9073
13,00-0040154,Tai Felton,WR,SEA,0.0,0.0,0.0,0.0,28.6,11,baseline,1.4257
13,00-0040164,Jaylin Lane,WR,DEN,0.0,3.7,1.0,0.0,25.936363636363637,11,baseline,3.3376
13,00-0040237,Tez Johnson,WR,ARI,1.5,11.366666666666667,5.666666666666667,2.6666666666666665,30.09090909090909,11,baseline,9.6729
13,00-0040506,Myles Price,WR,SEA,0.0,0.0,0.0,0.0,28.6,11,baseline,1.4257
13,00-0040581,Dont'e Thornton Jr.,WR,LAC,2.1,1.9000000000000001,2.0,0.0,25.656363636363633,11,baseline,3.7675
13,00-0040669,Isaac TeSlaa,WR,GB,11.5,0.7000000000000001,1.0,0.0,27.681818181818187,11,baseline,2.5292
13,00-0040705,Chimere Dike,WR,JAX,1.9000000000000001,9.4,5.0,1.0,33.52727272727273,11,baseline,8.533
13,00-0040727,Tre Harris,WR,LV,6.0,2.3,1.5,0.0,36.19090909090908,11,baseline,3.4178
13,00-0040729,Jack Bech,WR,LAC,4.2,1.4500000000000002,1.0,0.0,25.656363636363633,11,baseline,2.7313
13,00-0040735,Luther Burden III,WR,PHI,7.6,7.633333333333334,4.666666666666667,0.0,31.636363636363637,11,baseline,7.752
13,00-0040782,Isaiah Bond,WR,SF,3.7,4.300000000000001,2.0,0.0,34.71666666666667,12,baseline,4.4142
13,00-0033375,Tim Patrick,WR,TEN,2.1,5.5,4.0,1.5,36.77272727272727,11,baseline,6.5672
13,00-0036309,Darnell Mooney,WR,NYJ,4.5,8.5,6.0,0.0,29.536363636363635,11,baseline,9.2054
13,00-0036415,Van Jefferson,WR,JAX,5.0,6.6499999999999995,4.0,0.5,33.52727272727273,11,baseline,6.8771
13,00-0038619,Andrei Iosivas,WR,BAL,9.9,7.800000000000001,6.0,0.0,35.75454545454546,11,baseline,9.0167
13,00-0039410,Ryan Flournoy,WR,KC,6.4,3.6,1.0,0.5,26.53636363636364,11,baseline,3.3107
13,00-0039451,Isaiah Williams,WR,ATL,0.0,1.0,2.3333333333333335,0.3333333333333333,31.61818181818182,11,baseline,3.8299
13,00-0039739,Roman Wilson,WR,BUF,0.0,4.733333333333333,2.6666666666666665,0.3333333333333333,30.727272727272727,11,baseline,5.1408
13,00-0040134,Pat Bryant,WR,WAS,7.2,9.25,4.0,0.5,36.92727272727273,11,baseline,7.5777
13,00-0035359,David Sills,WR,NYJ,9.5,3.9,2.0,0.3333333333333333,29.536363636363635,11,baseline,4.3064
13,00-0032775,Demarcus Robinson,WR,CLE,0.6000000000000001,3.5,2.3333333333333335,0.0,26.62727272727272,11,baseline,4.5035
13,00-0038994,Jordan Addison,WR,SEA,8.6,5.5,6.333333333333333,1.0,28.6,11,baseline,8.7019
13,00-0039521,Xavier Weaver,WR,TB,0.0,2.7,3.0,1.0,35.46363636363637,11,baseline,4.8979
13,00-0039920,Malachi Corley,WR,SF,0.9,2.433333333333333,2.3333333333333335,0.0,34.71666666666667,12,baseline,4.2161
13,00-0040259,Gage Larvadain,WR,SF,4.300000000000001,0.0,0.3333333333333333,0.0,34.71666666666667,12,baseline,1.7307
13,00-0040534,Ke'Shawn Williams,WR,BUF,0.0,0.0,0.0,0.0,30.727272727272727,11,baseline,1.4257
13,00-0040563,Efton Chism III,WR,NYG,0.0,0.0,0.0,0.0,36.15,12,baseline,1.4257
13,00-0040590,Konata Mumpfield,WR,CAR,0.0,2.25,2.0,0.0,25.191666666666666,12,baseline,3.8618
13,00-0032951,Laquon Treadwell,WR,HOU,0.0,0.0,0.0,0.0,25.33636363636364,11,baseline,1.4257
13,00-0039067,Rashee Rice,WR,DAL,29.4,15.950000000000001,10.5,4.0,39.11818181818182,11,baseline,15.3297
13,00-0039491,Jalen Coker,WR,LA,17.4,6.833333333333333,4.0,1.0,29.69090909090909,11,baseline,6.9265
13,00-0038124,Christian Watson,WR,DET,18.3,12.333333333333334,5.333333333333333,0.6666666666666666,34.89272727272727,11,baseline,9.6284
13,00-0036841,Austin Trammell,WR,TEN,0.0,2.5333333333333337,1.6666666666666667,0.0,36.77272727272727,11,baseline,3.6332
13,00-0034860,Dante Pettis,WR,MIA,0.0,1.2000000000000002,0.5,0.0,26.94545454545454,11,baseline,2.2065
13,00-0036165,Isaiah Hodgins,WR,NE,1.4,11.45,6.0,1.0,31.383333333333336,12,baseline,10.0003
13,00-0036196,Gabe Davis,WR,PIT,1.5,5.1,3.0,0.5,39.5,11,baseline,5.5446
13,00-0030279,Keenan Allen,WR,LV,7.0,6.6000000000000005,5.5,0.5,36.19090909090908,11,plus_defense,8.1345
13,00-0030564,DeAndre Hopkins,WR,CIN,4.5,3.0,3.6666666666666665,0.6666666666666666,28.625454545454545,11,plus_defense,5.6891
13,00-0031381,Davante Adams,WR,CAR,21.8,16.666666666666668,8.0,2.0,25.191666666666666,12,plus_defense,13.4254
13,00-0031588,Stefon Diggs,WR,NYG,5.6,13.033333333333333,7.333333333333333,0.3333333333333333,36.15,12,plus_defense,11.5444
13,00-0032211,Tyler Lockett,WR,LAC,2.1,8.633333333333333,4.666666666666667,0.0,25.656363636363633,11,plus_defense,8.1984
13,00-0032385,Sterling Shepard,WR,ARI,1.5,6.800000000000001,5.333333333333333,0.6666666666666666,30.09090909090909,11,plus_defense,8.1989
13,00-0033555,Mack Hollins,WR,NYG,5.300000000000001,10.666666666666666,7.0,0.3333333333333333,36.15,12,plus_defense,10.6033
13,00-0033572,Jamal Agnew,WR,NYJ,0.0,0.0,0.0,0.0,29.536363636363635,11,plus_defense,1.4953
13,00-0033857,JuJu Smith-Schuster,WR,DAL,0.0,0.9,1.0,0.5,39.11818181818182,11,plus_defense,2.3973
13,00-0033908,Cooper Kupp,WR,MIN,5.4,6.366666666666667,4.333333333333333,0.3333333333333333,26.072727272727267,11,plus_defense,7.2729
13,00-0034348,Courtland Sutton,WR,WAS,17.2,7.65,6.0,1.0,36.92727272727273,11,plus_defense,8.8553
13,00-0034827,DJ Moore,WR,PHI,4.7,8.833333333333334,5.0,0.6666666666666666,31.636363636363637,11,plus_defense,8.3974
13,00-0034960,Jakobi Meyers,WR,TEN,21.3,11.166666666666666,5.0,1.0,36.77272727272727,11,plus_defense,8.8859
13,00-0035208,Olamide Zaccheaus,WR,PHI,3.9000000000000004,1.55,2.5,0.0,31.636363636363637,11,plus_defense,4.1487
13,00-0035500,Greg Dortch,WR,TB,3.4000000000000004,13.866666666666667,6.333333333333333,1.0,35.46363636363637,11,plus_defense,10.869
13,00-0035535,Darius Slayton,WR,NE,12.100000000000001,8.1,3.0,0.0,31.383333333333336,12,plus_defense,6.3724
13,00-0035602,Alex Bachman,WR,LAC,0.0,0.0,0.0,0.0,25.656363636363633,11,plus_defense,1.5995
13,00-0035640,DK Metcalf,WR,BUF,6.2,10.266666666666666,8.333333333333334,0.6666666666666666,30.727272727272727,11,plus_defense,11.8648
13,00-0035645,Gunner Olszewski,WR,NE,0.0,1.7733333333333334,1.0,0.6666666666666666,31.383333333333336,12,plus_defense,2.8393
13,00-0035662,Marquise Brown,WR,DAL,10.0,5.0,2.5,0.0,39.11818181818182,11,plus_defense,4.874
13,00-0035676,A.J. Brown,WR,CHI,35.2,13.4,8.0,1.6666666666666667,33.863636363636374,11,plus_defense,12.3158
13,00-0035719,Deebo Samuel Sr.,WR,DEN,11.100000000000001,16.8,7.0,3.0,25.936363636363637,11,plus_defense,12.5237
13,00-0035891,Cody White,WR,MIN,3.1,0.0,0.0,0.0,26.072727272727267,11,plus_defense,1.5883
13,00-0036252,Michael Pittman,WR,HOU,2.3,8.8,5.0,1.5,25.33636363636364,11,plus_defense,8.5575
13,00-0036259,Jauan Jennings,WR,CLE,13.9,14.533333333333333,7.333333333333333,1.3333333333333333,26.62727272727272,11,plus_defense,12.2026
13,00-0036322,Justin Jefferson,WR,SEA,2.4,9.200000000000001,9.0,1.0,28.6,11,plus_defense,12.2472
13,00-0036331,Devin Duvernay,WR,PHI,0.0,0.0,0.0,0.0,31.636363636363637,11,plus_defense,1.439
13,00-0036358,CeeDee Lamb,WR,KC,24.200000000000003,14.55,9.0,2.5,26.53636363636364,11,plus_defense,13.7386
13,00-0036407,Jerry Jeudy,WR,SF,5.6,9.933333333333332,7.333333333333333,0.3333333333333333,34.71666666666667,12,plus_defense,10.7508
13,00-0036554,Nico Collins,WR,IND,21.5,17.76666666666667,9.333333333333334,2.6666666666666665,35.37272727272728,11,plus_defense,14.6707
13,00-0036613,Jaylen Waddle,WR,NO,7.0,13.799999999999999,7.0,0.5,30.072727272727274,11,plus_defense,11.6075
13,00-0036862,Ben Skowronek,WR,BUF,0.0,1.0333333333333334,0.3333333333333333,0.0,30.727272727272727,11,plus_defense,2.0466
13,00-0036912,DeVonta Smith,WR,CHI,9.8,11.200000000000001,7.666666666666667,0.3333333333333333,33.863636363636374,11,plus_defense,11.4195
13,00-0036963,Amon-Ra St. Brown,WR,GB,0.0,17.633333333333333,11.0,2.0,27.681818181818187,11,plus_defense,16.3705
13,00-0037091,Bo Melton,WR,DET,1.5,3.2500000000000004,3.0,0.0,34.89272727272727,11,plus_defense,4.9764
13,00-0037239,Chris Olave,WR,MIA,14.7,18.7,10.5,0.5,26.94545454545454,11,plus_defense,16.2178
13,00-0037240,Jameson Williams,WR,GB,26.9,14.533333333333333,6.0,0.6666666666666666,27.681818181818187,11,plus_defense,10.951
13,00-0037247,George Pickens,WR,KC,14.8,29.5,10.0,1.5,26.53636363636364,11,plus_defense,18.6689
13,00-0037261,Khalil Shakir,WR,PIT,1.5,10.833333333333334,7.333333333333333,0.6666666666666666,39.5,11,plus_defense,10.864
13,00-0037291,Jalen Nailor,WR,SEA,0.0,8.666666666666666,2.6666666666666665,0.6666666666666666,28.6,11,plus_defense,6.2934
13,00-0037545,Rashid Shaheed,WR,MIN,2.6,2.9,4.0,0.3333333333333333,26.072727272727267,11,plus_defense,6.0366
13,00-0037614,John Metchie III,WR,ATL,5.7,10.866666666666667,4.0,0.3333333333333333,31.61818181818182,11,plus_defense,8.0262
13,00-0037664,Alec Pierce,WR,HOU,17.8,11.0,4.5,0.5,25.33636363636364,11,plus_defense,8.6893
13,00-0037741,Jahan Dotson,WR,CHI,2.2,2.1,1.3333333333333333,0.0,33.863636363636374,11,plus_defense,3.1662
13,00-0037801,KaVontae Turpin,WR,KC,8.100000000000001,3.6000000000000005,3.0,0.0,26.53636363636364,11,plus_defense,5.2946
13,00-0037816,Romeo Doubs,WR,DET,12.0,5.033333333333334,5.0,0.3333333333333333,34.89272727272727,11,plus_defense,7.29
13,00-0037837,Calvin Austin III,WR,BUF,0.0,4.166666666666667,4.333333333333333,0.0,30.727272727272727,11,plus_defense,6.5575
13,00-0038090,Skyy Moore,WR,CLE,0.0,0.9333333333333332,0.3333333333333333,0.0,26.62727272727272,11,plus_defense,2.1298
13,00-0038104,Tyquan Thornton,WR,DAL,0.0,3.5500000000000003,1.5,0.0,39.11818181818182,11,plus_defense,3.5673
13,00-0038117,Wan'Dale Robinson,WR,NE,10.4,16.8,11.666666666666666,0.3333333333333333,31.383333333333336,12,plus_defense,16.6591
13,00-0038359,Xavier Smith,WR,CAR,11.200000000000001,2.1,1.5,0.0,25.191666666666666,12,plus_defense,3.5518
13,00-0038393,Dontayvion Wicks,WR,DET,28.0,4.966666666666668,4.666666666666667,0.3333333333333333,34.89272727272727,11,plus_defense,6.9663
13,00-0038519,Nikko Remigio,WR,DAL,0.0,0.0,0.0,0.0,39.11818181818182,11,plus_defense,1.2382
13,00-0038543,Jaxon Smith-Njigba,WR,MIN,4.300000000000001,26.0,10.0,2.3333333333333335,26.072727272727267,11,plus_defense,17.7419
13,00-0038544,Quentin Johnston,WR,LV,11.3,4.6,6.5,0.5,36.19090909090908,11,plus_defense,8.5151
13,00-0038559,Michael Wilson,WR,TB,6.6,20.900000000000002,13.333333333333334,1.6666666666666667,35.46363636363637,11,plus_defense,19.1793
13,00-0038563,Tre Tucker,WR,LAC,5.0,8.666666666666666,7.333333333333333,0.6666666666666666,25.656363636363633,11,plus_defense,10.6539
13,00-0038573,Derius Davis,WR,LV,0.0,0.65,1.0,0.0,36.19090909090908,11,plus_defense,2.4087
13,00-0038576,Charlie Jones,WR,BAL,0.0,0.0,0.5,0.0,35.75454545454546,11,plus_defense,1.7872
13,00-0038606,Parker Washington,WR,TEN,3.6,11.333333333333334,6.0,2.3333333333333335,36.77272727272727,11,plus_defense,9.8481
13,00-0038618,Xavier Hutchinson,WR,IND,5.9,4.05,3.0,0.5,35.37272727272728,11,plus_defense,5.1783
13,00-0038621,DeMario Douglas,WR,NYG,6.300000000000001,5.866666666666667,3.0,0.0,36.15,12,plus_defense,5.645
13,00-0038824,Ryan Miller,WR,ARI,0.0,0.0,0.0,0.0,30.09090909090909,11,plus_defense,1.4805
13,00-0038840,Brycen Tremayne,WR,LA,0.0,1.85,1.0,0.0,29.69090909090909,11,plus_defense,2.9052
13,00-0038979,Cedric Tillman,WR,SF,0.0,4.266666666666667,3.6666666666666665,0.3333333333333333,34.71666666666667,12,plus_defense,5.8657
13,00-0038997,Josh Downs,WR,HOU,6.4,2.15,4.0,0.5,25.33636363636364,11,plus_defense,5.8551
13,00-0039064,Zay Flowers,WR,CIN,2.6,11.766666666666666,7.0,0.6666666666666666,28.625454545454545,11,plus_defense,11.1005
13,00-0039075,Puka Nacua,WR,CAR,13.2,16.8,9.0,0.3333333333333333,25.191666666666666,12,plus_defense,14.3786
13,00-0039342,Xavier Legette,WR,LA,1.1,7.833333333333333,4.666666666666667,0.3333333333333333,29.69090909090909,11,plus_defense,7.8754
13,00-0039424,Devaughn Vele,WR,MIA,23.3,4.6,5.0,0.5,26.94545454545454,11,plus_defense,7.387
13,00-0039589,Kameron Johnson,WR,ARI,0.0,0.3666666666666667,0.6666666666666666,0.0,30.09090909090909,11,plus_defense,2.1905
13,00-0039751,Jordan Whittington,WR,CAR,0.0,3.3,2.0,0.0,25.191666666666666,12,plus_defense,4.3327
13,00-0039868,Troy Franklin,WR,WAS,4.1,13.7,8.5,1.0,36.92727272727273,11,plus_defense,12.7729
13,00-0039880,Malik Washington,WR,NO,7.0,8.25,3.5,0.5,30.072727272727274,11,plus_defense,6.9066
13,00-0039890,Adonai Mitchell,WR,ATL,24.200000000000003,4.1,6.5,1.0,31.61818181818182,11,plus_defense,8.5036
13,00-0039894,Xavier Worthy,WR,DAL,11.4,7.7,6.5,0.5,39.11818181818182,11,plus_defense,9.2687
13,00-0039915,Ladd McConkey,WR,LV,13.9,12.500000000000002,5.0,1.0,36.19090909090908,11,plus_defense,9.2594
13,00-0039916,Ricky Pearsall,WR,CLE,3.4000000000000004,1.9000000000000001,3.5,0.0,26.62727272727272,11,plus_defense,5.2946
13,00-0039919,Rome Odunze,WR,PHI,2.8,11.666666666666666,8.333333333333334,1.0,31.636363636363637,11,plus_defense,12.2162
13,00-0040124,Tetairoa McMillan,WR,LA,11.3,18.5,9.0,1.3333333333333333,29.69090909090909,11,plus_defense,14.7142
13,00-0040129,Emeka Egbuka,WR,ARI,8.2,12.9,10.0,1.6666666666666667,30.09090909090909,11,plus_defense,14.1178
13,00-0040130,Jayden Higgins,WR,IND,11.5,12.833333333333334,7.666666666666667,1.6666666666666667,35.37272727272728,11,plus_defense,11.8174
13,00-0040131,Kyle Williams,WR,NYG,10.3,5.666666666666667,2.0,0.0,36.15,12,plus_defense,4.6739
13,00-0040138,Jaylin Noel,WR,IND,0.0,3.8666666666666667,2.6666666666666665,0.6666666666666666,35.37272727272728,11,plus_defense,4.8232
13,00-0040154,Tai Felton,WR,SEA,0.0,0.0,0.0,0.0,28.6,11,plus_defense,1.5205
13,00-0040164,Jaylin Lane,WR,DEN,0.0,3.7,1.0,0.0,25.936363636363637,11,plus_defense,3.5026
13,00-0040237,Tez Johnson,WR,ARI,1.5,11.366666666666667,5.666666666666667,2.6666666666666665,30.09090909090909,11,plus_defense,9.7305
13,00-0040506,Myles Price,WR,SEA,0.0,0.0,0.0,0.0,28.6,11,plus_defense,1.5205
13,00-0040581,Dont'e Thornton Jr.,WR,LAC,2.1,1.9000000000000001,2.0,0.0,25.656363636363633,11,plus_defense,3.9444
13,00-0040669,Isaac TeSlaa,WR,GB,11.5,0.7000000000000001,1.0,0.0,27.681818181818187,11,plus_defense,2.6505
13,00-0040705,Chimere Dike,WR,JAX,1.9000000000000001,9.4,5.0,1.0,33.52727272727273,11,plus_defense,8.4988
13,00-0040727,Tre Harris,WR,LV,6.0,2.3,1.5,0.0,36.19090909090908,11,plus_defense,3.3104
13,00-0040729,Jack Bech,WR,LAC,4.2,1.4500000000000002,1.0,0.0,25.656363636363633,11,plus_defense,2.9061
13,00-0040735,Luther Burden III,WR,PHI,7.6,7.633333333333334,4.666666666666667,0.0,31.636363636363637,11,plus_defense,7.7695
13,00-0040782,Isaiah Bond,WR,SF,3.7,4.300000000000001,2.0,0.0,34.71666666666667,12,plus_defense,4.3455
13,00-0033375,Tim Patrick,WR,TEN,2.1,5.5,4.0,1.5,36.77272727272727,11,plus_defense,6.4474
13,00-0036309,Darnell Mooney,WR,NYJ,4.5,8.5,6.0,0.0,29.536363636363635,11,plus_defense,9.2818
13,00-0036415,Van Jefferson,WR,JAX,5.0,6.6499999999999995,4.0,0.5,33.52727272727273,11,plus_defense,6.8431
13,00-0038619,Andrei Iosivas,WR,BAL,9.9,7.800000000000001,6.0,0.0,35.75454545454546,11,plus_defense,8.927
13,00-0039410,Ryan Flournoy,WR,KC,6.4,3.6,1.0,0.5,26.53636363636364,11,plus_defense,3.4596
13,00-0039451,Isaiah Williams,WR,ATL,0.0,1.0,2.3333333333333335,0.3333333333333333,31.61818181818182,11,plus_defense,3.8487
13,00-0039739,Roman Wilson,WR,BUF,0.0,4.733333333333333,2.6666666666666665,0.3333333333333333,30.727272727272727,11,plus_defense,5.1805
13,00-0040134,Pat Bryant,WR,WAS,7.2,9.25,4.0,0.5,36.92727272727273,11,plus_defense,7.4498
13,00-0035359,David Sills,WR,NYJ,9.5,3.9,2.0,0.3333333333333333,29.536363636363635,11,plus_defense,4.3771
13,00-0032775,Demarcus Robinson,WR,CLE,0.6000000000000001,3.5,2.3333333333333335,0.0,26.62727272727272,11,plus_defense,4.6536
13,00-0038994,Jordan Addison,WR,SEA,8.6,5.5,6.333333333333333,1.0,28.6,11,plus_defense,8.8075
13,00-0039521,Xavier Weaver,WR,TB,0.0,2.7,3.0,1.0,35.46363636363637,11,plus_defense,4.8135
13,00-0039920,Malachi Corley,WR,SF,0.9,2.433333333333333,2.3333333333333335,0.0,34.71666666666667,12,plus_defense,4.1503
13,00-0040259,Gage Larvadain,WR,SF,4.300000000000001,0.0,0.3333333333333333,0.0,34.71666666666667,12,plus_defense,1.6622
13,00-0040534,Ke'Shawn Williams,WR,BUF,0.0,0.0,0.0,0.0,30.727272727272727,11,plus_defense,1.4634
13,00-0040563,Efton Chism III,WR,NYG,0.0,0.0,0.0,0.0,36.15,12,plus_defense,1.3179
13,00-0040590,Konata Mumpfield,WR,CAR,0.0,2.25,2.0,0.0,25.191666666666666,12,plus_defense,4.0508
13,00-0032951,Laquon Treadwell,WR,HOU,0.0,0.0,0.0,0.0,25.33636363636364,11,plus_defense,1.608
13,00-0039067,Rashee Rice,WR,DAL,29.4,15.950000000000001,10.5,4.0,39.11818181818182,11,plus_defense,15.153
13,00-0039491,Jalen Coker,WR,LA,17.4,6.833333333333333,4.0,1.0,29.69090909090909,11,plus_defense,6.9953
13,00-0038124,Christian Watson,WR,DET,18.3,12.333333333333334,5.333333333333333,0.6666666666666666,34.89272727272727,11,plus_defense,9.5553
13,00-0036841,Austin Trammell,WR,TEN,0.0,2.5333333333333337,1.6666666666666667,0.0,36.77272727272727,11,plus_defense,3.5103
13,00-0034860,Dante Pettis,WR,MIA,0.0,1.2000000000000002,0.5,0.0,26.94545454545454,11,plus_defense,2.3457
13,00-0036165,Isaiah Hodgins,WR,NE,1.4,11.45,6.0,1.0,31.383333333333336,12,plus_defense,10.024
13,00-0036196,Gabe Davis,WR,PIT,1.5,5.1,3.0,0.5,39.5,11,plus_defense,5.3494
13,00-0030279,Keenan Allen,WR,LV,7.0,6.6000000000000005,5.5,0.5,36.19090909090908,11,plus_redzone_defense,8.0896
13,00-0030564,DeAndre Hopkins,WR,CIN,4.5,3.0,3.6666666666666665,0.6666666666666666,28.625454545454545,11,plus_redzone_defense,5.7497
13,00-0031381,Davante Adams,WR,CAR,21.8,16.666666666666668,8.0,2.0,25.191666666666666,12,plus_redzone_defense,13.6147
13,00-0031588,Stefon Diggs,WR,NYG,5.6,13.033333333333333,7.333333333333333,0.3333333333333333,36.15,12,plus_redzone_defense,11.3686
13,00-0032211,Tyler Lockett,WR,LAC,2.1,8.633333333333333,4.666666666666667,0.0,25.656363636363633,11,plus_redzone_defense,8.0269
13,00-0032385,Sterling Shepard,WR,ARI,1.5,6.800000000000001,5.333333333333333,0.6666666666666666,30.09090909090909,11,plus_redzone_defense,8.1946
13,00-0033555,Mack Hollins,WR,NYG,5.300000000000001,10.666666666666666,7.0,0.3333333333333333,36.15,12,plus_redzone_defense,10.4532
13,00-0033572,Jamal Agnew,WR,NYJ,0.0,0.0,0.0,0.0,29.536363636363635,11,plus_redzone_defense,1.4937
13,00-0033857,JuJu Smith-Schuster,WR,DAL,0.0,0.9,1.0,0.5,39.11818181818182,11,plus_redzone_defense,2.4954
13,00-0033908,Cooper Kupp,WR,MIN,5.4,6.366666666666667,4.333333333333333,0.3333333333333333,26.072727272727267,11,plus_redzone_defense,7.2091
13,00-0034348,Courtland Sutton,WR,WAS,17.2,7.65,6.0,1.0,36.92727272727273,11,plus_redzone_defense,8.9157
13,00-0034827,DJ Moore,WR,PHI,4.7,8.833333333333334,5.0,0.6666666666666666,31.636363636363637,11,plus_redzone_defense,8.3852
13,00-0034960,Jakobi Meyers,WR,TEN,21.3,11.166666666666666,5.0,1.0,36.77272727272727,11,plus_redzone_defense,8.9405
13,00-0035208,Olamide Zaccheaus,WR,PHI,3.9000000000000004,1.55,2.5,0.0,31.636363636363637,11,plus_redzone_defense,4.082
13,00-0035500,Greg Dortch,WR,TB,3.4000000000000004,13.866666666666667,6.333333333333333,1.0,35.46363636363637,11,plus_redzone_defense,10.8732
13,00-0035535,Darius Slayton,WR,NE,12.100000000000001,8.1,3.0,0.0,31.383333333333336,12,plus_redzone_defense,6.2438
13,00-0035602,Alex Bachman,WR,LAC,0.0,0.0,0.0,0.0,25.656363636363633,11,plus_redzone_defense,1.596
13,00-0035640,DK Metcalf,WR,BUF,6.2,10.266666666666666,8.333333333333334,0.6666666666666666,30.727272727272727,11,plus_redzone_defense,11.769
13,00-0035645,Gunner Olszewski,WR,NE,0.0,1.7733333333333334,1.0,0.6666666666666666,31.383333333333336,12,plus_redzone_defense,2.9682
13,00-0035662,Marquise Brown,WR,DAL,10.0,5.0,2.5,0.0,39.11818181818182,11,plus_redzone_defense,4.7839
13,00-0035676,A.J. Brown,WR,CHI,35.2,13.4,8.0,1.6666666666666667,33.863636363636374,11,plus_redzone_defense,12.452
13,00-0035719,Deebo Samuel Sr.,WR,DEN,11.100000000000001,16.8,7.0,3.0,25.936363636363637,11,plus_redzone_defense,12.9817
13,00-0035891,Cody White,WR,MIN,3.1,0.0,0.0,0.0,26.072727272727267,11,plus_redzone_defense,1.585
13,00-0036252,Michael Pittman,WR,HOU,2.3,8.8,5.0,1.5,25.33636363636364,11,plus_redzone_defense,8.749
13,00-0036259,Jauan Jennings,WR,CLE,13.9,14.533333333333333,7.333333333333333,1.3333333333333333,26.62727272727272,11,plus_redzone_defense,12.2584
13,00-0036322,Justin Jefferson,WR,SEA,2.4,9.200000000000001,9.0,1.0,28.6,11,plus_redzone_defense,12.2269
13,00-0036331,Devin Duvernay,WR,PHI,0.0,0.0,0.0,0.0,31.636363636363637,11,plus_redzone_defense,1.4383
13,00-0036358,CeeDee Lamb,WR,KC,24.200000000000003,14.55,9.0,2.5,26.53636363636364,11,plus_redzone_defense,14.0473
13,00-0036407,Jerry Jeudy,WR,SF,5.6,9.933333333333332,7.333333333333333,0.3333333333333333,34.71666666666667,12,plus_redzone_defense,10.5984
13,00-0036554,Nico Collins,WR,IND,21.5,17.76666666666667,9.333333333333334,2.6666666666666665,35.37272727272728,11,plus_redzone_defense,14.9926
13,00-0036613,Jaylen Waddle,WR,NO,7.0,13.799999999999999,7.0,0.5,30.072727272727274,11,plus_redzone_defense,11.4713
13,00-0036862,Ben Skowronek,WR,BUF,0.0,1.0333333333333334,0.3333333333333333,0.0,30.727272727272727,11,plus_redzone_defense,2.0302
13,00-0036912,DeVonta Smith,WR,CHI,9.8,11.200000000000001,7.666666666666667,0.3333333333333333,33.863636363636374,11,plus_redzone_defense,11.2497
13,00-0036963,Amon-Ra St. Brown,WR,GB,0.0,17.633333333333333,11.0,2.0,27.681818181818187,11,plus_redzone_defense,16.4886
13,00-0037091,Bo Melton,WR,DET,1.5,3.2500000000000004,3.0,0.0,34.89272727272727,11,plus_redzone_defense,4.8872
13,00-0037239,Chris Olave,WR,MIA,14.7,18.7,10.5,0.5,26.94545454545454,11,plus_redzone_defense,15.9665
13,00-0037240,Jameson Williams,WR,GB,26.9,14.533333333333333,6.0,0.6666666666666666,27.681818181818187,11,plus_redzone_defense,10.8709
13,00-0037247,George Pickens,WR,KC,14.8,29.5,10.0,1.5,26.53636363636364,11,plus_redzone_defense,18.592
13,00-0037261,Khalil Shakir,WR,PIT,1.5,10.833333333333334,7.333333333333333,0.6666666666666666,39.5,11,plus_redzone_defense,10.7895
13,00-0037291,Jalen Nailor,WR,SEA,0.0,8.666666666666666,2.6666666666666665,0.6666666666666666,28.6,11,plus_redzone_defense,6.3314
13,00-0037545,Rashid Shaheed,WR,MIN,2.6,2.9,4.0,0.3333333333333333,26.072727272727267,11,plus_redzone_defense,6.0069
13,00-0037614,John Metchie III,WR,ATL,5.7,10.866666666666667,4.0,0.3333333333333333,31.61818181818182,11,plus_redzone_defense,7.9371
13,00-0037664,Alec Pierce,WR,HOU,17.8,11.0,4.5,0.5,25.33636363636364,11,plus_redzone_defense,8.6267
13,00-0037741,Jahan Dotson,WR,CHI,2.2,2.1,1.3333333333333333,0.0,33.863636363636374,11,plus_redzone_defense,3.1214
13,00-0037801,KaVontae Turpin,WR,KC,8.100000000000001,3.6000000000000005,3.0,0.0,26.53636363636364,11,plus_redzone_defense,5.1987
13,00-0037816,Romeo Doubs,WR,DET,12.0,5.033333333333334,5.0,0.3333333333333333,34.89272727272727,11,plus_redzone_defense,7.2263
13,00-0037837,Calvin Austin III,WR,BUF,0.0,4.166666666666667,4.333333333333333,0.0,30.727272727272727,11,plus_redzone_defense,6.4304
13,00-0038090,Skyy Moore,WR,CLE,0.0,0.9333333333333332,0.3333333333333333,0.0,26.62727272727272,11,plus_redzone_defense,2.1123
13,00-0038104,Tyquan Thornton,WR,DAL,0.0,3.5500000000000003,1.5,0.0,39.11818181818182,11,plus_redzone_defense,3.5101
13,00-0038117,Wan'Dale Robinson,WR,NE,10.4,16.8,11.666666666666666,0.3333333333333333,31.383333333333336,12,plus_redzone_defense,16.3582
13,00-0038359,Xavier Smith,WR,CAR,11.200000000000001,2.1,1.5,0.0,25.191666666666666,12,plus_redzone_defense,3.4994
13,00-0038393,Dontayvion Wicks,WR,DET,28.0,4.966666666666668,4.666666666666667,0.3333333333333333,34.89272727272727,11,plus_redzone_defense,6.9103
13,00-0038519,Nikko Remigio,WR,DAL,0.0,0.0,0.0,0.0,39.11818181818182,11,plus_redzone_defense,1.2411
13,00-0038543,Jaxon Smith-Njigba,WR,MIN,4.300000000000001,26.0,10.0,2.3333333333333335,26.072727272727267,11,plus_redzone_defense,17.8984
13,00-0038544,Quentin Johnston,WR,LV,11.3,4.6,6.5,0.5,36.19090909090908,11,plus_redzone_defense,8.4642
13,00-0038559,Michael Wilson,WR,TB,6.6,20.900000000000002,13.333333333333334,1.6666666666666667,35.46363636363637,11,plus_redzone_defense,19.1426
13,00-0038563,Tre Tucker,WR,LAC,5.0,8.666666666666666,7.333333333333333,0.6666666666666666,25.656363636363633,11,plus_redzone_defense,10.5898
13,00-0038573,Derius Davis,WR,LV,0.0,0.65,1.0,0.0,36.19090909090908,11,plus_redzone_defense,2.3835
13,00-0038576,Charlie Jones,WR,BAL,0.0,0.0,0.5,0.0,35.75454545454546,11,plus_redzone_defense,1.7777
13,00-0038606,Parker Washington,WR,TEN,3.6,11.333333333333334,6.0,2.3333333333333335,36.77272727272727,11,plus_redzone_defense,10.2101
13,00-0038618,Xavier Hutchinson,WR,IND,5.9,4.05,3.0,0.5,35.37272727272728,11,plus_redzone_defense,5.2069
13,00-0038621,DeMario Douglas,WR,NYG,6.300000000000001,5.866666666666667,3.0,0.0,36.15,12,plus_redzone_defense,5.536
13,00-0038824,Ryan Miller,WR,ARI,0.0,0.0,0.0,0.0,30.09090909090909,11,plus_redzone_defense,1.4791
13,00-0038840,Brycen Tremayne,WR,LA,0.0,1.85,1.0,0.0,29.69090909090909,11,plus_redzone_defense,2.8677
13,00-0038979,Cedric Tillman,WR,SF,0.0,4.266666666666667,3.6666666666666665,0.3333333333333333,34.71666666666667,12,plus_redzone_defense,5.8366
13,00-0038997,Josh Downs,WR,HOU,6.4,2.15,4.0,0.5,25.33636363636364,11,plus_redzone_defense,5.8722
13,00-0039064,Zay Flowers,WR,CIN,2.6,11.766666666666666,7.0,0.6666666666666666,28.625454545454545,11,plus_redzone_defense,11.0208
13,00-0039075,Puka Nacua,WR,CAR,13.2,16.8,9.0,0.3333333333333333,25.191666666666666,12,plus_redzone_defense,14.1324
13,00-0039342,Xavier Legette,WR,LA,1.1,7.833333333333333,4.666666666666667,0.3333333333333333,29.69090909090909,11,plus_redzone_defense,7.7946
13,00-0039424,Devaughn Vele,WR,MIA,23.3,4.6,5.0,0.5,26.94545454545454,11,plus_redzone_defense,7.3642
13,00-0039589,Kameron Johnson,WR,ARI,0.0,0.3666666666666667,0.6666666666666666,0.0,30.09090909090909,11,plus_redzone_defense,2.1719
13,00-0039751,Jordan Whittington,WR,CAR,0.0,3.3,2.0,0.0,25.191666666666666,12,plus_redzone_defense,4.2601
13,00-0039868,Troy Franklin,WR,WAS,4.1,13.7,8.5,1.0,36.92727272727273,11,plus_redzone_defense,12.7322
13,00-0039880,Malik Washington,WR,NO,7.0,8.25,3.5,0.5,30.072727272727274,11,plus_redzone_defense,6.8892
13,00-0039890,Adonai Mitchell,WR,ATL,24.200000000000003,4.1,6.5,1.0,31.61818181818182,11,plus_redzone_defense,8.5783
13,00-0039894,Xavier Worthy,WR,DAL,11.4,7.7,6.5,0.5,39.11818181818182,11,plus_redzone_defense,9.195
13,00-0039915,Ladd McConkey,WR,LV,13.9,12.500000000000002,5.0,1.0,36.19090909090908,11,plus_redzone_defense,9.3033
13,00-0039916,Ricky Pearsall,WR,CLE,3.4000000000000004,1.9000000000000001,3.5,0.0,26.62727272727272,11,plus_redzone_defense,5.2012
13,00-0039919,Rome Odunze,WR,PHI,2.8,11.666666666666666,8.333333333333334,1.0,31.636363636363637,11,plus_redzone_defense,12.1925
13,00-0040124,Tetairoa McMillan,WR,LA,11.3,18.5,9.0,1.3333333333333333,29.69090909090909,11,plus_redzone_defense,14.7046
13,00-0040129,Emeka Egbuka,WR,ARI,8.2,12.9,10.0,1.6666666666666667,30.09090909090909,11,plus_redzone_defense,14.2129
13,00-0040130,Jayden Higgins,WR,IND,11.5,12.833333333333334,7.666666666666667,1.6666666666666667,35.37272727272728,11,plus_redzone_defense,11.9659
13,00-0040131,Kyle Williams,WR,NYG,10.3,5.666666666666667,2.0,0.0,36.15,12,plus_redzone_defense,4.588
13,00-0040138,Jaylin Noel,WR,IND,0.0,3.8666666666666667,2.6666666666666665,0.6666666666666666,35.37272727272728,11,plus_redzone_defense,4.9018
13,00-0040154,Tai Felton,WR,SEA,0.0,0.0,0.0,0.0,28.6,11,plus_redzone_defense,1.5184
13,00-0040164,Jaylin Lane,WR,DEN,0.0,3.7,1.0,0.0,25.936363636363637,11,plus_redzone_defense,3.4488
13,00-0040237,Tez Johnson,WR,ARI,1.5,11.366666666666667,5.666666666666667,2.6666666666666665,30.09090909090909,11,plus_redzone_defense,10.1789
13,00-0040506,Myles Price,WR,SEA,0.0,0.0,0.0,0.0,28.6,11,plus_redzone_defense,1.5184
13,00-0040581,Dont'e Thornton Jr.,WR,LAC,2.1,1.9000000000000001,2.0,0.0,25.656363636363633,11,plus_redzone_defense,3.8829
13,00-0040669,Isaac TeSlaa,WR,GB,11.5,0.7000000000000001,1.0,0.0,27.681818181818187,11,plus_redzone_defense,2.6209
13,00-0040705,Chimere Dike,WR,JAX,1.9000000000000001,9.4,5.0,1.0,33.52727272727273,11,plus_redzone_defense,8.5656
13,00-0040727,Tre Harris,WR,LV,6.0,2.3,1.5,0.0,36.19090909090908,11,plus_redzone_defense,3.2615
13,00-0040729,Jack Bech,WR,LAC,4.2,1.4500000000000002,1.0,0.0,25.656363636363633,11,plus_redzone_defense,2.8698
13,00-0040735,Luther Burden III,WR,PHI,7.6,7.633333333333334,4.666666666666667,0.0,31.636363636363637,11,plus_redzone_defense,7.6086
13,00-0040782,Isaiah Bond,WR,SF,3.7,4.300000000000001,2.0,0.0,34.71666666666667,12,plus_redzone_defense,4.2696
13,00-0033375,Tim Patrick,WR,TEN,2.1,5.5,4.0,1.5,36.77272727272727,11,plus_redzone_defense,6.6915
13,00-0036309,Darnell Mooney,WR,NYJ,4.5,8.5,6.0,0.0,29.536363636363635,11,plus_redzone_defense,9.0843
13,00-0036415,Van Jefferson,WR,JAX,5.0,6.6499999999999995,4.0,0.5,33.52727272727273,11,plus_redzone_defense,6.8291
13,00-0038619,Andrei Iosivas,WR,BAL,9.9,7.800000000000001,6.0,0.0,35.75454545454546,11,plus_redzone_defense,8.738
13,00-0039410,Ryan Flournoy,WR,KC,6.4,3.6,1.0,0.5,26.53636363636364,11,plus_redzone_defense,3.5308
13,00-0039451,Isaiah Williams,WR,ATL,0.0,1.0,2.3333333333333335,0.3333333333333333,31.61818181818182,11,plus_redzone_defense,3.8724
13,00-0039739,Roman Wilson,WR,BUF,0.0,4.733333333333333,2.6666666666666665,0.3333333333333333,30.727272727272727,11,plus_redzone_defense,5.1675
13,00-0040134,Pat Bryant,WR,WAS,7.2,9.25,4.0,0.5,36.92727272727273,11,plus_redzone_defense,7.4171
13,00-0035359,David Sills,WR,NYJ,9.5,3.9,2.0,0.3333333333333333,29.536363636363635,11,plus_redzone_defense,4.3845
13,00-0032775,Demarcus Robinson,WR,CLE,0.6000000000000001,3.5,2.3333333333333335,0.0,26.62727272727272,11,plus_redzone_defense,4.573
13,00-0038994,Jordan Addison,WR,SEA,8.6,5.5,6.333333333333333,1.0,28.6,11,plus_redzone_defense,8.8735
13,00-0039521,Xavier Weaver,WR,TB,0.0,2.7,3.0,1.0,35.46363636363637,11,plus_redzone_defense,4.9765
13,00-0039920,Malachi Corley,WR,SF,0.9,2.433333333333333,2.3333333333333335,0.0,34.71666666666667,12,plus_redzone_defense,4.0817
13,00-0040259,Gage Larvadain,WR,SF,4.300000000000001,0.0,0.3333333333333333,0.0,34.71666666666667,12,plus_redzone_defense,1.6557
13,00-0040534,Ke'Shawn Williams,WR,BUF,0.0,0.0,0.0,0.0,30.727272727272727,11,plus_redzone_defense,1.4623
13,00-0040563,Efton Chism III,WR,NYG,0.0,0.0,0.0,0.0,36.15,12,plus_redzone_defense,1.3193
13,00-0040590,Konata Mumpfield,WR,CAR,0.0,2.25,2.0,0.0,25.191666666666666,12,plus_redzone_defense,3.9864
13,00-0032951,Laquon Treadwell,WR,HOU,0.0,0.0,0.0,0.0,25.33636363636364,11,plus_redzone_defense,1.6044
13,00-0039067,Rashee Rice,WR,DAL,29.4,15.950000000000001,10.5,4.0,39.11818181818182,11,plus_redzone_defense,15.7959
13,00-0039491,Jalen Coker,WR,LA,17.4,6.833333333333333,4.0,1.0,29.69090909090909,11,plus_redzone_defense,7.1019
13,00-0038124,Christian Watson,WR,DET,18.3,12.333333333333334,5.333333333333333,0.6666666666666666,34.89272727272727,11,plus_redzone_defense,9.5102
13,00-0036841,Austin Trammell,WR,TEN,0.0,2.5333333333333337,1.6666666666666667,0.0,36.77272727272727,11,plus_redzone_defense,3.4563
13,00-0034860,Dante Pettis,WR,MIA,0.0,1.2000000000000002,0.5,0.0,26.94545454545454,11,plus_redzone_defense,2.3227
13,00-0036165,Isaiah Hodgins,WR,NE,1.4,11.45,6.0,1.0,31.383333333333336,12,plus_redzone_defense,10.0523
13,00-0036196,Gabe Davis,WR,PIT,1.5,5.1,3.0,0.5,39.5,11,plus_redzone_defense,5.3717
14,00-0030035,Adam Thielen,WR,BAL,1.4,0.8,1.5,0.0,35.45,12,baseline,2.991
14,00-0030279,Keenan Allen,WR,PHI,5.2,8.15,5.5,0.5,30.583333333333332,12,baseline,8.5466
14,00-0030564,DeAndre Hopkins,WR,PIT,0.0,3.3000000000000003,3.3333333333333335,0.3333333333333333,37.391666666666666,12,baseline,5.3041
14,00-0031381,Davante Adams,WR,ARI,6.9,17.366666666666664,7.0,2.0,29.416666666666668,12,baseline,12.3641
14,00-0032211,Tyler Lockett,WR,DEN,7.1000000000000005,6.2,3.0,0.0,27.208333333333332,12,baseline,5.784
14,00-0032385,Sterling Shepard,WR,NO,1.5,5.266666666666667,4.333333333333333,1.0,28.950000000000003,12,baseline,6.7277
14,00-0033572,Jamal Agnew,WR,SEA,0.0,0.0,0.0,0.0,27.133333333333336,12,baseline,1.4327
14,00-0033857,JuJu Smith-Schuster,WR,HOU,1.5,0.6,1.0,0.3333333333333333,25.433333333333337,12,baseline,2.4895
14,00-0033908,Cooper Kupp,WR,ATL,11.5,5.033333333333334,5.0,0.6666666666666666,31.641666666666666,12,baseline,7.2622
14,00-0034348,Courtland Sutton,WR,LV,12.2,13.55,7.0,2.0,36.35833333333333,12,baseline,11.3397
14,00-0034827,DJ Moore,WR,GB,0.6,10.4,5.666666666666667,1.3333333333333333,29.20833333333334,12,baseline,9.2999
14,00-0034960,Jakobi Meyers,WR,IND,14.8,15.9,6.333333333333333,1.3333333333333333,35.66666666666667,12,baseline,11.3733
14,00-0035208,Olamide Zaccheaus,WR,GB,8.7,2.75,2.0,0.5,29.20833333333334,12,baseline,3.9623
14,00-0035640,DK Metcalf,WR,BAL,21.8,10.166666666666666,7.666666666666667,0.3333333333333333,35.45,12,baseline,11.0286
14,00-0035662,Marquise Brown,WR,HOU,4.5,6.666666666666667,2.3333333333333335,0.3333333333333333,25.433333333333337,12,baseline,5.3121
14,00-0035676,A.J. Brown,WR,LAC,16.0,24.03333333333333,11.0,2.0,24.634999999999994,12,baseline,17.7363
14,00-0035719,Deebo Samuel Sr.,WR,MIN,6.7,15.9,9.0,1.5,25.183333333333326,12,baseline,13.7618
14,00-0035891,Cody White,WR,ATL,1.9,1.0333333333333334,0.3333333333333333,0.0,31.641666666666666,12,baseline,2.0087
14,00-0036252,Michael Pittman,WR,JAX,16.9,8.0,6.0,1.5,31.833333333333332,12,baseline,8.9542
14,00-0036322,Justin Jefferson,WR,WAS,3.1,7.433333333333334,7.0,0.0,36.53333333333334,12,baseline,9.6978
14,00-0036331,Devin Duvernay,WR,GB,3.4000000000000004,0.0,0.0,0.0,29.20833333333334,12,baseline,1.4327
14,00-0036358,CeeDee Lamb,WR,DET,18.1,17.76666666666667,9.0,2.3333333333333335,36.968333333333334,12,baseline,14.2629
14,00-0036407,Jerry Jeudy,WR,TEN,16.6,5.2,4.666666666666667,0.3333333333333333,36.358333333333334,12,baseline,7.0084
14,00-0036410,Tee Higgins,WR,BUF,27.200000000000003,11.7,7.0,0.5,28.683333333333334,12,baseline,10.8431
14,00-0036554,Nico Collins,WR,KC,16.1,18.066666666666666,8.0,1.0,28.783333333333335,12,baseline,13.4477
14,00-0036613,Jaylen Waddle,WR,NYJ,18.1,7.6,6.5,0.5,28.75,12,baseline,9.2947
14,00-0036862,Ben Skowronek,WR,BAL,2.3,1.0333333333333334,0.6666666666666666,0.0,35.45,12,baseline,2.3072
14,00-0036900,Ja'Marr Chase,WR,BUF,10.2,12.0,12.0,2.0,28.683333333333334,12,baseline,15.402
14,00-0036912,DeVonta Smith,WR,LAC,7.7,8.833333333333334,8.0,0.3333333333333333,24.634999999999994,12,baseline,10.9693
14,00-0036963,Amon-Ra St. Brown,WR,DAL,15.200000000000001,12.033333333333333,8.666666666666666,1.0,40.09166666666666,12,baseline,12.4254
14,00-0037091,Bo Melton,WR,CHI,11.5,1.6,2.0,0.0,34.97500000000001,12,baseline,3.6536
14,00-0037239,Chris Olave,WR,TB,6.0,15.35,10.0,0.5,34.416666666666664,12,baseline,14.5099
14,00-0037240,Jameson Williams,WR,DAL,17.3,15.533333333333333,7.333333333333333,0.3333333333333333,40.09166666666666,12,baseline,12.1706
14,00-0037247,George Pickens,WR,DET,8.7,24.599999999999998,11.0,2.3333333333333335,36.968333333333334,12,baseline,17.8885
14,00-0037261,Khalil Shakir,WR,CIN,9.6,7.066666666666666,5.666666666666667,0.6666666666666666,26.831666666666667,12,baseline,8.4051
14,00-0037291,Jalen Nailor,WR,WAS,6.0,0.8666666666666667,1.0,0.0,36.53333333333334,12,baseline,2.5611
14,00-0037545,Rashid Shaheed,WR,ATL,10.7,2.6666666666666665,4.333333333333333,0.0,31.641666666666666,12,baseline,6.0298
14,00-0037614,John Metchie III,WR,MIA,7.4,12.566666666666668,6.333333333333333,0.6666666666666666,28.274999999999995,12,baseline,10.4786
14,00-0037664,Alec Pierce,WR,JAX,13.0,10.700000000000001,3.5,1.0,31.833333333333332,12,baseline,7.4397
14,00-0037741,Jahan Dotson,WR,LAC,1.3,2.8333333333333335,2.0,0.0,24.634999999999994,12,baseline,3.9846
14,00-0037801,KaVontae Turpin,WR,DET,5.0,5.1000000000000005,3.6666666666666665,0.0,36.968333333333334,12,baseline,6.0859
14,00-0037816,Romeo Doubs,WR,CHI,0.0,8.533333333333333,5.0,1.3333333333333333,34.97500000000001,12,baseline,8.2017
14,00-0037837,Calvin Austin III,WR,BAL,4.1,3.033333333333333,2.6666666666666665,0.0,35.45,12,baseline,4.6354
14,00-0038104,Tyquan Thornton,WR,HOU,3.9000000000000004,2.3666666666666667,1.0,0.0,25.433333333333337,12,baseline,2.9637
14,00-0038359,Xavier Smith,WR,ARI,1.6,6.500000000000001,2.5,0.5,29.416666666666668,12,baseline,5.4167
14,00-0038543,Jaxon Smith-Njigba,WR,ATL,28.1,20.666666666666668,9.333333333333334,2.3333333333333335,31.641666666666666,12,baseline,15.3399
14,00-0038544,Quentin Johnston,WR,PHI,2.8,5.65,3.0,1.5,30.583333333333332,12,baseline,5.6364
14,00-0038559,Michael Wilson,WR,LA,37.2,20.633333333333333,13.333333333333334,1.3333333333333333,29.700000000000003,12,baseline,18.9136
14,00-0038563,Tre Tucker,WR,DEN,4.4,8.5,7.0,1.0,27.208333333333332,12,baseline,9.9841
14,00-0038573,Derius Davis,WR,PHI,0.0,0.0,0.5,0.0,30.583333333333332,12,baseline,1.8806
14,00-0038576,Charlie Jones,WR,BUF,0.0,0.0,0.3333333333333333,0.0,28.683333333333334,12,baseline,1.7313
14,00-0038618,Xavier Hutchinson,WR,KC,0.0,4.666666666666667,3.6666666666666665,0.6666666666666666,28.783333333333335,12,baseline,5.9696
14,00-0038824,Ryan Miller,WR,NO,0.0,0.0,0.0,0.0,28.950000000000003,12,baseline,1.4327
14,00-0038976,Marvin Mims Jr.,WR,LV,1.7,1.9500000000000002,2.0,0.0,36.35833333333333,12,baseline,3.7475
14,00-0038979,Cedric Tillman,WR,TEN,3.3000000000000003,3.233333333333333,2.6666666666666665,0.0,36.358333333333334,12,baseline,4.6891
14,00-0038997,Josh Downs,WR,JAX,6.300000000000001,4.7,6.0,0.5,31.833333333333332,12,baseline,8.0684
14,00-0039064,Zay Flowers,WR,PIT,20.6,8.600000000000001,7.0,0.3333333333333333,37.391666666666666,12,baseline,10.011
14,00-0039075,Puka Nacua,WR,ARI,35.7,15.4,10.0,1.0,29.416666666666668,12,baseline,14.5233
14,00-0039424,Devaughn Vele,WR,TB,7.0,15.0,7.5,1.5,34.416666666666664,12,baseline,12.1767
14,00-0039589,Kameron Johnson,WR,NO,0.0,0.0,0.0,0.0,28.950000000000003,12,baseline,1.4327
14,00-0039751,Jordan Whittington,WR,ARI,1.5,2.1999999999999997,1.6666666666666667,0.0,29.416666666666668,12,baseline,3.5161
14,00-0039816,Anthony Gould,WR,JAX,1.3,0.0,0.0,0.0,31.833333333333332,12,baseline,1.4327
14,00-0039868,Troy Franklin,WR,LV,4.1,8.25,5.5,0.0,36.35833333333333,12,baseline,8.5735
14,00-0039880,Malik Washington,WR,NYJ,4.0,7.1,4.0,0.0,28.75,12,baseline,6.9213
14,00-0039890,Adonai Mitchell,WR,MIA,3.4000000000000004,10.800000000000002,8.333333333333334,1.3333333333333333,28.274999999999995,12,baseline,11.7957
14,00-0039894,Xavier Worthy,WR,HOU,8.5,8.933333333333334,7.0,0.3333333333333333,25.433333333333337,12,baseline,10.1004
14,00-0039915,Ladd McConkey,WR,PHI,2.2,9.1,5.0,1.0,30.583333333333332,12,baseline,8.3538
14,00-0040075,LaJohntay Wester,WR,PIT,0.0,0.0,0.0,0.0,37.391666666666666,12,baseline,1.4327
14,00-0040129,Emeka Egbuka,WR,NO,3.5,7.8,8.333333333333334,1.0,28.950000000000003,12,baseline,10.9905
14,00-0040130,Jayden Higgins,WR,KC,6.4,11.6,7.0,0.6666666666666666,28.783333333333335,12,baseline,10.8162
14,00-0040138,Jaylin Noel,WR,KC,3.3000000000000003,1.3666666666666665,1.6666666666666667,0.6666666666666666,28.783333333333335,12,baseline,3.2924
14,00-0040154,Tai Felton,WR,WAS,2.0,0.0,0.0,0.0,36.53333333333334,12,baseline,1.4327
14,00-0040164,Jaylin Lane,WR,MIN,0.0,1.15,1.0,0.0,25.183333333333326,12,baseline,2.6371
14,00-0040170,Elic Ayomanor,WR,CLE,8.4,2.3,5.5,0.0,25.89999999999999,12,baseline,6.9764
14,00-0040506,Myles Price,WR,WAS,0.0,0.0,0.0,0.0,36.53333333333334,12,baseline,1.4327
14,00-0040669,Isaac TeSlaa,WR,DAL,10.0,3.8333333333333335,1.3333333333333333,0.3333333333333333,40.09166666666666,12,baseline,3.6559
14,00-0040705,Chimere Dike,WR,CLE,13.4,6.8999999999999995,5.0,0.6666666666666666,25.89999999999999,12,baseline,7.7633
14,00-0040727,Tre Harris,WR,PHI,3.1,4.1,2.5,0.5,30.583333333333332,12,baseline,4.7725
14,00-0040729,Jack Bech,WR,DEN,11.0,3.5500000000000003,2.0,0.5,27.208333333333332,12,baseline,4.177
14,00-0040735,Luther Burden III,WR,GB,11.0,7.466666666666666,6.0,0.0,29.20833333333334,12,baseline,8.8111
14,00-0040782,Isaiah Bond,WR,TEN,0.0,4.1000000000000005,2.3333333333333335,0.0,36.358333333333334,12,baseline,4.6232
14,00-0033375,Tim Patrick,WR,IND,18.8,4.366666666666666,3.0,1.0,35.66666666666667,12,baseline,5.2919
14,00-0036309,Darnell Mooney,WR,SEA,1.6,9.1,5.0,0.6666666666666666,27.133333333333336,12,baseline,8.3538
14,00-0036415,Van Jefferson,WR,CLE,3.7,6.099999999999999,4.0,0.3333333333333333,25.89999999999999,12,baseline,6.6529
14,00-0038619,Andrei Iosivas,WR,BUF,3.7,8.5,4.666666666666667,0.3333333333333333,28.683333333333334,12,baseline,7.8942
14,00-0039410,Ryan Flournoy,WR,DET,26.5,4.533333333333334,1.6666666666666667,0.3333333333333333,36.968333333333334,12,baseline,4.1424
14,00-0039451,Isaiah Williams,WR,MIA,4.4,0.5333333333333333,2.3333333333333335,0.3333333333333333,28.274999999999995,12,baseline,3.6658
14,00-0040134,Pat Bryant,WR,LV,7.2,10.200000000000001,6.5,1.0,36.35833333333333,12,baseline,9.9926
14,00-0034521,Allen Lazard,WR,MIA,0.0,1.95,2.0,0.0,28.274999999999995,12,baseline,3.7475
14,00-0034775,Christian Kirk,WR,KC,1.6,9.0,5.0,2.5,28.783333333333335,12,baseline,8.327
14,00-0035359,David Sills,WR,SEA,0.0,7.066666666666666,3.0,0.6666666666666666,27.133333333333336,12,baseline,6.0166
14,00-0033921,Chris Godwin Jr.,WR,NO,10.5,6.8500000000000005,4.5,1.0,28.950000000000003,12,baseline,7.302
14,00-0038994,Jordan Addison,WR,WAS,10.2,6.2,6.0,0.6666666666666666,36.53333333333334,12,baseline,8.4711
14,00-0039920,Malachi Corley,WR,TEN,0.2,1.6666666666666667,1.6666666666666667,0.0,36.358333333333334,12,baseline,3.3729
14,00-0040259,Gage Larvadain,WR,TEN,3.8,1.4333333333333336,1.3333333333333333,0.0,36.358333333333334,12,baseline,3.0117
14,00-0039623,Mason Tipton,WR,TB,0.0,5.6,5.0,0.0,34.416666666666664,12,baseline,7.4143
14,00-0040590,Konata Mumpfield,WR,ARI,1.5,2.25,1.0,0.0,29.416666666666668,12,baseline,2.9324
14,00-0032951,Laquon Treadwell,WR,JAX,0.0,0.0,0.0,0.0,31.833333333333332,12,baseline,1.4327
14,00-0039067,Rashee Rice,WR,HOU,7.4,20.433333333333334,11.333333333333334,4.333333333333333,25.433333333333337,12,baseline,17.0686
14,00-0038124,Christian Watson,WR,CHI,24.9,16.266666666666666,7.666666666666667,1.0,34.97500000000001,12,baseline,12.666
14,00-0036841,Austin Trammell,WR,IND,0.0,0.7666666666666666,2.0,0.3333333333333333,35.66666666666667,12,baseline,3.4299
14,00-0034860,Dante Pettis,WR,TB,0.0,1.2000000000000002,0.5,0.0,34.416666666666664,12,baseline,2.2027
14,00-0035876,Andre Baccellia,WR,LA,1.3,0.75,0.5,0.5,29.700000000000003,12,baseline,2.0819
14,00-0036196,Gabe Davis,WR,CIN,4.1,3.9,2.6666666666666665,0.6666666666666666,26.831666666666667,12,baseline,4.8681
14,00-0040024,Darius Cooper,WR,LAC,2.9000000000000004,1.35,1.0,0.0,24.634999999999994,12,baseline,2.6908
14,00-0036133,James Proche,WR,CLE,0.0,4.75,2.0,0.0,25.89999999999999,12,baseline,4.4991
14,00-0038953,Dylan Drummond,WR,SEA,5.1,3.05,3.0,0.0,27.133333333333336,12,baseline,4.9385
14,00-0030035,Adam Thielen,WR,BAL,1.4,0.8,1.5,0.0,35.45,12,plus_defense,2.9329
14,00-0030279,Keenan Allen,WR,PHI,5.2,8.15,5.5,0.5,30.583333333333332,12,plus_defense,8.5766
14,00-0030564,DeAndre Hopkins,WR,PIT,0.0,3.3000000000000003,3.3333333333333335,0.3333333333333333,37.391666666666666,12,plus_defense,5.2133
14,00-0031381,Davante Adams,WR,ARI,6.9,17.366666666666664,7.0,2.0,29.416666666666668,12,plus_defense,12.4096
14,00-0032211,Tyler Lockett,WR,DEN,7.1000000000000005,6.2,3.0,0.0,27.208333333333332,12,plus_defense,5.8701
14,00-0032385,Sterling Shepard,WR,NO,1.5,5.266666666666667,4.333333333333333,1.0,28.950000000000003,12,plus_defense,6.7867
14,00-0033572,Jamal Agnew,WR,SEA,0.0,0.0,0.0,0.0,27.133333333333336,12,plus_defense,1.5194
14,00-0033857,JuJu Smith-Schuster,WR,HOU,1.5,0.6,1.0,0.3333333333333333,25.433333333333337,12,plus_defense,2.6078
14,00-0033908,Cooper Kupp,WR,ATL,11.5,5.033333333333334,5.0,0.6666666666666666,31.641666666666666,12,plus_defense,7.2751
14,00-0034348,Courtland Sutton,WR,LV,12.2,13.55,7.0,2.0,36.35833333333333,12,plus_defense,11.2657
14,00-0034827,DJ Moore,WR,GB,0.6,10.4,5.666666666666667,1.3333333333333333,29.20833333333334,12,plus_defense,9.3525
14,00-0034960,Jakobi Meyers,WR,IND,14.8,15.9,6.333333333333333,1.3333333333333333,35.66666666666667,12,plus_defense,11.3081
14,00-0035208,Olamide Zaccheaus,WR,GB,8.7,2.75,2.0,0.5,29.20833333333334,12,plus_defense,4.014
14,00-0035640,DK Metcalf,WR,BAL,21.8,10.166666666666666,7.666666666666667,0.3333333333333333,35.45,12,plus_defense,10.9751
14,00-0035662,Marquise Brown,WR,HOU,4.5,6.666666666666667,2.3333333333333335,0.3333333333333333,25.433333333333337,12,plus_defense,5.4279
14,00-0035676,A.J. Brown,WR,LAC,16.0,24.03333333333333,11.0,2.0,24.634999999999994,12,plus_defense,17.869
14,00-0035719,Deebo Samuel Sr.,WR,MIN,6.7,15.9,9.0,1.5,25.183333333333326,12,plus_defense,13.8878
14,00-0035891,Cody White,WR,ATL,1.9,1.0333333333333334,0.3333333333333333,0.0,31.641666666666666,12,plus_defense,2.0153
14,00-0036252,Michael Pittman,WR,JAX,16.9,8.0,6.0,1.5,31.833333333333332,12,plus_defense,8.9632
14,00-0036322,Justin Jefferson,WR,WAS,3.1,7.433333333333334,7.0,0.0,36.53333333333334,12,plus_defense,9.6262
14,00-0036331,Devin Duvernay,WR,GB,3.4000000000000004,0.0,0.0,0.0,29.20833333333334,12,plus_defense,1.4827
14,00-0036358,CeeDee Lamb,WR,DET,18.1,17.76666666666667,9.0,2.3333333333333335,36.968333333333334,12,plus_defense,14.1785
14,00-0036407,Jerry Jeudy,WR,TEN,16.6,5.2,4.666666666666667,0.3333333333333333,36.358333333333334,12,plus_defense,6.9369
14,00-0036410,Tee Higgins,WR,BUF,27.200000000000003,11.7,7.0,0.5,28.683333333333334,12,plus_defense,10.9066
14,00-0036554,Nico Collins,WR,KC,16.1,18.066666666666666,8.0,1.0,28.783333333333335,12,plus_defense,13.5059
14,00-0036613,Jaylen Waddle,WR,NYJ,18.1,7.6,6.5,0.5,28.75,12,plus_defense,9.3597
14,00-0036862,Ben Skowronek,WR,BAL,2.3,1.0333333333333334,0.6666666666666666,0.0,35.45,12,plus_defense,2.2471
14,00-0036900,Ja'Marr Chase,WR,BUF,10.2,12.0,12.0,2.0,28.683333333333334,12,plus_defense,15.4758
14,00-0036912,DeVonta Smith,WR,LAC,7.7,8.833333333333334,8.0,0.3333333333333333,24.634999999999994,12,plus_defense,11.1092
14,00-0036963,Amon-Ra St. Brown,WR,DAL,15.200000000000001,12.033333333333333,8.666666666666666,1.0,40.09166666666666,12,plus_defense,12.2901
14,00-0037091,Bo Melton,WR,CHI,11.5,1.6,2.0,0.0,34.97500000000001,12,plus_defense,3.6042
14,00-0037239,Chris Olave,WR,TB,6.0,15.35,10.0,0.5,34.416666666666664,12,plus_defense,14.475
14,00-0037240,Jameson Williams,WR,DAL,17.3,15.533333333333333,7.333333333333333,0.3333333333333333,40.09166666666666,12,plus_defense,12.0294
14,00-0037247,George Pickens,WR,DET,8.7,24.599999999999998,11.0,2.3333333333333335,36.968333333333334,12,plus_defense,17.8022
14,00-0037261,Khalil Shakir,WR,CIN,9.6,7.066666666666666,5.666666666666667,0.6666666666666666,26.831666666666667,12,plus_defense,8.5028
14,00-0037291,Jalen Nailor,WR,WAS,6.0,0.8666666666666667,1.0,0.0,36.53333333333334,12,plus_defense,2.4826
14,00-0037545,Rashid Shaheed,WR,ATL,10.7,2.6666666666666665,4.333333333333333,0.0,31.641666666666666,12,plus_defense,6.0434
14,00-0037614,John Metchie III,WR,MIA,7.4,12.566666666666668,6.333333333333333,0.6666666666666666,28.274999999999995,12,plus_defense,10.5472
14,00-0037664,Alec Pierce,WR,JAX,13.0,10.700000000000001,3.5,1.0,31.833333333333332,12,plus_defense,7.441
14,00-0037741,Jahan Dotson,WR,LAC,1.3,2.8333333333333335,2.0,0.0,24.634999999999994,12,plus_defense,4.1172
14,00-0037801,KaVontae Turpin,WR,DET,5.0,5.1000000000000005,3.6666666666666665,0.0,36.968333333333334,12,plus_defense,6.0016
14,00-0037816,Romeo Doubs,WR,CHI,0.0,8.533333333333333,5.0,1.3333333333333333,34.97500000000001,12,plus_defense,8.1525
14,00-0037837,Calvin Austin III,WR,BAL,4.1,3.033333333333333,2.6666666666666665,0.0,35.45,12,plus_defense,4.5778
14,00-0038104,Tyquan Thornton,WR,HOU,3.9000000000000004,2.3666666666666667,1.0,0.0,25.433333333333337,12,plus_defense,3.0805
14,00-0038359,Xavier Smith,WR,ARI,1.6,6.500000000000001,2.5,0.5,29.416666666666668,12,plus_defense,5.4624
14,00-0038543,Jaxon Smith-Njigba,WR,ATL,28.1,20.666666666666668,9.333333333333334,2.3333333333333335,31.641666666666666,12,plus_defense,15.3479
14,00-0038544,Quentin Johnston,WR,PHI,2.8,5.65,3.0,1.5,30.583333333333332,12,plus_defense,5.6632
14,00-0038559,Michael Wilson,WR,LA,37.2,20.633333333333333,13.333333333333334,1.3333333333333333,29.700000000000003,12,plus_defense,18.9646
14,00-0038563,Tre Tucker,WR,DEN,4.4,8.5,7.0,1.0,27.208333333333332,12,plus_defense,10.0766
14,00-0038573,Derius Davis,WR,PHI,0.0,0.0,0.5,0.0,30.583333333333332,12,plus_defense,1.9072
14,00-0038576,Charlie Jones,WR,BUF,0.0,0.0,0.3333333333333333,0.0,28.683333333333334,12,plus_defense,1.7912
14,00-0038618,Xavier Hutchinson,WR,KC,0.0,4.666666666666667,3.6666666666666665,0.6666666666666666,28.783333333333335,12,plus_defense,6.0306
14,00-0038824,Ryan Miller,WR,NO,0.0,0.0,0.0,0.0,28.950000000000003,12,plus_defense,1.4872
14,00-0038976,Marvin Mims Jr.,WR,LV,1.7,1.9500000000000002,2.0,0.0,36.35833333333333,12,plus_defense,3.6733
14,00-0038979,Cedric Tillman,WR,TEN,3.3000000000000003,3.233333333333333,2.6666666666666665,0.0,36.358333333333334,12,plus_defense,4.6152
14,00-0038997,Josh Downs,WR,JAX,6.300000000000001,4.7,6.0,0.5,31.833333333333332,12,plus_defense,8.0803
14,00-0039064,Zay Flowers,WR,PIT,20.6,8.600000000000001,7.0,0.3333333333333333,37.391666666666666,12,plus_defense,9.9231
14,00-0039075,Puka Nacua,WR,ARI,35.7,15.4,10.0,1.0,29.416666666666668,12,plus_defense,14.5769
14,00-0039424,Devaughn Vele,WR,TB,7.0,15.0,7.5,1.5,34.416666666666664,12,plus_defense,12.1368
14,00-0039589,Kameron Johnson,WR,NO,0.0,0.0,0.0,0.0,28.950000000000003,12,plus_defense,1.4872
14,00-0039751,Jordan Whittington,WR,ARI,1.5,2.1999999999999997,1.6666666666666667,0.0,29.416666666666668,12,plus_defense,3.5639
14,00-0039816,Anthony Gould,WR,JAX,1.3,0.0,0.0,0.0,31.833333333333332,12,plus_defense,1.4362
14,00-0039868,Troy Franklin,WR,LV,4.1,8.25,5.5,0.0,36.35833333333333,12,plus_defense,8.5011
14,00-0039880,Malik Washington,WR,NYJ,4.0,7.1,4.0,0.0,28.75,12,plus_defense,6.9814
14,00-0039890,Adonai Mitchell,WR,MIA,3.4000000000000004,10.800000000000002,8.333333333333334,1.3333333333333333,28.274999999999995,12,plus_defense,11.8701
14,00-0039894,Xavier Worthy,WR,HOU,8.5,8.933333333333334,7.0,0.3333333333333333,25.433333333333337,12,plus_defense,10.224
14,00-0039915,Ladd McConkey,WR,PHI,2.2,9.1,5.0,1.0,30.583333333333332,12,plus_defense,8.3818
14,00-0040075,LaJohntay Wester,WR,PIT,0.0,0.0,0.0,0.0,37.391666666666666,12,plus_defense,1.3378
14,00-0040129,Emeka Egbuka,WR,NO,3.5,7.8,8.333333333333334,1.0,28.950000000000003,12,plus_defense,11.0556
14,00-0040130,Jayden Higgins,WR,KC,6.4,11.6,7.0,0.6666666666666666,28.783333333333335,12,plus_defense,10.8781
14,00-0040138,Jaylin Noel,WR,KC,3.3000000000000003,1.3666666666666665,1.6666666666666667,0.6666666666666666,28.783333333333335,12,plus_defense,3.3521
14,00-0040154,Tai Felton,WR,WAS,2.0,0.0,0.0,0.0,36.53333333333334,12,plus_defense,1.353
14,00-0040164,Jaylin Lane,WR,MIN,0.0,1.15,1.0,0.0,25.183333333333326,12,plus_defense,2.7594
14,00-0040170,Elic Ayomanor,WR,CLE,8.4,2.3,5.5,0.0,25.89999999999999,12,plus_defense,7.0944
14,00-0040506,Myles Price,WR,WAS,0.0,0.0,0.0,0.0,36.53333333333334,12,plus_defense,1.353
14,00-0040669,Isaac TeSlaa,WR,DAL,10.0,3.8333333333333335,1.3333333333333333,0.3333333333333333,40.09166666666666,12,plus_defense,3.5126
14,00-0040705,Chimere Dike,WR,CLE,13.4,6.8999999999999995,5.0,0.6666666666666666,25.89999999999999,12,plus_defense,7.8762
14,00-0040727,Tre Harris,WR,PHI,3.1,4.1,2.5,0.5,30.583333333333332,12,plus_defense,4.7997
14,00-0040729,Jack Bech,WR,DEN,11.0,3.5500000000000003,2.0,0.5,27.208333333333332,12,plus_defense,4.2634
14,00-0040735,Luther Burden III,WR,GB,11.0,7.466666666666666,6.0,0.0,29.20833333333334,12,plus_defense,8.867
14,00-0040782,Isaiah Bond,WR,TEN,0.0,4.1000000000000005,2.3333333333333335,0.0,36.358333333333334,12,plus_defense,4.5478
14,00-0033375,Tim Patrick,WR,IND,18.8,4.366666666666666,3.0,1.0,35.66666666666667,12,plus_defense,5.2299
14,00-0036309,Darnell Mooney,WR,SEA,1.6,9.1,5.0,0.6666666666666666,27.133333333333336,12,plus_defense,8.4429
14,00-0036415,Van Jefferson,WR,CLE,3.7,6.099999999999999,4.0,0.3333333333333333,25.89999999999999,12,plus_defense,6.7644
14,00-0038619,Andrei Iosivas,WR,BUF,3.7,8.5,4.666666666666667,0.3333333333333333,28.683333333333334,12,plus_defense,7.9557
14,00-0039410,Ryan Flournoy,WR,DET,26.5,4.533333333333334,1.6666666666666667,0.3333333333333333,36.968333333333334,12,plus_defense,4.0544
14,00-0039451,Isaiah Williams,WR,MIA,4.4,0.5333333333333333,2.3333333333333335,0.3333333333333333,28.274999999999995,12,plus_defense,3.7367
14,00-0040134,Pat Bryant,WR,LV,7.2,10.200000000000001,6.5,1.0,36.35833333333333,12,plus_defense,9.9205
14,00-0034521,Allen Lazard,WR,MIA,0.0,1.95,2.0,0.0,28.274999999999995,12,plus_defense,3.8165
14,00-0034775,Christian Kirk,WR,KC,1.6,9.0,5.0,2.5,28.783333333333335,12,plus_defense,8.3869
14,00-0035359,David Sills,WR,SEA,0.0,7.066666666666666,3.0,0.6666666666666666,27.133333333333336,12,plus_defense,6.1033
14,00-0033921,Chris Godwin Jr.,WR,NO,10.5,6.8500000000000005,4.5,1.0,28.950000000000003,12,plus_defense,7.3599
14,00-0038994,Jordan Addison,WR,WAS,10.2,6.2,6.0,0.6666666666666666,36.53333333333334,12,plus_defense,8.3984
14,00-0039920,Malachi Corley,WR,TEN,0.2,1.6666666666666667,1.6666666666666667,0.0,36.358333333333334,12,plus_defense,3.2983
14,00-0040259,Gage Larvadain,WR,TEN,3.8,1.4333333333333336,1.3333333333333333,0.0,36.358333333333334,12,plus_defense,2.9366
14,00-0039623,Mason Tipton,WR,TB,0.0,5.6,5.0,0.0,34.416666666666664,12,plus_defense,7.3776
14,00-0040590,Konata Mumpfield,WR,ARI,1.5,2.25,1.0,0.0,29.416666666666668,12,plus_defense,2.9787
14,00-0032951,Laquon Treadwell,WR,JAX,0.0,0.0,0.0,0.0,31.833333333333332,12,plus_defense,1.4362
14,00-0039067,Rashee Rice,WR,HOU,7.4,20.433333333333334,11.333333333333334,4.333333333333333,25.433333333333337,12,plus_defense,17.191
14,00-0038124,Christian Watson,WR,CHI,24.9,16.266666666666666,7.666666666666667,1.0,34.97500000000001,12,plus_defense,12.6155
14,00-0036841,Austin Trammell,WR,IND,0.0,0.7666666666666666,2.0,0.3333333333333333,35.66666666666667,12,plus_defense,3.369
14,00-0034860,Dante Pettis,WR,TB,0.0,1.2000000000000002,0.5,0.0,34.416666666666664,12,plus_defense,2.1604
14,00-0035876,Andre Baccellia,WR,LA,1.3,0.75,0.5,0.5,29.700000000000003,12,plus_defense,2.1235
14,00-0036196,Gabe Davis,WR,CIN,4.1,3.9,2.6666666666666665,0.6666666666666666,26.831666666666667,12,plus_defense,4.9622
14,00-0040024,Darius Cooper,WR,LAC,2.9000000000000004,1.35,1.0,0.0,24.634999999999994,12,plus_defense,2.8226
14,00-0036133,James Proche,WR,CLE,0.0,4.75,2.0,0.0,25.89999999999999,12,plus_defense,4.6076
14,00-0038953,Dylan Drummond,WR,SEA,5.1,3.05,3.0,0.0,27.133333333333336,12,plus_defense,5.0288
14,00-0030035,Adam Thielen,WR,BAL,1.4,0.8,1.5,0.0,35.45,12,plus_redzone_defense,2.87
14,00-0030279,Keenan Allen,WR,PHI,5.2,8.15,5.5,0.5,30.583333333333332,12,plus_redzone_defense,8.4721
14,00-0030564,DeAndre Hopkins,WR,PIT,0.0,3.3000000000000003,3.3333333333333335,0.3333333333333333,37.391666666666666,12,plus_redzone_defense,5.1921
14,00-0031381,Davante Adams,WR,ARI,6.9,17.366666666666664,7.0,2.0,29.416666666666668,12,plus_redzone_defense,12.7725
14,00-0032211,Tyler Lockett,WR,DEN,7.1000000000000005,6.2,3.0,0.0,27.208333333333332,12,plus_redzone_defense,5.6668
14,00-0032385,Sterling Shepard,WR,NO,1.5,5.266666666666667,4.333333333333333,1.0,28.950000000000003,12,plus_redzone_defense,6.988
14,00-0033572,Jamal Agnew,WR,SEA,0.0,0.0,0.0,0.0,27.133333333333336,12,plus_redzone_defense,1.5206
14,00-0033857,JuJu Smith-Schuster,WR,HOU,1.5,0.6,1.0,0.3333333333333333,25.433333333333337,12,plus_redzone_defense,2.7084
14,00-0033908,Cooper Kupp,WR,ATL,11.5,5.033333333333334,5.0,0.6666666666666666,31.641666666666666,12,plus_redzone_defense,7.3094
14,00-0034348,Courtland Sutton,WR,LV,12.2,13.55,7.0,2.0,36.35833333333333,12,plus_redzone_defense,11.6884
14,00-0034827,DJ Moore,WR,GB,0.6,10.4,5.666666666666667,1.3333333333333333,29.20833333333334,12,plus_redzone_defense,9.5748
14,00-0034960,Jakobi Meyers,WR,IND,14.8,15.9,6.333333333333333,1.3333333333333333,35.66666666666667,12,plus_redzone_defense,11.4274
14,00-0035208,Olamide Zaccheaus,WR,GB,8.7,2.75,2.0,0.5,29.20833333333334,12,plus_redzone_defense,4.1204
14,00-0035640,DK Metcalf,WR,BAL,21.8,10.166666666666666,7.666666666666667,0.3333333333333333,35.45,12,plus_redzone_defense,10.6883
14,00-0035662,Marquise Brown,WR,HOU,4.5,6.666666666666667,2.3333333333333335,0.3333333333333333,25.433333333333337,12,plus_redzone_defense,5.3887
14,00-0035676,A.J. Brown,WR,LAC,16.0,24.03333333333333,11.0,2.0,24.634999999999994,12,plus_redzone_defense,17.9803
14,00-0035719,Deebo Samuel Sr.,WR,MIN,6.7,15.9,9.0,1.5,25.183333333333326,12,plus_redzone_defense,13.9746
14,00-0035891,Cody White,WR,ATL,1.9,1.0333333333333334,0.3333333333333333,0.0,31.641666666666666,12,plus_redzone_defense,1.991
14,00-0036252,Michael Pittman,WR,JAX,16.9,8.0,6.0,1.5,31.833333333333332,12,plus_redzone_defense,9.283
14,00-0036322,Justin Jefferson,WR,WAS,3.1,7.433333333333334,7.0,0.0,36.53333333333334,12,plus_redzone_defense,9.2586
14,00-0036331,Devin Duvernay,WR,GB,3.4000000000000004,0.0,0.0,0.0,29.20833333333334,12,plus_redzone_defense,1.485
14,00-0036358,CeeDee Lamb,WR,DET,18.1,17.76666666666667,9.0,2.3333333333333335,36.968333333333334,12,plus_redzone_defense,14.6107
14,00-0036407,Jerry Jeudy,WR,TEN,16.6,5.2,4.666666666666667,0.3333333333333333,36.358333333333334,12,plus_redzone_defense,6.837
14,00-0036410,Tee Higgins,WR,BUF,27.200000000000003,11.7,7.0,0.5,28.683333333333334,12,plus_redzone_defense,10.6922
14,00-0036554,Nico Collins,WR,KC,16.1,18.066666666666666,8.0,1.0,28.783333333333335,12,plus_redzone_defense,13.3801
14,00-0036613,Jaylen Waddle,WR,NYJ,18.1,7.6,6.5,0.5,28.75,12,plus_redzone_defense,9.2246
14,00-0036862,Ben Skowronek,WR,BAL,2.3,1.0333333333333334,0.6666666666666666,0.0,35.45,12,plus_redzone_defense,2.2122
14,00-0036900,Ja'Marr Chase,WR,BUF,10.2,12.0,12.0,2.0,28.683333333333334,12,plus_redzone_defense,15.7289
14,00-0036912,DeVonta Smith,WR,LAC,7.7,8.833333333333334,8.0,0.3333333333333333,24.634999999999994,12,plus_redzone_defense,10.8239
14,00-0036963,Amon-Ra St. Brown,WR,DAL,15.200000000000001,12.033333333333333,8.666666666666666,1.0,40.09166666666666,12,plus_redzone_defense,12.234
14,00-0037091,Bo Melton,WR,CHI,11.5,1.6,2.0,0.0,34.97500000000001,12,plus_redzone_defense,3.5104
14,00-0037239,Chris Olave,WR,TB,6.0,15.35,10.0,0.5,34.416666666666664,12,plus_redzone_defense,14.0965
14,00-0037240,Jameson Williams,WR,DAL,17.3,15.533333333333333,7.333333333333333,0.3333333333333333,40.09166666666666,12,plus_redzone_defense,11.6784
14,00-0037247,George Pickens,WR,DET,8.7,24.599999999999998,11.0,2.3333333333333335,36.968333333333334,12,plus_redzone_defense,18.0582
14,00-0037261,Khalil Shakir,WR,CIN,9.6,7.066666666666666,5.666666666666667,0.6666666666666666,26.831666666666667,12,plus_redzone_defense,8.4795
14,00-0037291,Jalen Nailor,WR,WAS,6.0,0.8666666666666667,1.0,0.0,36.53333333333334,12,plus_redzone_defense,2.4382
14,00-0037545,Rashid Shaheed,WR,ATL,10.7,2.6666666666666665,4.333333333333333,0.0,31.641666666666666,12,plus_redzone_defense,5.8442
14,00-0037614,John Metchie III,WR,MIA,7.4,12.566666666666668,6.333333333333333,0.6666666666666666,28.274999999999995,12,plus_redzone_defense,10.4183
14,00-0037664,Alec Pierce,WR,JAX,13.0,10.700000000000001,3.5,1.0,31.833333333333332,12,plus_redzone_defense,7.5952
14,00-0037741,Jahan Dotson,WR,LAC,1.3,2.8333333333333335,2.0,0.0,24.634999999999994,12,plus_redzone_defense,4.0
14,00-0037801,KaVontae Turpin,WR,DET,5.0,5.1000000000000005,3.6666666666666665,0.0,36.968333333333334,12,plus_redzone_defense,5.7943
14,00-0037816,Romeo Doubs,WR,CHI,0.0,8.533333333333333,5.0,1.3333333333333333,34.97500000000001,12,plus_redzone_defense,8.4304
14,00-0037837,Calvin Austin III,WR,BAL,4.1,3.033333333333333,2.6666666666666665,0.0,35.45,12,plus_redzone_defense,4.438
14,00-0038104,Tyquan Thornton,WR,HOU,3.9000000000000004,2.3666666666666667,1.0,0.0,25.433333333333337,12,plus_redzone_defense,3.0082
14,00-0038359,Xavier Smith,WR,ARI,1.6,6.500000000000001,2.5,0.5,29.416666666666668,12,plus_redzone_defense,5.4948
14,00-0038543,Jaxon Smith-Njigba,WR,ATL,28.1,20.666666666666668,9.333333333333334,2.3333333333333335,31.641666666666666,12,plus_redzone_defense,15.7221
14,00-0038544,Quentin Johnston,WR,PHI,2.8,5.65,3.0,1.5,30.583333333333332,12,plus_redzone_defense,6.1303
14,00-0038559,Michael Wilson,WR,LA,37.2,20.633333333333333,13.333333333333334,1.3333333333333333,29.700000000000003,12,plus_redzone_defense,18.747
14,00-0038563,Tre Tucker,WR,DEN,4.4,8.5,7.0,1.0,27.208333333333332,12,plus_redzone_defense,10.1289
14,00-0038573,Derius Davis,WR,PHI,0.0,0.0,0.5,0.0,30.583333333333332,12,plus_redzone_defense,1.8914
14,00-0038576,Charlie Jones,WR,BUF,0.0,0.0,0.3333333333333333,0.0,28.683333333333334,12,plus_redzone_defense,1.7807
14,00-0038618,Xavier Hutchinson,WR,KC,0.0,4.666666666666667,3.6666666666666665,0.6666666666666666,28.783333333333335,12,plus_redzone_defense,6.1191
14,00-0038824,Ryan Miller,WR,NO,0.0,0.0,0.0,0.0,28.950000000000003,12,plus_redzone_defense,1.4894
14,00-0038976,Marvin Mims Jr.,WR,LV,1.7,1.9500000000000002,2.0,0.0,36.35833333333333,12,plus_redzone_defense,3.5751
14,00-0038979,Cedric Tillman,WR,TEN,3.3000000000000003,3.233333333333333,2.6666666666666665,0.0,36.358333333333334,12,plus_redzone_defense,4.4729
14,00-0038997,Josh Downs,WR,JAX,6.300000000000001,4.7,6.0,0.5,31.833333333333332,12,plus_redzone_defense,8.0085
14,00-0039064,Zay Flowers,WR,PIT,20.6,8.600000000000001,7.0,0.3333333333333333,37.391666666666666,12,plus_redzone_defense,9.6855
14,00-0039075,Puka Nacua,WR,ARI,35.7,15.4,10.0,1.0,29.416666666666668,12,plus_redzone_defense,14.4153
14,00-0039424,Devaughn Vele,WR,TB,7.0,15.0,7.5,1.5,34.416666666666664,12,plus_redzone_defense,12.2982
14,00-0039589,Kameron Johnson,WR,NO,0.0,0.0,0.0,0.0,28.950000000000003,12,plus_redzone_defense,1.4894
14,00-0039751,Jordan Whittington,WR,ARI,1.5,2.1999999999999997,1.6666666666666667,0.0,29.416666666666668,12,plus_redzone_defense,3.471
14,00-0039816,Anthony Gould,WR,JAX,1.3,0.0,0.0,0.0,31.833333333333332,12,plus_redzone_defense,1.4398
14,00-0039868,Troy Franklin,WR,LV,4.1,8.25,5.5,0.0,36.35833333333333,12,plus_redzone_defense,8.1779
14,00-0039880,Malik Washington,WR,NYJ,4.0,7.1,4.0,0.0,28.75,12,plus_redzone_defense,6.7279
14,00-0039890,Adonai Mitchell,WR,MIA,3.4000000000000004,10.800000000000002,8.333333333333334,1.3333333333333333,28.274999999999995,12,plus_redzone_defense,11.9855
14,00-0039894,Xavier Worthy,WR,HOU,8.5,8.933333333333334,7.0,0.3333333333333333,25.433333333333337,12,plus_redzone_defense,9.9754
14,00-0039915,Ladd McConkey,WR,PHI,2.2,9.1,5.0,1.0,30.583333333333332,12,plus_redzone_defense,8.5023
14,00-0040075,LaJohntay Wester,WR,PIT,0.0,0.0,0.0,0.0,37.391666666666666,12,plus_redzone_defense,1.3443
14,00-0040129,Emeka Egbuka,WR,NO,3.5,7.8,8.333333333333334,1.0,28.950000000000003,12,plus_redzone_defense,11.0687
14,00-0040130,Jayden Higgins,WR,KC,6.4,11.6,7.0,0.6666666666666666,28.783333333333335,12,plus_redzone_defense,10.7386
14,00-0040138,Jaylin Noel,WR,KC,3.3000000000000003,1.3666666666666665,1.6666666666666667,0.6666666666666666,28.783333333333335,12,plus_redzone_defense,3.5648
14,00-0040154,Tai Felton,WR,WAS,2.0,0.0,0.0,0.0,36.53333333333334,12,plus_redzone_defense,1.359
14,00-0040164,Jaylin Lane,WR,MIN,0.0,1.15,1.0,0.0,25.183333333333326,12,plus_redzone_defense,2.7049
14,00-0040170,Elic Ayomanor,WR,CLE,8.4,2.3,5.5,0.0,25.89999999999999,12,plus_redzone_defense,6.8537
14,00-0040506,Myles Price,WR,WAS,0.0,0.0,0.0,0.0,36.53333333333334,12,plus_redzone_defense,1.359
14,00-0040669,Isaac TeSlaa,WR,DAL,10.0,3.8333333333333335,1.3333333333333333,0.3333333333333333,40.09166666666666,12,plus_redzone_defense,3.5604
14,00-0040705,Chimere Dike,WR,CLE,13.4,6.8999999999999995,5.0,0.6666666666666666,25.89999999999999,12,plus_redzone_defense,7.88
14,00-0040727,Tre Harris,WR,PHI,3.1,4.1,2.5,0.5,30.583333333333332,12,plus_redzone_defense,4.8681
14,00-0040729,Jack Bech,WR,DEN,11.0,3.5500000000000003,2.0,0.5,27.208333333333332,12,plus_redzone_defense,4.357
14,00-0040735,Luther Burden III,WR,GB,11.0,7.466666666666666,6.0,0.0,29.20833333333334,12,plus_redzone_defense,8.5329
14,00-0040782,Isaiah Bond,WR,TEN,0.0,4.1000000000000005,2.3333333333333335,0.0,36.358333333333334,12,plus_redzone_defense,4.4053
14,00-0033375,Tim Patrick,WR,IND,18.8,4.366666666666666,3.0,1.0,35.66666666666667,12,plus_redzone_defense,5.4983
14,00-0036309,Darnell Mooney,WR,SEA,1.6,9.1,5.0,0.6666666666666666,27.133333333333336,12,plus_redzone_defense,8.4149
14,00-0036415,Van Jefferson,WR,CLE,3.7,6.099999999999999,4.0,0.3333333333333333,25.89999999999999,12,plus_redzone_defense,6.6709
14,00-0038619,Andrei Iosivas,WR,BUF,3.7,8.5,4.666666666666667,0.3333333333333333,28.683333333333334,12,plus_redzone_defense,7.8031
14,00-0039410,Ryan Flournoy,WR,DET,26.5,4.533333333333334,1.6666666666666667,0.3333333333333333,36.968333333333334,12,plus_redzone_defense,4.0777
14,00-0039451,Isaiah Williams,WR,MIA,4.4,0.5333333333333333,2.3333333333333335,0.3333333333333333,28.274999999999995,12,plus_redzone_defense,3.7895
14,00-0040134,Pat Bryant,WR,LV,7.2,10.200000000000001,6.5,1.0,36.35833333333333,12,plus_redzone_defense,9.9712
14,00-0034521,Allen Lazard,WR,MIA,0.0,1.95,2.0,0.0,28.274999999999995,12,plus_redzone_defense,3.7141
14,00-0034775,Christian Kirk,WR,KC,1.6,9.0,5.0,2.5,28.783333333333335,12,plus_redzone_defense,9.1685
14,00-0035359,David Sills,WR,SEA,0.0,7.066666666666666,3.0,0.6666666666666666,27.133333333333336,12,plus_redzone_defense,6.1807
14,00-0033921,Chris Godwin Jr.,WR,NO,10.5,6.8500000000000005,4.5,1.0,28.950000000000003,12,plus_redzone_defense,7.5316
14,00-0038994,Jordan Addison,WR,WAS,10.2,6.2,6.0,0.6666666666666666,36.53333333333334,12,plus_redzone_defense,8.3803
14,00-0039920,Malachi Corley,WR,TEN,0.2,1.6666666666666667,1.6666666666666667,0.0,36.358333333333334,12,plus_redzone_defense,3.2168
14,00-0040259,Gage Larvadain,WR,TEN,3.8,1.4333333333333336,1.3333333333333333,0.0,36.358333333333334,12,plus_redzone_defense,2.8711
14,00-0039623,Mason Tipton,WR,TB,0.0,5.6,5.0,0.0,34.416666666666664,12,plus_redzone_defense,7.1114
14,00-0040590,Konata Mumpfield,WR,ARI,1.5,2.25,1.0,0.0,29.416666666666668,12,plus_redzone_defense,2.9102
14,00-0032951,Laquon Treadwell,WR,JAX,0.0,0.0,0.0,0.0,31.833333333333332,12,plus_redzone_defense,1.4398
14,00-0039067,Rashee Rice,WR,HOU,7.4,20.433333333333334,11.333333333333334,4.333333333333333,25.433333333333337,12,plus_redzone_defense,18.3706
14,00-0038124,Christian Watson,WR,CHI,24.9,16.266666666666666,7.666666666666667,1.0,34.97500000000001,12,plus_redzone_defense,12.532
14,00-0036841,Austin Trammell,WR,IND,0.0,0.7666666666666666,2.0,0.3333333333333333,35.66666666666667,12,plus_redzone_defense,3.4347
14,00-0034860,Dante Pettis,WR,TB,0.0,1.2000000000000002,0.5,0.0,34.416666666666664,12,plus_redzone_defense,2.1288
14,00-0035876,Andre Baccellia,WR,LA,1.3,0.75,0.5,0.5,29.700000000000003,12,plus_redzone_defense,2.3163
14,00-0036196,Gabe Davis,WR,CIN,4.1,3.9,2.6666666666666665,0.6666666666666666,26.831666666666667,12,plus_redzone_defense,5.0988
14,00-0040024,Darius Cooper,WR,LAC,2.9000000000000004,1.35,1.0,0.0,24.634999999999994,12,plus_redzone_defense,2.7649
14,00-0036133,James Proche,WR,CLE,0.0,4.75,2.0,0.0,25.89999999999999,12,plus_redzone_defense,4.4627
14,00-0038953,Dylan Drummond,WR,SEA,5.1,3.05,3.0,0.0,27.133333333333336,12,plus_redzone_defense,4.8719
15,00-0030035,Adam Thielen,WR,MIA,1.7000000000000002,0.7,1.0,0.5,27.269230769230766,13,baseline,2.4783
15,00-0030279,Keenan Allen,WR,KC,8.6,6.1,4.0,0.5,28.676923076923078,13,baseline,6.6511
15,00-0030564,DeAndre Hopkins,WR,CIN,4.2,2.6,2.3333333333333335,0.3333333333333333,26.298461538461538,13,baseline,4.1966
15,00-0031381,Davante Adams,WR,DET,11.100000000000001,17.3,6.333333333333333,2.0,38.60923076923077,13,baseline,11.8042
15,00-0031588,Stefon Diggs,WR,BUF,5.6,4.8,3.5,0.5,29.638461538461538,13,baseline,5.8466
15,00-0032211,Tyler Lockett,WR,PHI,3.0,6.466666666666666,3.3333333333333335,0.0,29.253846153846155,13,baseline,6.1507
15,00-0033555,Mack Hollins,WR,BUF,8.100000000000001,5.15,5.0,0.0,29.638461538461538,13,baseline,7.2926
15,00-0033857,JuJu Smith-Schuster,WR,LAC,0.0,1.0999999999999999,1.6666666666666667,0.3333333333333333,24.88615384615384,13,baseline,3.1876
15,00-0033908,Cooper Kupp,WR,IND,9.600000000000001,7.1000000000000005,3.6666666666666665,1.0,36.407692307692315,13,baseline,6.6235
15,00-0034348,Courtland Sutton,WR,GB,24.3,14.7,8.0,1.5,28.78461538461539,13,baseline,12.5963
15,00-0034827,DJ Moore,WR,CLE,22.9,9.566666666666666,5.333333333333333,1.6666666666666667,25.86923076923076,13,baseline,8.7963
15,00-0034960,Jakobi Meyers,WR,NYJ,12.100000000000001,17.03333333333333,8.666666666666666,2.3333333333333335,28.23846153846154,13,baseline,13.8325
15,00-0035208,Olamide Zaccheaus,WR,CLE,0.0,4.733333333333333,2.3333333333333335,0.6666666666666666,25.86923076923076,13,baseline,4.778
15,00-0035535,Darius Slayton,WR,WAS,9.3,7.700000000000001,2.5,0.5,35.361538461538466,13,baseline,5.7365
15,00-0035640,DK Metcalf,WR,MIA,14.5,14.133333333333333,9.0,1.6666666666666667,27.269230769230766,13,baseline,13.3423
15,00-0035659,Terry McLaurin,WR,NYG,15.9,14.850000000000001,10.0,3.0,36.52307692307692,13,baseline,14.438
15,00-0035676,A.J. Brown,WR,LV,12.100000000000001,25.400000000000002,11.666666666666666,1.0,35.93846153846153,13,baseline,18.8137
15,00-0035719,Deebo Samuel Sr.,WR,NYG,7.3,8.9,7.5,1.0,36.52307692307692,13,baseline,10.5655
15,00-0036182,Nick Westbrook-Ikhine,WR,PIT,0.0,0.0,0.0,0.0,36.43076923076923,13,baseline,1.3871
15,00-0036252,Michael Pittman,WR,SEA,5.6,10.966666666666667,8.0,1.3333333333333333,25.669230769230772,13,baseline,11.5789
15,00-0036259,Jauan Jennings,WR,TEN,18.7,14.5,6.5,1.5,35.4,13,baseline,11.1912
15,00-0036322,Justin Jefferson,WR,DAL,4.2,4.766666666666667,5.333333333333333,0.0,40.28461538461538,13,baseline,7.4883
15,00-0036331,Devin Duvernay,WR,CLE,0.0,1.1333333333333335,0.3333333333333333,0.0,25.86923076923076,13,baseline,1.9961
15,00-0036358,CeeDee Lamb,WR,MIN,17.1,17.933333333333334,9.333333333333334,1.6666666666666667,24.530769230769224,13,baseline,14.678
15,00-0036407,Jerry Jeudy,WR,CHI,4.2,9.033333333333333,4.0,0.0,35.800000000000004,13,baseline,7.4505
15,00-0036554,Nico Collins,WR,ARI,23.5,15.366666666666667,7.333333333333333,1.0,30.784615384615385,13,baseline,12.1777
15,00-0036613,Jaylen Waddle,WR,PIT,4.6,12.55,7.0,0.5,36.43076923076923,13,baseline,11.11
15,00-0036862,Ben Skowronek,WR,MIA,0.0,1.8,1.0,0.0,27.269230769230766,13,baseline,2.778
15,00-0036900,Ja'Marr Chase,WR,BAL,23.200000000000003,14.1,11.5,1.0,35.00000000000001,13,baseline,15.5842
15,00-0036912,DeVonta Smith,WR,LV,7.0,10.800000000000002,9.0,0.6666666666666666,35.93846153846153,13,baseline,12.4339
15,00-0036963,Amon-Ra St. Brown,WR,LA,41.400000000000006,15.033333333333333,7.666666666666667,0.6666666666666666,30.77692307692308,13,baseline,12.387
15,00-0037091,Bo Melton,WR,DEN,0.0,6.5,2.5,0.0,27.576923076923077,13,baseline,5.4095
15,00-0037239,Chris Olave,WR,CAR,20.5,12.233333333333334,8.333333333333334,0.3333333333333333,26.807692307692307,13,baseline,12.2243
15,00-0037240,Jameson Williams,WR,LA,26.4,14.733333333333334,8.0,0.6666666666666666,30.77692307692308,13,baseline,12.6054
15,00-0037247,George Pickens,WR,MIN,6.300000000000001,17.700000000000003,10.333333333333334,2.3333333333333335,24.530769230769224,13,baseline,15.5148
15,00-0037261,Khalil Shakir,WR,NE,11.5,10.033333333333333,5.666666666666667,1.0,30.807692307692307,13,baseline,9.2237
15,00-0037291,Jalen Nailor,WR,DAL,19.5,2.0,1.6666666666666667,0.0,40.28461538461538,13,baseline,3.4328
15,00-0037545,Rashid Shaheed,WR,IND,12.100000000000001,4.6,4.0,0.0,36.407692307692315,13,baseline,6.2423
15,00-0037614,John Metchie III,WR,JAX,6.9,10.533333333333333,8.0,1.3333333333333333,32.26923076923077,13,baseline,11.4609
15,00-0037664,Alec Pierce,WR,SEA,2.6,11.466666666666669,5.0,1.0,25.669230769230772,13,baseline,9.014
15,00-0037801,KaVontae Turpin,WR,MIN,3.2,6.4333333333333345,4.0,0.0,24.530769230769224,13,baseline,6.7419
15,00-0037816,Romeo Doubs,WR,DEN,5.6,5.433333333333334,3.0,1.3333333333333333,27.576923076923077,13,baseline,5.569
15,00-0037837,Calvin Austin III,WR,MIA,0.0,3.9,3.0,0.0,27.269230769230766,13,baseline,5.1511
15,00-0038090,Skyy Moore,WR,TEN,0.0,0.0,0.0,0.0,35.4,13,baseline,1.3871
15,00-0038104,Tyquan Thornton,WR,LAC,6.7,1.3,1.3333333333333333,0.0,24.88615384615384,13,baseline,2.9419
15,00-0038117,Wan'Dale Robinson,WR,WAS,16.4,20.5,11.5,0.0,35.361538461538466,13,baseline,17.3283
15,00-0038359,Xavier Smith,WR,DET,0.0,6.4,2.0,0.5,38.60923076923077,13,baseline,4.932
15,00-0038393,Dontayvion Wicks,WR,DEN,1.6,16.6,6.0,1.0,27.576923076923077,13,baseline,11.3133
15,00-0038519,Nikko Remigio,WR,LAC,0.0,0.0,0.0,0.0,24.88615384615384,13,baseline,1.3871
15,00-0038543,Jaxon Smith-Njigba,WR,IND,18.3,23.166666666666668,8.666666666666666,2.3333333333333335,36.407692307692315,13,baseline,15.5039
15,00-0038559,Michael Wilson,WR,HOU,16.4,21.866666666666664,12.666666666666666,2.3333333333333335,25.461538461538467,13,baseline,18.7513
15,00-0038563,Tre Tucker,WR,PHI,0.0,5.066666666666667,6.0,0.3333333333333333,29.253846153846155,13,baseline,8.1703
15,00-0038576,Charlie Jones,WR,BAL,0.0,0.0,0.3333333333333333,0.0,35.00000000000001,13,baseline,1.6872
15,00-0038606,Parker Washington,WR,NYJ,8.3,10.850000000000001,5.0,1.0,28.23846153846154,13,baseline,8.8459
15,00-0038608,Kayshon Boutte,WR,BUF,4.0,8.5,3.5,0.5,29.638461538461538,13,baseline,6.8549
15,00-0038618,Xavier Hutchinson,WR,ARI,2.6,2.266666666666667,2.6666666666666665,0.6666666666666666,30.784615384615385,13,baseline,4.4059
15,00-0038621,DeMario Douglas,WR,BUF,0.5,6.200000000000001,2.5,0.5,29.638461538461538,13,baseline,5.3277
15,00-0038840,Brycen Tremayne,WR,NO,0.0,0.0,0.0,0.0,27.915384615384617,13,baseline,1.3871
15,00-0038976,Marvin Mims Jr.,WR,GB,7.7,2.7,2.5,0.5,28.78461538461539,13,baseline,4.3739
15,00-0038997,Josh Downs,WR,SEA,10.3,5.233333333333333,5.666666666666667,1.3333333333333333,25.669230769230772,13,baseline,7.9156
15,00-0039064,Zay Flowers,WR,CIN,15.8,11.700000000000001,9.0,0.6666666666666666,26.298461538461538,13,baseline,12.6792
15,00-0039075,Puka Nacua,WR,DET,27.900000000000002,21.86666666666667,10.333333333333334,1.0,38.60923076923077,13,baseline,16.6503
15,00-0039342,Xavier Legette,WR,NO,5.9,3.1500000000000004,3.5,0.0,27.915384615384617,13,baseline,5.397
15,00-0039424,Devaughn Vele,WR,CAR,11.9,12.333333333333334,6.666666666666667,1.0,26.807692307692307,13,baseline,10.7508
15,00-0039589,Kameron Johnson,WR,ATL,0.0,0.0,0.3333333333333333,0.0,33.46923076923077,13,baseline,1.6872
15,00-0039751,Jordan Whittington,WR,DET,0.0,2.066666666666667,1.6666666666666667,0.0,38.60923076923077,13,baseline,3.451
15,00-0039868,Troy Franklin,WR,GB,20.8,4.1,3.5,0.5,28.78461538461539,13,baseline,5.6558
15,00-0039880,Malik Washington,WR,PIT,2.0,5.5,4.5,0.5,36.43076923076923,13,baseline,6.9378
15,00-0039890,Adonai Mitchell,WR,JAX,17.4,11.266666666666667,8.333333333333334,1.6666666666666667,32.26923076923077,13,baseline,11.9608
15,00-0039893,Brian Thomas Jr.,WR,NYJ,17.1,8.25,4.5,0.0,28.23846153846154,13,baseline,7.6872
15,00-0039894,Xavier Worthy,WR,LAC,5.5,9.933333333333334,6.666666666666667,0.3333333333333333,24.88615384615384,13,baseline,10.0968
15,00-0039915,Ladd McConkey,WR,KC,4.0,8.05,5.5,1.0,28.676923076923078,13,baseline,8.5331
15,00-0039916,Ricky Pearsall,WR,TEN,15.600000000000001,3.1000000000000005,4.0,0.5,35.4,13,baseline,5.8335
15,00-0040075,LaJohntay Wester,WR,CIN,0.0,0.0,0.0,0.0,26.298461538461538,13,baseline,1.3871
15,00-0040124,Tetairoa McMillan,WR,NO,4.5,11.4,4.5,0.0,27.915384615384617,13,baseline,8.5456
15,00-0040129,Emeka Egbuka,WR,ATL,10.4,5.966666666666666,8.333333333333334,0.6666666666666666,33.46923076923077,13,baseline,10.5165
15,00-0040130,Jayden Higgins,WR,ARI,1.4,10.566666666666668,6.333333333333333,0.6666666666666666,30.784615384615385,13,baseline,9.9693
15,00-0040131,Kyle Williams,WR,BUF,0.0,6.550000000000001,1.0,0.0,29.638461538461538,13,baseline,4.0725
15,00-0040138,Jaylin Noel,WR,ARI,0.0,1.7333333333333334,2.3333333333333335,0.6666666666666666,30.784615384615385,13,baseline,3.9604
15,00-0040164,Jaylin Lane,WR,NYG,0.0,0.0,0.5,0.0,36.52307692307692,13,baseline,1.8373
15,00-0040170,Elic Ayomanor,WR,SF,2.7,4.95,4.0,0.5,33.16153846153846,13,baseline,6.3377
15,00-0040237,Tez Johnson,WR,ATL,0.0,6.9,4.0,1.5,33.46923076923077,13,baseline,6.8691
15,00-0040506,Myles Price,WR,DAL,0.0,0.0,0.0,0.0,40.28461538461538,13,baseline,1.3871
15,00-0040669,Isaac TeSlaa,WR,LA,0.0,7.166666666666667,2.0,0.6666666666666666,30.77692307692308,13,baseline,5.141
15,00-0040705,Chimere Dike,WR,SF,5.0,10.233333333333334,6.666666666666667,1.3333333333333333,33.16153846153846,13,baseline,10.1786
15,00-0040727,Tre Harris,WR,KC,7.9,4.55,3.5,0.5,28.676923076923078,13,baseline,5.7785
15,00-0040729,Jack Bech,WR,PHI,3.7,7.6,4.5,1.5,29.253846153846155,13,baseline,7.5101
15,00-0040735,Luther Burden III,WR,CLE,14.4,9.233333333333334,6.666666666666667,0.3333333333333333,25.86923076923076,13,baseline,9.906
15,00-0040782,Isaiah Bond,WR,CHI,10.9,3.8333333333333335,2.3333333333333335,0.0,35.800000000000004,13,baseline,4.5327
15,00-0036309,Darnell Mooney,WR,TB,6.5,7.5,4.0,1.0,32.76923076923077,13,baseline,7.0326
15,00-0036415,Van Jefferson,WR,SF,5.3,3.6,3.0,0.0,33.16153846153846,13,baseline,5.0694
15,00-0038619,Andrei Iosivas,WR,BAL,0.0,8.066666666666666,4.333333333333333,0.3333333333333333,35.00000000000001,13,baseline,7.4872
15,00-0038839,Mitchell Tinsley,WR,BAL,2.6,7.550000000000001,7.5,1.5,35.00000000000001,13,baseline,10.1976
15,00-0039410,Ryan Flournoy,WR,MIN,8.0,10.966666666666667,5.666666666666667,1.0,24.530769230769224,13,baseline,9.478
15,00-0039451,Isaiah Williams,WR,JAX,11.3,1.4666666666666668,1.3333333333333333,0.0,32.26923076923077,13,baseline,2.9873
15,00-0034521,Allen Lazard,WR,JAX,1.6,1.3,1.6666666666666667,0.0,32.26923076923077,13,baseline,3.2421
15,00-0035359,David Sills,WR,TB,13.8,6.366666666666667,3.6666666666666665,1.3333333333333333,32.76923076923077,13,baseline,6.4236
15,00-0032775,Demarcus Robinson,WR,TEN,5.6,1.2000000000000002,1.5,0.0,35.4,13,baseline,3.0647
15,00-0033921,Chris Godwin Jr.,WR,ATL,12.0,8.066666666666668,5.666666666666667,0.6666666666666666,33.46923076923077,13,baseline,8.6877
15,00-0038994,Jordan Addison,WR,DAL,8.600000000000001,6.266666666666666,6.0,0.6666666666666666,40.28461538461538,13,baseline,8.4973
15,00-0039920,Malachi Corley,WR,CHI,2.0,0.7666666666666667,1.3333333333333333,0.3333333333333333,35.800000000000004,13,baseline,2.7966
15,00-0040259,Gage Larvadain,WR,CHI,1.8,2.7000000000000006,2.0,0.3333333333333333,35.800000000000004,13,baseline,3.9237
15,00-0035406,Lil'Jordan Humphrey,WR,GB,13.2,2.85,2.0,0.0,28.78461538461539,13,baseline,3.9646
15,00-0037487,Deven Thompkins,WR,TB,0.0,3.1000000000000005,2.0,0.0,32.76923076923077,13,baseline,4.0327
15,00-0039623,Mason Tipton,WR,CAR,1.1,3.733333333333333,3.3333333333333335,0.0,26.807692307692307,13,baseline,5.4059
15,00-0040590,Konata Mumpfield,WR,DET,0.0,2.0,1.0,0.0,38.60923076923077,13,baseline,2.8325
15,00-0039067,Rashee Rice,WR,LAC,12.100000000000001,19.633333333333333,11.0,3.3333333333333335,24.88615384615384,13,baseline,16.642
15,00-0039491,Jalen Coker,WR,NO,16.0,11.799999999999999,5.0,1.0,27.915384615384617,13,baseline,9.1048
15,00-0038124,Christian Watson,WR,DEN,5.9,17.7,7.333333333333333,0.3333333333333333,27.576923076923077,13,baseline,12.8136
15,00-0037742,Treylon Burks,WR,NYG,0.0,3.75,2.5,0.5,36.52307692307692,13,baseline,4.6601
15,00-0034860,Dante Pettis,WR,CAR,0.0,0.8000000000000002,0.3333333333333333,0.0,26.807692307692307,13,baseline,1.9053
15,00-0035876,Andre Baccellia,WR,HOU,0.0,0.65,1.5,0.5,25.461538461538467,13,baseline,2.9149
15,00-0036165,Isaiah Hodgins,WR,WAS,1.4,6.8,3.5,1.0,35.361538461538466,13,baseline,6.3916
15,00-0040024,Darius Cooper,WR,LV,4.9,2.8000000000000003,1.5,0.0,35.93846153846153,13,baseline,3.5008
15,00-0036133,James Proche,WR,SF,0.0,3.1666666666666665,1.6666666666666667,0.0,33.16153846153846,13,baseline,3.7508
15,00-0038953,Dylan Drummond,WR,TB,0.0,3.733333333333333,3.6666666666666665,1.0,32.76923076923077,13,baseline,5.706
15,00-0035544,Tom Kennedy,WR,LA,0.0,3.8,2.0,0.0,30.77692307692308,13,baseline,4.2235
15,00-0037132,Britain Covey,WR,LV,0.0,0.0,0.0,0.0,35.93846153846153,13,baseline,1.3871
15,00-0030035,Adam Thielen,WR,MIA,1.7000000000000002,0.7,1.0,0.5,27.269230769230766,13,plus_defense,2.4697
15,00-0030279,Keenan Allen,WR,KC,8.6,6.1,4.0,0.5,28.676923076923078,13,plus_defense,6.6449
15,00-0030564,DeAndre Hopkins,WR,CIN,4.2,2.6,2.3333333333333335,0.3333333333333333,26.298461538461538,13,plus_defense,4.1862
15,00-0031381,Davante Adams,WR,DET,11.100000000000001,17.3,6.333333333333333,2.0,38.60923076923077,13,plus_defense,11.8163
15,00-0031588,Stefon Diggs,WR,BUF,5.6,4.8,3.5,0.5,29.638461538461538,13,plus_defense,5.8421
15,00-0032211,Tyler Lockett,WR,PHI,3.0,6.466666666666666,3.3333333333333335,0.0,29.253846153846155,13,plus_defense,6.1457
15,00-0033555,Mack Hollins,WR,BUF,8.100000000000001,5.15,5.0,0.0,29.638461538461538,13,plus_defense,7.2879
15,00-0033857,JuJu Smith-Schuster,WR,LAC,0.0,1.0999999999999999,1.6666666666666667,0.3333333333333333,24.88615384615384,13,plus_defense,3.1746
15,00-0033908,Cooper Kupp,WR,IND,9.600000000000001,7.1000000000000005,3.6666666666666665,1.0,36.407692307692315,13,plus_defense,6.6314
15,00-0034348,Courtland Sutton,WR,GB,24.3,14.7,8.0,1.5,28.78461538461539,13,plus_defense,12.5903
15,00-0034827,DJ Moore,WR,CLE,22.9,9.566666666666666,5.333333333333333,1.6666666666666667,25.86923076923076,13,plus_defense,8.7851
15,00-0034960,Jakobi Meyers,WR,NYJ,12.100000000000001,17.03333333333333,8.666666666666666,2.3333333333333335,28.23846153846154,13,plus_defense,13.8255
15,00-0035208,Olamide Zaccheaus,WR,CLE,0.0,4.733333333333333,2.3333333333333335,0.6666666666666666,25.86923076923076,13,plus_defense,4.7669
15,00-0035535,Darius Slayton,WR,WAS,9.3,7.700000000000001,2.5,0.5,35.361538461538466,13,plus_defense,5.7427
15,00-0035640,DK Metcalf,WR,MIA,14.5,14.133333333333333,9.0,1.6666666666666667,27.269230769230766,13,plus_defense,13.3333
15,00-0035659,Terry McLaurin,WR,NYG,15.9,14.850000000000001,10.0,3.0,36.52307692307692,13,plus_defense,14.4456
15,00-0035676,A.J. Brown,WR,LV,12.100000000000001,25.400000000000002,11.666666666666666,1.0,35.93846153846153,13,plus_defense,18.8207
15,00-0035719,Deebo Samuel Sr.,WR,NYG,7.3,8.9,7.5,1.0,36.52307692307692,13,plus_defense,10.5731
15,00-0036182,Nick Westbrook-Ikhine,WR,PIT,0.0,0.0,0.0,0.0,36.43076923076923,13,plus_defense,1.3952
15,00-0036252,Michael Pittman,WR,SEA,5.6,10.966666666666667,8.0,1.3333333333333333,25.669230769230772,13,plus_defense,11.567
15,00-0036259,Jauan Jennings,WR,TEN,18.7,14.5,6.5,1.5,35.4,13,plus_defense,11.1973
15,00-0036322,Justin Jefferson,WR,DAL,4.2,4.766666666666667,5.333333333333333,0.0,40.28461538461538,13,plus_defense,7.5027
15,00-0036331,Devin Duvernay,WR,CLE,0.0,1.1333333333333335,0.3333333333333333,0.0,25.86923076923076,13,plus_defense,1.9851
15,00-0036358,CeeDee Lamb,WR,MIN,17.1,17.933333333333334,9.333333333333334,1.6666666666666667,24.530769230769224,13,plus_defense,14.6643
15,00-0036407,Jerry Jeudy,WR,CHI,4.2,9.033333333333333,4.0,0.0,35.800000000000004,13,plus_defense,7.4573
15,00-0036554,Nico Collins,WR,ARI,23.5,15.366666666666667,7.333333333333333,1.0,30.784615384615385,13,plus_defense,12.1754
15,00-0036613,Jaylen Waddle,WR,PIT,4.6,12.55,7.0,0.5,36.43076923076923,13,plus_defense,11.1178
15,00-0036862,Ben Skowronek,WR,MIA,0.0,1.8,1.0,0.0,27.269230769230766,13,plus_defense,2.7695
15,00-0036900,Ja'Marr Chase,WR,BAL,23.200000000000003,14.1,11.5,1.0,35.00000000000001,13,plus_defense,15.5888
15,00-0036912,DeVonta Smith,WR,LV,7.0,10.800000000000002,9.0,0.6666666666666666,35.93846153846153,13,plus_defense,12.4403
15,00-0036963,Amon-Ra St. Brown,WR,LA,41.400000000000006,15.033333333333333,7.666666666666667,0.6666666666666666,30.77692307692308,13,plus_defense,12.3846
15,00-0037091,Bo Melton,WR,DEN,0.0,6.5,2.5,0.0,27.576923076923077,13,plus_defense,5.4016
15,00-0037239,Chris Olave,WR,CAR,20.5,12.233333333333334,8.333333333333334,0.3333333333333333,26.807692307692307,13,plus_defense,12.2144
15,00-0037240,Jameson Williams,WR,LA,26.4,14.733333333333334,8.0,0.6666666666666666,30.77692307692308,13,plus_defense,12.603
15,00-0037247,George Pickens,WR,MIN,6.300000000000001,17.700000000000003,10.333333333333334,2.3333333333333335,24.530769230769224,13,plus_defense,15.5009
15,00-0037261,Khalil Shakir,WR,NE,11.5,10.033333333333333,5.666666666666667,1.0,30.807692307692307,13,plus_defense,9.2213
15,00-0037291,Jalen Nailor,WR,DAL,19.5,2.0,1.6666666666666667,0.0,40.28461538461538,13,plus_defense,3.4477
15,00-0037545,Rashid Shaheed,WR,IND,12.100000000000001,4.6,4.0,0.0,36.407692307692315,13,plus_defense,6.25
15,00-0037614,John Metchie III,WR,JAX,6.9,10.533333333333333,8.0,1.3333333333333333,32.26923076923077,13,plus_defense,11.4608
15,00-0037664,Alec Pierce,WR,SEA,2.6,11.466666666666669,5.0,1.0,25.669230769230772,13,plus_defense,9.0026
15,00-0037801,KaVontae Turpin,WR,MIN,3.2,6.4333333333333345,4.0,0.0,24.530769230769224,13,plus_defense,6.7283
15,00-0037816,Romeo Doubs,WR,DEN,5.6,5.433333333333334,3.0,1.3333333333333333,27.576923076923077,13,plus_defense,5.5609
15,00-0037837,Calvin Austin III,WR,MIA,0.0,3.9,3.0,0.0,27.269230769230766,13,plus_defense,5.1424
15,00-0038090,Skyy Moore,WR,TEN,0.0,0.0,0.0,0.0,35.4,13,plus_defense,1.3933
15,00-0038104,Tyquan Thornton,WR,LAC,6.7,1.3,1.3333333333333333,0.0,24.88615384615384,13,plus_defense,2.929
15,00-0038117,Wan'Dale Robinson,WR,WAS,16.4,20.5,11.5,0.0,35.361538461538466,13,plus_defense,17.334
15,00-0038359,Xavier Smith,WR,DET,0.0,6.4,2.0,0.5,38.60923076923077,13,plus_defense,4.9441
15,00-0038393,Dontayvion Wicks,WR,DEN,1.6,16.6,6.0,1.0,27.576923076923077,13,plus_defense,11.3055
15,00-0038519,Nikko Remigio,WR,LAC,0.0,0.0,0.0,0.0,24.88615384615384,13,plus_defense,1.3743
15,00-0038543,Jaxon Smith-Njigba,WR,IND,18.3,23.166666666666668,8.666666666666666,2.3333333333333335,36.407692307692315,13,plus_defense,15.5121
15,00-0038559,Michael Wilson,WR,HOU,16.4,21.866666666666664,12.666666666666666,2.3333333333333335,25.461538461538467,13,plus_defense,18.7389
15,00-0038563,Tre Tucker,WR,PHI,0.0,5.066666666666667,6.0,0.3333333333333333,29.253846153846155,13,plus_defense,8.1647
15,00-0038576,Charlie Jones,WR,BAL,0.0,0.0,0.3333333333333333,0.0,35.00000000000001,13,plus_defense,1.6927
15,00-0038606,Parker Washington,WR,NYJ,8.3,10.850000000000001,5.0,1.0,28.23846153846154,13,plus_defense,8.8391
15,00-0038608,Kayshon Boutte,WR,BUF,4.0,8.5,3.5,0.5,29.638461538461538,13,plus_defense,6.8507
15,00-0038618,Xavier Hutchinson,WR,ARI,2.6,2.266666666666667,2.6666666666666665,0.6666666666666666,30.784615384615385,13,plus_defense,4.4035
15,00-0038621,DeMario Douglas,WR,BUF,0.5,6.200000000000001,2.5,0.5,29.638461538461538,13,plus_defense,5.3235
15,00-0038840,Brycen Tremayne,WR,NO,0.0,0.0,0.0,0.0,27.915384615384617,13,plus_defense,1.3798
15,00-0038976,Marvin Mims Jr.,WR,GB,7.7,2.7,2.5,0.5,28.78461538461539,13,plus_defense,4.3679
15,00-0038997,Josh Downs,WR,SEA,10.3,5.233333333333333,5.666666666666667,1.3333333333333333,25.669230769230772,13,plus_defense,7.9036
15,00-0039064,Zay Flowers,WR,CIN,15.8,11.700000000000001,9.0,0.6666666666666666,26.298461538461538,13,plus_defense,12.6683
15,00-0039075,Puka Nacua,WR,DET,27.900000000000002,21.86666666666667,10.333333333333334,1.0,38.60923076923077,13,plus_defense,16.6621
15,00-0039342,Xavier Legette,WR,NO,5.9,3.1500000000000004,3.5,0.0,27.915384615384617,13,plus_defense,5.3893
15,00-0039424,Devaughn Vele,WR,CAR,11.9,12.333333333333334,6.666666666666667,1.0,26.807692307692307,13,plus_defense,10.7413
15,00-0039589,Kameron Johnson,WR,ATL,0.0,0.0,0.3333333333333333,0.0,33.46923076923077,13,plus_defense,1.6899
15,00-0039751,Jordan Whittington,WR,DET,0.0,2.066666666666667,1.6666666666666667,0.0,38.60923076923077,13,plus_defense,3.4628
15,00-0039868,Troy Franklin,WR,GB,20.8,4.1,3.5,0.5,28.78461538461539,13,plus_defense,5.6498
15,00-0039880,Malik Washington,WR,PIT,2.0,5.5,4.5,0.5,36.43076923076923,13,plus_defense,6.9455
15,00-0039890,Adonai Mitchell,WR,JAX,17.4,11.266666666666667,8.333333333333334,1.6666666666666667,32.26923076923077,13,plus_defense,11.9608
15,00-0039893,Brian Thomas Jr.,WR,NYJ,17.1,8.25,4.5,0.0,28.23846153846154,13,plus_defense,7.6803
15,00-0039894,Xavier Worthy,WR,LAC,5.5,9.933333333333334,6.666666666666667,0.3333333333333333,24.88615384615384,13,plus_defense,10.0836
15,00-0039915,Ladd McConkey,WR,KC,4.0,8.05,5.5,1.0,28.676923076923078,13,plus_defense,8.5268
15,00-0039916,Ricky Pearsall,WR,TEN,15.600000000000001,3.1000000000000005,4.0,0.5,35.4,13,plus_defense,5.8393
15,00-0040075,LaJohntay Wester,WR,CIN,0.0,0.0,0.0,0.0,26.298461538461538,13,plus_defense,1.3769
15,00-0040124,Tetairoa McMillan,WR,NO,4.5,11.4,4.5,0.0,27.915384615384617,13,plus_defense,8.5383
15,00-0040129,Emeka Egbuka,WR,ATL,10.4,5.966666666666666,8.333333333333334,0.6666666666666666,33.46923076923077,13,plus_defense,10.5182
15,00-0040130,Jayden Higgins,WR,ARI,1.4,10.566666666666668,6.333333333333333,0.6666666666666666,30.784615384615385,13,plus_defense,9.9668
15,00-0040131,Kyle Williams,WR,BUF,0.0,6.550000000000001,1.0,0.0,29.638461538461538,13,plus_defense,4.0686
15,00-0040138,Jaylin Noel,WR,ARI,0.0,1.7333333333333334,2.3333333333333335,0.6666666666666666,30.784615384615385,13,plus_defense,3.958
15,00-0040164,Jaylin Lane,WR,NYG,0.0,0.0,0.5,0.0,36.52307692307692,13,plus_defense,1.8455
15,00-0040170,Elic Ayomanor,WR,SF,2.7,4.95,4.0,0.5,33.16153846153846,13,plus_defense,6.3395
15,00-0040237,Tez Johnson,WR,ATL,0.0,6.9,4.0,1.5,33.46923076923077,13,plus_defense,6.8716
15,00-0040506,Myles Price,WR,DAL,0.0,0.0,0.0,0.0,40.28461538461538,13,plus_defense,1.4021
15,00-0040669,Isaac TeSlaa,WR,LA,0.0,7.166666666666667,2.0,0.6666666666666666,30.77692307692308,13,plus_defense,5.139
15,00-0040705,Chimere Dike,WR,SF,5.0,10.233333333333334,6.666666666666667,1.3333333333333333,33.16153846153846,13,plus_defense,10.1803
15,00-0040727,Tre Harris,WR,KC,7.9,4.55,3.5,0.5,28.676923076923078,13,plus_defense,5.7723
15,00-0040729,Jack Bech,WR,PHI,3.7,7.6,4.5,1.5,29.253846153846155,13,plus_defense,7.5049
15,00-0040735,Luther Burden III,WR,CLE,14.4,9.233333333333334,6.666666666666667,0.3333333333333333,25.86923076923076,13,plus_defense,9.8946
15,00-0040782,Isaiah Bond,WR,CHI,10.9,3.8333333333333335,2.3333333333333335,0.0,35.800000000000004,13,plus_defense,4.5395
15,00-0036309,Darnell Mooney,WR,TB,6.5,7.5,4.0,1.0,32.76923076923077,13,plus_defense,7.0339
15,00-0036415,Van Jefferson,WR,SF,5.3,3.6,3.0,0.0,33.16153846153846,13,plus_defense,5.0713
15,00-0038619,Andrei Iosivas,WR,BAL,0.0,8.066666666666666,4.333333333333333,0.3333333333333333,35.00000000000001,13,plus_defense,7.4925
15,00-0038839,Mitchell Tinsley,WR,BAL,2.6,7.550000000000001,7.5,1.5,35.00000000000001,13,plus_defense,10.2024
15,00-0039410,Ryan Flournoy,WR,MIN,8.0,10.966666666666667,5.666666666666667,1.0,24.530769230769224,13,plus_defense,9.4644
15,00-0039451,Isaiah Williams,WR,JAX,11.3,1.4666666666666668,1.3333333333333333,0.0,32.26923076923077,13,plus_defense,2.9878
15,00-0034521,Allen Lazard,WR,JAX,1.6,1.3,1.6666666666666667,0.0,32.26923076923077,13,plus_defense,3.2424
15,00-0035359,David Sills,WR,TB,13.8,6.366666666666667,3.6666666666666665,1.3333333333333333,32.76923076923077,13,plus_defense,6.4249
15,00-0032775,Demarcus Robinson,WR,TEN,5.6,1.2000000000000002,1.5,0.0,35.4,13,plus_defense,3.0708
15,00-0033921,Chris Godwin Jr.,WR,ATL,12.0,8.066666666666668,5.666666666666667,0.6666666666666666,33.46923076923077,13,plus_defense,8.69
15,00-0038994,Jordan Addison,WR,DAL,8.600000000000001,6.266666666666666,6.0,0.6666666666666666,40.28461538461538,13,plus_defense,8.5118
15,00-0039920,Malachi Corley,WR,CHI,2.0,0.7666666666666667,1.3333333333333333,0.3333333333333333,35.800000000000004,13,plus_defense,2.8033
15,00-0040259,Gage Larvadain,WR,CHI,1.8,2.7000000000000006,2.0,0.3333333333333333,35.800000000000004,13,plus_defense,3.9305
15,00-0035406,Lil'Jordan Humphrey,WR,GB,13.2,2.85,2.0,0.0,28.78461538461539,13,plus_defense,3.9587
15,00-0037487,Deven Thompkins,WR,TB,0.0,3.1000000000000005,2.0,0.0,32.76923076923077,13,plus_defense,4.034
15,00-0039623,Mason Tipton,WR,CAR,1.1,3.733333333333333,3.3333333333333335,0.0,26.807692307692307,13,plus_defense,5.3962
15,00-0040590,Konata Mumpfield,WR,DET,0.0,2.0,1.0,0.0,38.60923076923077,13,plus_defense,2.8445
15,00-0039067,Rashee Rice,WR,LAC,12.100000000000001,19.633333333333333,11.0,3.3333333333333335,24.88615384615384,13,plus_defense,16.6287
15,00-0039491,Jalen Coker,WR,NO,16.0,11.799999999999999,5.0,1.0,27.915384615384617,13,plus_defense,9.0975
15,00-0038124,Christian Watson,WR,DEN,5.9,17.7,7.333333333333333,0.3333333333333333,27.576923076923077,13,plus_defense,12.8057
15,00-0037742,Treylon Burks,WR,NYG,0.0,3.75,2.5,0.5,36.52307692307692,13,plus_defense,4.6681
15,00-0034860,Dante Pettis,WR,CAR,0.0,0.8000000000000002,0.3333333333333333,0.0,26.807692307692307,13,plus_defense,1.8959
15,00-0035876,Andre Baccellia,WR,HOU,0.0,0.65,1.5,0.5,25.461538461538467,13,plus_defense,2.9029
15,00-0036165,Isaiah Hodgins,WR,WAS,1.4,6.8,3.5,1.0,35.361538461538466,13,plus_defense,6.3976
15,00-0040024,Darius Cooper,WR,LV,4.9,2.8000000000000003,1.5,0.0,35.93846153846153,13,plus_defense,3.5079
15,00-0036133,James Proche,WR,SF,0.0,3.1666666666666665,1.6666666666666667,0.0,33.16153846153846,13,plus_defense,3.7528
15,00-0038953,Dylan Drummond,WR,TB,0.0,3.733333333333333,3.6666666666666665,1.0,32.76923076923077,13,plus_defense,5.7071
15,00-0035544,Tom Kennedy,WR,LA,0.0,3.8,2.0,0.0,30.77692307692308,13,plus_defense,4.2213
15,00-0037132,Britain Covey,WR,LV,0.0,0.0,0.0,0.0,35.93846153846153,13,plus_defense,1.3943
15,00-0030035,Adam Thielen,WR,MIA,1.7000000000000002,0.7,1.0,0.5,27.269230769230766,13,plus_redzone_defense,2.5585
15,00-0030279,Keenan Allen,WR,KC,8.6,6.1,4.0,0.5,28.676923076923078,13,plus_redzone_defense,6.6353
15,00-0030564,DeAndre Hopkins,WR,CIN,4.2,2.6,2.3333333333333335,0.3333333333333333,26.298461538461538,13,plus_redzone_defense,4.1976
15,00-0031381,Davante Adams,WR,DET,11.100000000000001,17.3,6.333333333333333,2.0,38.60923076923077,13,plus_redzone_defense,12.0104
15,00-0031588,Stefon Diggs,WR,BUF,5.6,4.8,3.5,0.5,29.638461538461538,13,plus_redzone_defense,5.8528
15,00-0032211,Tyler Lockett,WR,PHI,3.0,6.466666666666666,3.3333333333333335,0.0,29.253846153846155,13,plus_redzone_defense,6.0339
15,00-0033555,Mack Hollins,WR,BUF,8.100000000000001,5.15,5.0,0.0,29.638461538461538,13,plus_redzone_defense,7.1572
15,00-0033857,JuJu Smith-Schuster,WR,LAC,0.0,1.0999999999999999,1.6666666666666667,0.3333333333333333,24.88615384615384,13,plus_redzone_defense,3.2098
15,00-0033908,Cooper Kupp,WR,IND,9.600000000000001,7.1000000000000005,3.6666666666666665,1.0,36.407692307692315,13,plus_redzone_defense,6.7343
15,00-0034348,Courtland Sutton,WR,GB,24.3,14.7,8.0,1.5,28.78461538461539,13,plus_redzone_defense,12.6602
15,00-0034827,DJ Moore,WR,CLE,22.9,9.566666666666666,5.333333333333333,1.6666666666666667,25.86923076923076,13,plus_redzone_defense,8.9817
15,00-0034960,Jakobi Meyers,WR,NYJ,12.100000000000001,17.03333333333333,8.666666666666666,2.3333333333333335,28.23846153846154,13,plus_redzone_defense,14.0497
15,00-0035208,Olamide Zaccheaus,WR,CLE,0.0,4.733333333333333,2.3333333333333335,0.6666666666666666,25.86923076923076,13,plus_redzone_defense,4.8347
15,00-0035535,Darius Slayton,WR,WAS,9.3,7.700000000000001,2.5,0.5,35.361538461538466,13,plus_redzone_defense,5.7498
15,00-0035640,DK Metcalf,WR,MIA,14.5,14.133333333333333,9.0,1.6666666666666667,27.269230769230766,13,plus_redzone_defense,13.4265
15,00-0035659,Terry McLaurin,WR,NYG,15.9,14.850000000000001,10.0,3.0,36.52307692307692,13,plus_redzone_defense,14.8162
15,00-0035676,A.J. Brown,WR,LV,12.100000000000001,25.400000000000002,11.666666666666666,1.0,35.93846153846153,13,plus_redzone_defense,18.6272
15,00-0035719,Deebo Samuel Sr.,WR,NYG,7.3,8.9,7.5,1.0,36.52307692307692,13,plus_redzone_defense,10.5922
15,00-0036182,Nick Westbrook-Ikhine,WR,PIT,0.0,0.0,0.0,0.0,36.43076923076923,13,plus_redzone_defense,1.4002
15,00-0036252,Michael Pittman,WR,SEA,5.6,10.966666666666667,8.0,1.3333333333333333,25.669230769230772,13,plus_redzone_defense,11.6295
15,00-0036259,Jauan Jennings,WR,TEN,18.7,14.5,6.5,1.5,35.4,13,plus_redzone_defense,11.2988
15,00-0036322,Justin Jefferson,WR,DAL,4.2,4.766666666666667,5.333333333333333,0.0,40.28461538461538,13,plus_redzone_defense,7.3737
15,00-0036331,Devin Duvernay,WR,CLE,0.0,1.1333333333333335,0.3333333333333333,0.0,25.86923076923076,13,plus_redzone_defense,1.9702
15,00-0036358,CeeDee Lamb,WR,MIN,17.1,17.933333333333334,9.333333333333334,1.6666666666666667,24.530769230769224,13,plus_redzone_defense,14.7187
15,00-0036407,Jerry Jeudy,WR,CHI,4.2,9.033333333333333,4.0,0.0,35.800000000000004,13,plus_redzone_defense,7.3149
15,00-0036554,Nico Collins,WR,ARI,23.5,15.366666666666667,7.333333333333333,1.0,30.784615384615385,13,plus_redzone_defense,12.1412
15,00-0036613,Jaylen Waddle,WR,PIT,4.6,12.55,7.0,0.5,36.43076923076923,13,plus_redzone_defense,11.0039
15,00-0036862,Ben Skowronek,WR,MIA,0.0,1.8,1.0,0.0,27.269230769230766,13,plus_redzone_defense,2.7377
15,00-0036900,Ja'Marr Chase,WR,BAL,23.200000000000003,14.1,11.5,1.0,35.00000000000001,13,plus_redzone_defense,15.4918
15,00-0036912,DeVonta Smith,WR,LV,7.0,10.800000000000002,9.0,0.6666666666666666,35.93846153846153,13,plus_redzone_defense,12.3419
15,00-0036963,Amon-Ra St. Brown,WR,LA,41.400000000000006,15.033333333333333,7.666666666666667,0.6666666666666666,30.77692307692308,13,plus_redzone_defense,12.2728
15,00-0037091,Bo Melton,WR,DEN,0.0,6.5,2.5,0.0,27.576923076923077,13,plus_redzone_defense,5.3037
15,00-0037239,Chris Olave,WR,CAR,20.5,12.233333333333334,8.333333333333334,0.3333333333333333,26.807692307692307,13,plus_redzone_defense,12.0378
15,00-0037240,Jameson Williams,WR,LA,26.4,14.733333333333334,8.0,0.6666666666666666,30.77692307692308,13,plus_redzone_defense,12.4876
15,00-0037247,George Pickens,WR,MIN,6.300000000000001,17.700000000000003,10.333333333333334,2.3333333333333335,24.530769230769224,13,plus_redzone_defense,15.6879
15,00-0037261,Khalil Shakir,WR,NE,11.5,10.033333333333333,5.666666666666667,1.0,30.807692307692307,13,plus_redzone_defense,9.2615
15,00-0037291,Jalen Nailor,WR,DAL,19.5,2.0,1.6666666666666667,0.0,40.28461538461538,13,plus_redzone_defense,3.4078
15,00-0037545,Rashid Shaheed,WR,IND,12.100000000000001,4.6,4.0,0.0,36.407692307692315,13,plus_redzone_defense,6.1447
15,00-0037614,John Metchie III,WR,JAX,6.9,10.533333333333333,8.0,1.3333333333333333,32.26923076923077,13,plus_redzone_defense,11.5297
15,00-0037664,Alec Pierce,WR,SEA,2.6,11.466666666666669,5.0,1.0,25.669230769230772,13,plus_redzone_defense,9.0406
15,00-0037801,KaVontae Turpin,WR,MIN,3.2,6.4333333333333345,4.0,0.0,24.530769230769224,13,plus_redzone_defense,6.6026
15,00-0037816,Romeo Doubs,WR,DEN,5.6,5.433333333333334,3.0,1.3333333333333333,27.576923076923077,13,plus_redzone_defense,5.7604
15,00-0037837,Calvin Austin III,WR,MIA,0.0,3.9,3.0,0.0,27.269230769230766,13,plus_redzone_defense,5.0571
15,00-0038090,Skyy Moore,WR,TEN,0.0,0.0,0.0,0.0,35.4,13,plus_redzone_defense,1.3979
15,00-0038104,Tyquan Thornton,WR,LAC,6.7,1.3,1.3333333333333333,0.0,24.88615384615384,13,plus_redzone_defense,2.8943
15,00-0038117,Wan'Dale Robinson,WR,WAS,16.4,20.5,11.5,0.0,35.361538461538466,13,plus_redzone_defense,16.9609
15,00-0038359,Xavier Smith,WR,DET,0.0,6.4,2.0,0.5,38.60923076923077,13,plus_redzone_defense,4.9724
15,00-0038393,Dontayvion Wicks,WR,DEN,1.6,16.6,6.0,1.0,27.576923076923077,13,plus_redzone_defense,11.2837
15,00-0038519,Nikko Remigio,WR,LAC,0.0,0.0,0.0,0.0,24.88615384615384,13,plus_redzone_defense,1.3744
15,00-0038543,Jaxon Smith-Njigba,WR,IND,18.3,23.166666666666668,8.666666666666666,2.3333333333333335,36.407692307692315,13,plus_redzone_defense,15.6887
15,00-0038559,Michael Wilson,WR,HOU,16.4,21.866666666666664,12.666666666666666,2.3333333333333335,25.461538461538467,13,plus_redzone_defense,18.8496
15,00-0038563,Tre Tucker,WR,PHI,0.0,5.066666666666667,6.0,0.3333333333333333,29.253846153846155,13,plus_redzone_defense,8.0908
15,00-0038576,Charlie Jones,WR,BAL,0.0,0.0,0.3333333333333333,0.0,35.00000000000001,13,plus_redzone_defense,1.6911
15,00-0038606,Parker Washington,WR,NYJ,8.3,10.850000000000001,5.0,1.0,28.23846153846154,13,plus_redzone_defense,8.8834
15,00-0038608,Kayshon Boutte,WR,BUF,4.0,8.5,3.5,0.5,29.638461538461538,13,plus_redzone_defense,6.8306
15,00-0038618,Xavier Hutchinson,WR,ARI,2.6,2.266666666666667,2.6666666666666665,0.6666666666666666,30.784615384615385,13,plus_redzone_defense,4.4879
15,00-0038621,DeMario Douglas,WR,BUF,0.5,6.200000000000001,2.5,0.5,29.638461538461538,13,plus_redzone_defense,5.3406
15,00-0038840,Brycen Tremayne,WR,NO,0.0,0.0,0.0,0.0,27.915384615384617,13,plus_redzone_defense,1.3812
15,00-0038976,Marvin Mims Jr.,WR,GB,7.7,2.7,2.5,0.5,28.78461538461539,13,plus_redzone_defense,4.4137
15,00-0038997,Josh Downs,WR,SEA,10.3,5.233333333333333,5.666666666666667,1.3333333333333333,25.669230769230772,13,plus_redzone_defense,8.0559
15,00-0039064,Zay Flowers,WR,CIN,15.8,11.700000000000001,9.0,0.6666666666666666,26.298461538461538,13,plus_redzone_defense,12.5582
15,00-0039075,Puka Nacua,WR,DET,27.900000000000002,21.86666666666667,10.333333333333334,1.0,38.60923076923077,13,plus_redzone_defense,16.5231
15,00-0039342,Xavier Legette,WR,NO,5.9,3.1500000000000004,3.5,0.0,27.915384615384617,13,plus_redzone_defense,5.3014
15,00-0039424,Devaughn Vele,WR,CAR,11.9,12.333333333333334,6.666666666666667,1.0,26.807692307692307,13,plus_redzone_defense,10.7426
15,00-0039589,Kameron Johnson,WR,ATL,0.0,0.0,0.3333333333333333,0.0,33.46923076923077,13,plus_redzone_defense,1.6877
15,00-0039751,Jordan Whittington,WR,DET,0.0,2.066666666666667,1.6666666666666667,0.0,38.60923076923077,13,plus_redzone_defense,3.4216
15,00-0039868,Troy Franklin,WR,GB,20.8,4.1,3.5,0.5,28.78461538461539,13,plus_redzone_defense,5.6659
15,00-0039880,Malik Washington,WR,PIT,2.0,5.5,4.5,0.5,36.43076923076923,13,plus_redzone_defense,6.9352
15,00-0039890,Adonai Mitchell,WR,JAX,17.4,11.266666666666667,8.333333333333334,1.6666666666666667,32.26923076923077,13,plus_redzone_defense,12.092
15,00-0039893,Brian Thomas Jr.,WR,NYJ,17.1,8.25,4.5,0.0,28.23846153846154,13,plus_redzone_defense,7.5321
15,00-0039894,Xavier Worthy,WR,LAC,5.5,9.933333333333334,6.666666666666667,0.3333333333333333,24.88615384615384,13,plus_redzone_defense,9.9553
15,00-0039915,Ladd McConkey,WR,KC,4.0,8.05,5.5,1.0,28.676923076923078,13,plus_redzone_defense,8.5855
15,00-0039916,Ricky Pearsall,WR,TEN,15.600000000000001,3.1000000000000005,4.0,0.5,35.4,13,plus_redzone_defense,5.8576
15,00-0040075,LaJohntay Wester,WR,CIN,0.0,0.0,0.0,0.0,26.298461538461538,13,plus_redzone_defense,1.3776
15,00-0040124,Tetairoa McMillan,WR,NO,4.5,11.4,4.5,0.0,27.915384615384617,13,plus_redzone_defense,8.3638
15,00-0040129,Emeka Egbuka,WR,ATL,10.4,5.966666666666666,8.333333333333334,0.6666666666666666,33.46923076923077,13,plus_redzone_defense,10.471
15,00-0040130,Jayden Higgins,WR,ARI,1.4,10.566666666666668,6.333333333333333,0.6666666666666666,30.784615384615385,13,plus_redzone_defense,9.9162
15,00-0040131,Kyle Williams,WR,BUF,0.0,6.550000000000001,1.0,0.0,29.638461538461538,13,plus_redzone_defense,3.9982
15,00-0040138,Jaylin Noel,WR,ARI,0.0,1.7333333333333334,2.3333333333333335,0.6666666666666666,30.784615384615385,13,plus_redzone_defense,4.0529
15,00-0040164,Jaylin Lane,WR,NYG,0.0,0.0,0.5,0.0,36.52307692307692,13,plus_redzone_defense,1.8415
15,00-0040170,Elic Ayomanor,WR,SF,2.7,4.95,4.0,0.5,33.16153846153846,13,plus_redzone_defense,6.3415
15,00-0040237,Tez Johnson,WR,ATL,0.0,6.9,4.0,1.5,33.46923076923077,13,plus_redzone_defense,7.0805
15,00-0040506,Myles Price,WR,DAL,0.0,0.0,0.0,0.0,40.28461538461538,13,plus_redzone_defense,1.4088
15,00-0040669,Isaac TeSlaa,WR,LA,0.0,7.166666666666667,2.0,0.6666666666666666,30.77692307692308,13,plus_redzone_defense,5.1946
15,00-0040705,Chimere Dike,WR,SF,5.0,10.233333333333334,6.666666666666667,1.3333333333333333,33.16153846153846,13,plus_redzone_defense,10.2762
15,00-0040727,Tre Harris,WR,KC,7.9,4.55,3.5,0.5,28.676923076923078,13,plus_redzone_defense,5.7846
15,00-0040729,Jack Bech,WR,PHI,3.7,7.6,4.5,1.5,29.253846153846155,13,plus_redzone_defense,7.6972
15,00-0040735,Luther Burden III,WR,CLE,14.4,9.233333333333334,6.666666666666667,0.3333333333333333,25.86923076923076,13,plus_redzone_defense,9.7725
15,00-0040782,Isaiah Bond,WR,CHI,10.9,3.8333333333333335,2.3333333333333335,0.0,35.800000000000004,13,plus_redzone_defense,4.4704
15,00-0036309,Darnell Mooney,WR,TB,6.5,7.5,4.0,1.0,32.76923076923077,13,plus_redzone_defense,7.126
15,00-0036415,Van Jefferson,WR,SF,5.3,3.6,3.0,0.0,33.16153846153846,13,plus_redzone_defense,4.991
15,00-0038619,Andrei Iosivas,WR,BAL,0.0,8.066666666666666,4.333333333333333,0.3333333333333333,35.00000000000001,13,plus_redzone_defense,7.4261
15,00-0038839,Mitchell Tinsley,WR,BAL,2.6,7.550000000000001,7.5,1.5,35.00000000000001,13,plus_redzone_defense,10.3435
15,00-0039410,Ryan Flournoy,WR,MIN,8.0,10.966666666666667,5.666666666666667,1.0,24.530769230769224,13,plus_redzone_defense,9.4941
15,00-0039451,Isaiah Williams,WR,JAX,11.3,1.4666666666666668,1.3333333333333333,0.0,32.26923076923077,13,plus_redzone_defense,2.9548
15,00-0034521,Allen Lazard,WR,JAX,1.6,1.3,1.6666666666666667,0.0,32.26923076923077,13,plus_redzone_defense,3.2049
15,00-0035359,David Sills,WR,TB,13.8,6.366666666666667,3.6666666666666665,1.3333333333333333,32.76923076923077,13,plus_redzone_defense,6.6068
15,00-0032775,Demarcus Robinson,WR,TEN,5.6,1.2000000000000002,1.5,0.0,35.4,13,plus_redzone_defense,3.0384
15,00-0033921,Chris Godwin Jr.,WR,ATL,12.0,8.066666666666668,5.666666666666667,0.6666666666666666,33.46923076923077,13,plus_redzone_defense,8.6733
15,00-0038994,Jordan Addison,WR,DAL,8.600000000000001,6.266666666666666,6.0,0.6666666666666666,40.28461538461538,13,plus_redzone_defense,8.507
15,00-0039920,Malachi Corley,WR,CHI,2.0,0.7666666666666667,1.3333333333333333,0.3333333333333333,35.800000000000004,13,plus_redzone_defense,2.8521
15,00-0040259,Gage Larvadain,WR,CHI,1.8,2.7000000000000006,2.0,0.3333333333333333,35.800000000000004,13,plus_redzone_defense,3.9511
15,00-0035406,Lil'Jordan Humphrey,WR,GB,13.2,2.85,2.0,0.0,28.78461538461539,13,plus_redzone_defense,3.9007
15,00-0037487,Deven Thompkins,WR,TB,0.0,3.1000000000000005,2.0,0.0,32.76923076923077,13,plus_redzone_defense,3.9757
15,00-0039623,Mason Tipton,WR,CAR,1.1,3.733333333333333,3.3333333333333335,0.0,26.807692307692307,13,plus_redzone_defense,5.3061
15,00-0040590,Konata Mumpfield,WR,DET,0.0,2.0,1.0,0.0,38.60923076923077,13,plus_redzone_defense,2.8159
15,00-0039067,Rashee Rice,WR,LAC,12.100000000000001,19.633333333333333,11.0,3.3333333333333335,24.88615384615384,13,plus_redzone_defense,17.0108
15,00-0039491,Jalen Coker,WR,NO,16.0,11.799999999999999,5.0,1.0,27.915384615384617,13,plus_redzone_defense,9.1337
15,00-0038124,Christian Watson,WR,DEN,5.9,17.7,7.333333333333333,0.3333333333333333,27.576923076923077,13,plus_redzone_defense,12.6019
15,00-0037742,Treylon Burks,WR,NYG,0.0,3.75,2.5,0.5,36.52307692307692,13,plus_redzone_defense,4.7085
15,00-0034860,Dante Pettis,WR,CAR,0.0,0.8000000000000002,0.3333333333333333,0.0,26.807692307692307,13,plus_redzone_defense,1.8842
15,00-0035876,Andre Baccellia,WR,HOU,0.0,0.65,1.5,0.5,25.461538461538467,13,plus_redzone_defense,2.9823
15,00-0036165,Isaiah Hodgins,WR,WAS,1.4,6.8,3.5,1.0,35.361538461538466,13,plus_redzone_defense,6.5057
15,00-0040024,Darius Cooper,WR,LV,4.9,2.8000000000000003,1.5,0.0,35.93846153846153,13,plus_redzone_defense,3.4624
15,00-0036133,James Proche,WR,SF,0.0,3.1666666666666665,1.6666666666666667,0.0,33.16153846153846,13,plus_redzone_defense,3.7001
15,00-0038953,Dylan Drummond,WR,TB,0.0,3.733333333333333,3.6666666666666665,1.0,32.76923076923077,13,plus_redzone_defense,5.8365
15,00-0035544,Tom Kennedy,WR,LA,0.0,3.8,2.0,0.0,30.77692307692308,13,plus_redzone_defense,4.1563
15,00-0037132,Britain Covey,WR,LV,0.0,0.0,0.0,0.0,35.93846153846153,13,plus_redzone_defense,1.3991
16,00-0030035,Adam Thielen,WR,DET,8.9,1.55,1.0,0.5,38.77285714285715,14,baseline,2.6404
16,00-0030279,Keenan Allen,WR,DAL,9.4,6.933333333333333,5.0,0.3333333333333333,39.71428571428571,14,baseline,7.78
16,00-0030564,DeAndre Hopkins,WR,NE,8.100000000000001,2.9,1.6666666666666667,0.0,29.614285714285717,14,baseline,3.6204
16,00-0031236,Brandin Cooks,WR,CLE,0.0,1.15,2.0,0.0,26.68571428571428,14,baseline,3.4493
16,00-0031588,Stefon Diggs,WR,BAL,22.8,5.6,4.0,0.5,34.34285714285715,14,baseline,6.4985
16,00-0032211,Tyler Lockett,WR,HOU,1.6,4.066666666666667,3.0,0.0,25.021428571428576,14,baseline,5.1625
16,00-0033555,Mack Hollins,WR,BAL,13.9,6.700000000000001,6.0,0.0,34.34285714285715,14,baseline,8.6344
16,00-0033857,JuJu Smith-Schuster,WR,TEN,2.2,0.5,1.3333333333333333,0.3333333333333333,35.98571428571429,14,baseline,2.6601
16,00-0033908,Cooper Kupp,WR,LA,6.9,8.833333333333334,4.666666666666667,1.6666666666666667,33.635714285714286,14,baseline,7.9921
16,00-0034348,Courtland Sutton,WR,JAX,20.6,17.900000000000002,8.666666666666666,1.6666666666666667,32.621428571428574,14,baseline,14.1361
16,00-0034827,DJ Moore,WR,GB,21.900000000000002,9.4,4.666666666666667,1.3333333333333333,32.08571428571429,14,baseline,8.1466
16,00-0034960,Jakobi Meyers,WR,DEN,8.6,16.066666666666666,9.0,1.6666666666666667,27.900000000000002,14,baseline,13.9422
16,00-0035208,Olamide Zaccheaus,WR,GB,5.300000000000001,4.2,3.0,1.0,32.08571428571429,14,baseline,5.1988
16,00-0035535,Darius Slayton,WR,MIN,1.8,10.700000000000001,6.5,0.5,25.499999999999996,14,baseline,10.184
16,00-0035640,DK Metcalf,WR,DET,8.2,14.166666666666666,6.666666666666667,1.3333333333333333,38.77285714285715,14,baseline,11.2822
16,00-0035659,Terry McLaurin,WR,PHI,8.3,15.200000000000001,8.0,2.0,27.642857142857142,14,baseline,12.7879
16,00-0035662,Marquise Brown,WR,TEN,5.2,7.25,2.0,0.5,35.98571428571429,14,baseline,5.1125
16,00-0035676,A.J. Brown,WR,WAS,18.5,21.1,9.0,0.3333333333333333,34.77142857142858,14,baseline,15.3145
16,00-0035719,Deebo Samuel Sr.,WR,PHI,6.5,8.366666666666667,6.666666666666667,0.6666666666666666,27.642857142857142,14,baseline,9.7008
16,00-0035891,Cody White,WR,LA,0.0,2.5,1.0,0.0,33.635714285714286,14,baseline,2.8994
16,00-0036252,Michael Pittman,WR,SF,7.2,8.266666666666666,7.0,0.3333333333333333,31.72142857142857,14,baseline,9.9795
16,00-0036259,Jauan Jennings,WR,IND,18.1,16.3,5.5,3.0,36.66428571428572,14,baseline,10.7929
16,00-0036322,Justin Jefferson,WR,NYG,14.5,3.233333333333333,6.0,1.3333333333333333,35.84285714285714,14,baseline,7.6892
16,00-0036331,Devin Duvernay,WR,GB,0.0,1.1333333333333335,0.3333333333333333,0.0,32.08571428571429,14,baseline,1.9148
16,00-0036358,CeeDee Lamb,WR,LAC,11.100000000000001,19.8,9.0,1.6666666666666667,24.84428571428571,14,baseline,14.9601
16,00-0036407,Jerry Jeudy,WR,BUF,4.2,8.8,4.333333333333333,0.0,28.821428571428573,14,baseline,7.677
16,00-0036550,Rashod Bateman,WR,NE,0.0,2.1500000000000004,2.0,1.0,29.614285714285717,14,baseline,3.7219
16,00-0036554,Nico Collins,WR,LV,9.9,20.366666666666667,7.666666666666667,1.6666666666666667,35.085714285714275,14,baseline,13.8906
16,00-0036613,Jaylen Waddle,WR,CIN,12.2,9.9,6.0,0.3333333333333333,25.84857142857143,14,baseline,9.5069
16,00-0036620,Dee Eskridge,WR,CIN,0.0,0.0,0.0,0.0,25.84857142857143,14,baseline,1.2998
16,00-0036862,Ben Skowronek,WR,DET,0.0,0.7666666666666666,0.6666666666666666,0.0,38.77285714285715,14,baseline,2.1208
16,00-0036900,Ja'Marr Chase,WR,MIA,19.9,17.133333333333336,13.0,1.0,27.11428571428571,14,baseline,17.9049
16,00-0036912,DeVonta Smith,WR,WAS,16.2,8.166666666666666,6.0,0.6666666666666666,34.77142857142858,14,baseline,9.0343
16,00-0036963,Amon-Ra St. Brown,WR,PIT,9.4,18.86666666666667,9.333333333333334,2.3333333333333335,34.3,14,baseline,15.0116
16,00-0037091,Bo Melton,WR,CHI,0.0,4.333333333333333,2.3333333333333335,0.0,34.59285714285715,14,baseline,4.6232
16,00-0037239,Chris Olave,WR,NYJ,36.8,13.733333333333334,7.0,0.6666666666666666,28.928571428571427,14,baseline,11.47
16,00-0037240,Jameson Williams,WR,PIT,12.0,23.53333333333333,10.333333333333334,1.0,34.3,14,baseline,17.202
16,00-0037247,George Pickens,WR,LAC,26.0,9.933333333333334,9.333333333333334,2.0,24.84428571428571,14,baseline,12.5759
16,00-0037261,Khalil Shakir,WR,CLE,7.4,7.533333333333334,4.0,0.6666666666666666,26.68571428571428,14,baseline,7.0257
16,00-0037291,Jalen Nailor,WR,NYG,0.0,8.5,3.3333333333333335,0.6666666666666666,35.84285714285714,14,baseline,6.6772
16,00-0037545,Rashid Shaheed,WR,LA,3.1,8.466666666666667,5.666666666666667,0.3333333333333333,33.635714285714286,14,baseline,8.8101
16,00-0037614,John Metchie III,WR,NO,1.4,6.666666666666667,7.666666666666667,1.0,27.928571428571434,14,baseline,10.1552
16,00-0037664,Alec Pierce,WR,SF,24.6,11.133333333333333,4.666666666666667,0.6666666666666666,31.72142857142857,14,baseline,8.6192
16,00-0037741,Jahan Dotson,WR,WAS,4.3,1.75,3.0,0.5,34.77142857142858,14,baseline,4.5308
16,00-0037801,KaVontae Turpin,WR,LAC,4.7,5.433333333333334,3.6666666666666665,0.3333333333333333,24.84428571428571,14,baseline,6.1471
16,00-0037816,Romeo Doubs,WR,CHI,19.4,5.866666666666667,3.0,1.3333333333333333,34.59285714285715,14,baseline,5.6533
16,00-0037837,Calvin Austin III,WR,DET,1.8,1.3666666666666665,1.6666666666666667,0.0,38.77285714285715,14,baseline,3.2023
16,00-0038090,Skyy Moore,WR,IND,3.3000000000000003,0.0,0.0,0.0,36.66428571428572,14,baseline,1.2998
16,00-0038117,Wan'Dale Robinson,WR,MIN,5.2,13.399999999999999,9.0,1.5,25.499999999999996,14,baseline,13.2151
16,00-0038359,Xavier Smith,WR,SEA,7.7,4.266666666666667,1.3333333333333333,0.3333333333333333,25.157142857142862,14,baseline,3.6871
16,00-0038393,Dontayvion Wicks,WR,CHI,3.2,14.8,5.0,0.5,34.59285714285715,14,baseline,9.9249
16,00-0038519,Nikko Remigio,WR,TEN,0.0,0.0,0.0,0.0,35.98571428571429,14,baseline,1.2998
16,00-0038543,Jaxon Smith-Njigba,WR,LA,23.6,16.900000000000002,8.0,0.6666666666666666,33.635714285714286,14,baseline,13.2514
16,00-0038544,Quentin Johnston,WR,DAL,20.4,7.050000000000001,3.0,1.0,39.71428571428571,14,baseline,5.9759
16,00-0038559,Michael Wilson,WR,ATL,13.2,20.066666666666666,11.333333333333334,2.3333333333333335,34.464285714285715,14,baseline,17.1747
16,00-0038563,Tre Tucker,WR,HOU,9.399999999999999,3.1333333333333333,3.6666666666666665,0.3333333333333333,25.021428571428576,14,baseline,5.52
16,00-0038606,Parker Washington,WR,DEN,26.5,5.95,3.0,0.5,27.900000000000002,14,baseline,5.676
16,00-0038608,Kayshon Boutte,WR,BAL,2.6,8.75,3.0,0.5,34.34285714285715,14,baseline,6.4394
16,00-0038618,Xavier Hutchinson,WR,LV,1.4,2.8333333333333335,3.0,0.3333333333333333,35.085714285714275,14,baseline,4.8262
16,00-0038621,DeMario Douglas,WR,BAL,1.6,3.4000000000000004,2.0,0.5,34.34285714285715,14,baseline,4.0627
16,00-0038840,Brycen Tremayne,WR,TB,0.0,0.0,0.0,0.0,31.87857142857143,14,baseline,1.2998
16,00-0038976,Marvin Mims Jr.,WR,JAX,5.9,4.366666666666667,4.0,0.3333333333333333,32.621428571428574,14,baseline,6.1622
16,00-0038979,Cedric Tillman,WR,BUF,1.8,1.6500000000000001,2.0,0.0,28.821428571428573,14,baseline,3.5856
16,00-0038997,Josh Downs,WR,SF,11.8,7.666666666666667,5.333333333333333,1.3333333333333333,31.72142857142857,14,baseline,8.286
16,00-0039064,Zay Flowers,WR,NE,23.200000000000003,13.0,8.0,0.6666666666666666,29.614285714285717,14,baseline,12.1881
16,00-0039075,Puka Nacua,WR,SEA,46.5,25.600000000000005,11.0,0.6666666666666666,25.157142857142862,14,baseline,18.3774
16,00-0039146,Jayden Reed,WR,CHI,7.1,9.9,6.0,0.5,34.59285714285715,14,baseline,9.5069
16,00-0039342,Xavier Legette,WR,TB,2.2,3.5,2.5,0.0,31.87857142857143,14,baseline,4.549
16,00-0039589,Kameron Johnson,WR,CAR,0.0,0.0,0.3333333333333333,0.0,27.735714285714288,14,baseline,1.6058
16,00-0039751,Jordan Whittington,WR,SEA,2.9000000000000004,0.5,1.0,0.0,25.157142857142862,14,baseline,2.3541
16,00-0039868,Troy Franklin,WR,JAX,10.600000000000001,9.666666666666666,4.666666666666667,0.6666666666666666,32.621428571428574,14,baseline,8.2193
16,00-0039880,Malik Washington,WR,CIN,10.200000000000001,4.333333333333333,3.3333333333333335,0.3333333333333333,25.84857142857143,14,baseline,5.5412
16,00-0039890,Adonai Mitchell,WR,NO,7.3,15.0,9.333333333333334,1.6666666666666667,27.928571428571434,14,baseline,13.9573
16,00-0039893,Brian Thomas Jr.,WR,DEN,3.8,11.200000000000001,5.666666666666667,1.0,27.900000000000002,14,baseline,9.5553
16,00-0039894,Xavier Worthy,WR,TEN,6.1000000000000005,8.466666666666667,5.333333333333333,0.0,35.98571428571429,14,baseline,8.5041
16,00-0039915,Ladd McConkey,WR,DAL,14.3,6.7,4.666666666666667,0.6666666666666666,39.71428571428571,14,baseline,7.4104
16,00-0040075,LaJohntay Wester,WR,NE,0.0,0.0,0.0,0.0,29.614285714285717,14,baseline,1.2998
16,00-0040124,Tetairoa McMillan,WR,TB,19.3,7.9,3.0,0.0,31.87857142857143,14,baseline,6.2077
16,00-0040129,Emeka Egbuka,WR,CAR,5.0,7.366666666666667,8.0,0.3333333333333333,27.735714285714288,14,baseline,10.6521
16,00-0040130,Jayden Higgins,WR,LV,2.7,6.433333333333333,3.6666666666666665,0.0,35.085714285714275,14,baseline,6.4197
16,00-0040131,Kyle Williams,WR,BAL,12.600000000000001,5.15,0.5,0.0,34.34285714285715,14,baseline,3.1629
16,00-0040138,Jaylin Noel,WR,LV,0.0,1.1,1.3333333333333333,0.3333333333333333,35.085714285714275,14,baseline,2.8236
16,00-0040154,Tai Felton,WR,NYG,1.6,1.0,0.5,0.0,35.84285714285714,14,baseline,2.0314
16,00-0040164,Jaylin Lane,WR,PHI,0.0,0.0,0.6666666666666666,0.0,27.642857142857142,14,baseline,1.9117
16,00-0040170,Elic Ayomanor,WR,KC,8.8,4.2,3.0,0.3333333333333333,28.70714285714286,14,baseline,5.1988
16,00-0040237,Tez Johnson,WR,CAR,0.9,0.75,1.5,0.0,27.735714285714288,14,baseline,2.8812
16,00-0040506,Myles Price,WR,NYG,0.0,0.0,0.0,0.0,35.84285714285714,14,baseline,1.2998
16,00-0040667,Matthew Golden,WR,CHI,0.4,4.25,2.5,0.0,34.59285714285715,14,baseline,4.7535
16,00-0040669,Isaac TeSlaa,WR,PIT,15.2,7.166666666666667,2.0,1.0,34.3,14,baseline,5.0897
16,00-0040705,Chimere Dike,WR,KC,13.0,6.766666666666667,6.333333333333333,1.6666666666666667,28.70714285714286,14,baseline,8.9586
16,00-0040727,Tre Harris,WR,DAL,9.4,5.666666666666667,4.0,0.3333333333333333,39.71428571428571,14,baseline,6.5167
16,00-0040729,Jack Bech,WR,HOU,6.3,6.3,4.0,1.0,25.021428571428576,14,baseline,6.6894
16,00-0040782,Isaiah Bond,WR,BUF,2.0,4.866666666666667,3.0,0.0,28.821428571428573,14,baseline,5.3806
16,00-0033307,Kendrick Bourne,WR,IND,5.7,1.85,2.0,0.0,36.66428571428572,14,baseline,3.6401
16,00-0033375,Tim Patrick,WR,DEN,2.1,10.450000000000001,3.5,2.0,27.900000000000002,14,baseline,7.3619
16,00-0034272,Marquez Valdes-Scantling,WR,DET,1.6,4.45,1.0,0.5,38.77285714285715,14,baseline,3.4311
16,00-0036309,Darnell Mooney,WR,ARI,4.4,4.2,5.0,1.0,30.55,14,baseline,7.0348
16,00-0036415,Van Jefferson,WR,KC,4.4,4.666666666666667,4.333333333333333,0.0,28.70714285714286,14,baseline,6.55
16,00-0038619,Andrei Iosivas,WR,MIA,3.1,4.533333333333334,2.0,0.3333333333333333,27.11428571428571,14,baseline,4.3717
16,00-0038839,Mitchell Tinsley,WR,MIA,0.0,3.4000000000000004,5.5,1.5,27.11428571428571,14,baseline,7.2756
16,00-0039410,Ryan Flournoy,WR,LAC,9.8,13.633333333333333,7.0,1.0,24.84428571428571,14,baseline,11.4428
16,00-0039451,Isaiah Williams,WR,NO,6.5,5.233333333333333,3.6666666666666665,0.0,27.928571428571434,14,baseline,6.0926
16,00-0040134,Pat Bryant,WR,JAX,9.2,7.2,5.5,1.0,32.621428571428574,14,baseline,8.3117
16,00-0035359,David Sills,WR,ARI,0.0,7.766666666666667,6.0,1.6666666666666667,30.55,14,baseline,8.9252
16,00-0032775,Demarcus Robinson,WR,IND,10.3,3.0999999999999996,2.0,0.5,36.66428571428572,14,baseline,3.9809
16,00-0033921,Chris Godwin Jr.,WR,CAR,8.0,11.1,6.0,1.3333333333333333,27.735714285714288,14,baseline,9.8341
16,00-0038994,Jordan Addison,WR,NYG,4.6,9.133333333333333,6.333333333333333,0.6666666666666666,35.84285714285714,14,baseline,9.6038
16,00-0038640,Jalen Brooks,WR,ATL,0.0,4.050000000000001,3.0,0.0,34.464285714285715,14,baseline,5.1579
16,00-0039920,Malachi Corley,WR,BUF,6.1,1.0333333333333334,1.0,0.3333333333333333,28.821428571428573,14,baseline,2.4995
16,00-0040259,Gage Larvadain,WR,BUF,0.0,3.3000000000000007,2.6666666666666665,0.3333333333333333,28.821428571428573,14,baseline,4.6474
16,00-0035406,Lil'Jordan Humphrey,WR,JAX,1.9,6.3,2.6666666666666665,0.3333333333333333,32.621428571428574,14,baseline,5.4654
16,00-0037487,Deven Thompkins,WR,ARI,0.0,2.066666666666667,1.3333333333333333,0.0,30.55,14,baseline,3.0872
16,00-0039623,Mason Tipton,WR,NYJ,8.100000000000001,2.0,2.6666666666666665,0.0,28.928571428571427,14,baseline,4.293
16,00-0040590,Konata Mumpfield,WR,SEA,7.0,0.5,0.6666666666666666,0.0,25.157142857142862,14,baseline,2.0481
16,00-0039491,Jalen Coker,WR,TB,7.7,16.7,5.0,0.0,31.87857142857143,14,baseline,10.443
16,00-0038124,Christian Watson,WR,CHI,3.7,16.366666666666667,6.666666666666667,0.6666666666666666,34.59285714285715,14,baseline,11.882
16,00-0037742,Treylon Burks,WR,PHI,5.0,2.5,2.3333333333333335,0.3333333333333333,27.642857142857142,14,baseline,4.1233
16,00-0034860,Dante Pettis,WR,NYJ,0.0,0.0,0.0,0.0,28.928571428571427,14,baseline,1.2998
16,00-0035544,Tom Kennedy,WR,PIT,0.0,2.533333333333333,1.3333333333333333,0.0,34.3,14,baseline,3.2145
16,00-0037132,Britain Covey,WR,WAS,0.0,0.0,0.0,0.0,34.77142857142858,14,baseline,1.2998
16,00-0039062,Jonathan Mingo,WR,LAC,0.0,1.75,1.0,0.0,24.84428571428571,14,baseline,2.6949
16,00-0030035,Adam Thielen,WR,DET,8.9,1.55,1.0,0.5,38.77285714285715,14,plus_defense,2.6861
16,00-0030279,Keenan Allen,WR,DAL,9.4,6.933333333333333,5.0,0.3333333333333333,39.71428571428571,14,plus_defense,7.8313
16,00-0030564,DeAndre Hopkins,WR,NE,8.100000000000001,2.9,1.6666666666666667,0.0,29.614285714285717,14,plus_defense,3.6046
16,00-0031236,Brandin Cooks,WR,CLE,0.0,1.15,2.0,0.0,26.68571428571428,14,plus_defense,3.4131
16,00-0031588,Stefon Diggs,WR,BAL,22.8,5.6,4.0,0.5,34.34285714285715,14,plus_defense,6.5139
16,00-0032211,Tyler Lockett,WR,HOU,1.6,4.066666666666667,3.0,0.0,25.021428571428576,14,plus_defense,5.1154
16,00-0033555,Mack Hollins,WR,BAL,13.9,6.700000000000001,6.0,0.0,34.34285714285715,14,plus_defense,8.649
16,00-0033857,JuJu Smith-Schuster,WR,TEN,2.2,0.5,1.3333333333333333,0.3333333333333333,35.98571428571429,14,plus_defense,2.6866
16,00-0033908,Cooper Kupp,WR,LA,6.9,8.833333333333334,4.666666666666667,1.6666666666666667,33.635714285714286,14,plus_defense,8.0032
16,00-0034348,Courtland Sutton,WR,JAX,20.6,17.900000000000002,8.666666666666666,1.6666666666666667,32.621428571428574,14,plus_defense,14.1405
16,00-0034827,DJ Moore,WR,GB,21.900000000000002,9.4,4.666666666666667,1.3333333333333333,32.08571428571429,14,plus_defense,8.1474
16,00-0034960,Jakobi Meyers,WR,DEN,8.6,16.066666666666666,9.0,1.6666666666666667,27.900000000000002,14,plus_defense,13.9142
16,00-0035208,Olamide Zaccheaus,WR,GB,5.300000000000001,4.2,3.0,1.0,32.08571428571429,14,plus_defense,5.1992
16,00-0035535,Darius Slayton,WR,MIN,1.8,10.700000000000001,6.5,0.5,25.499999999999996,14,plus_defense,10.1399
16,00-0035640,DK Metcalf,WR,DET,8.2,14.166666666666666,6.666666666666667,1.3333333333333333,38.77285714285715,14,plus_defense,11.3281
16,00-0035659,Terry McLaurin,WR,PHI,8.3,15.200000000000001,8.0,2.0,27.642857142857142,14,plus_defense,12.7585
16,00-0035662,Marquise Brown,WR,TEN,5.2,7.25,2.0,0.5,35.98571428571429,14,plus_defense,5.1404
16,00-0035676,A.J. Brown,WR,WAS,18.5,21.1,9.0,0.3333333333333333,34.77142857142858,14,plus_defense,15.3341
16,00-0035719,Deebo Samuel Sr.,WR,PHI,6.5,8.366666666666667,6.666666666666667,0.6666666666666666,27.642857142857142,14,plus_defense,9.6704
16,00-0035891,Cody White,WR,LA,0.0,2.5,1.0,0.0,33.635714285714286,14,plus_defense,2.9108
16,00-0036252,Michael Pittman,WR,SF,7.2,8.266666666666666,7.0,0.3333333333333333,31.72142857142857,14,plus_defense,9.9763
16,00-0036259,Jauan Jennings,WR,IND,18.1,16.3,5.5,3.0,36.66428571428572,14,plus_defense,10.8258
16,00-0036322,Justin Jefferson,WR,NYG,14.5,3.233333333333333,6.0,1.3333333333333333,35.84285714285714,14,plus_defense,7.7129
16,00-0036331,Devin Duvernay,WR,GB,0.0,1.1333333333333335,0.3333333333333333,0.0,32.08571428571429,14,plus_defense,1.9158
16,00-0036358,CeeDee Lamb,WR,LAC,11.100000000000001,19.8,9.0,1.6666666666666667,24.84428571428571,14,plus_defense,14.9126
16,00-0036407,Jerry Jeudy,WR,BUF,4.2,8.8,4.333333333333333,0.0,28.821428571428573,14,plus_defense,7.6559
16,00-0036550,Rashod Bateman,WR,NE,0.0,2.1500000000000004,2.0,1.0,29.614285714285717,14,plus_defense,3.7057
16,00-0036554,Nico Collins,WR,LV,9.9,20.366666666666667,7.666666666666667,1.6666666666666667,35.085714285714275,14,plus_defense,13.9128
16,00-0036613,Jaylen Waddle,WR,CIN,12.2,9.9,6.0,0.3333333333333333,25.84857142857143,14,plus_defense,9.4652
16,00-0036620,Dee Eskridge,WR,CIN,0.0,0.0,0.0,0.0,25.84857142857143,14,plus_defense,1.2588
16,00-0036862,Ben Skowronek,WR,DET,0.0,0.7666666666666666,0.6666666666666666,0.0,38.77285714285715,14,plus_defense,2.1665
16,00-0036900,Ja'Marr Chase,WR,MIA,19.9,17.133333333333336,13.0,1.0,27.11428571428571,14,plus_defense,17.8697
16,00-0036912,DeVonta Smith,WR,WAS,16.2,8.166666666666666,6.0,0.6666666666666666,34.77142857142858,14,plus_defense,9.0521
16,00-0036963,Amon-Ra St. Brown,WR,PIT,9.4,18.86666666666667,9.333333333333334,2.3333333333333335,34.3,14,plus_defense,15.0272
16,00-0037091,Bo Melton,WR,CHI,0.0,4.333333333333333,2.3333333333333335,0.0,34.59285714285715,14,plus_defense,4.6408
16,00-0037239,Chris Olave,WR,NYJ,36.8,13.733333333333334,7.0,0.6666666666666666,28.928571428571427,14,plus_defense,11.4495
16,00-0037240,Jameson Williams,WR,PIT,12.0,23.53333333333333,10.333333333333334,1.0,34.3,14,plus_defense,17.2182
16,00-0037247,George Pickens,WR,LAC,26.0,9.933333333333334,9.333333333333334,2.0,24.84428571428571,14,plus_defense,12.5256
16,00-0037261,Khalil Shakir,WR,CLE,7.4,7.533333333333334,4.0,0.6666666666666666,26.68571428571428,14,plus_defense,6.9901
16,00-0037291,Jalen Nailor,WR,NYG,0.0,8.5,3.3333333333333335,0.6666666666666666,35.84285714285714,14,plus_defense,6.7038
16,00-0037545,Rashid Shaheed,WR,LA,3.1,8.466666666666667,5.666666666666667,0.3333333333333333,33.635714285714286,14,plus_defense,8.8205
16,00-0037614,John Metchie III,WR,NO,1.4,6.666666666666667,7.666666666666667,1.0,27.928571428571434,14,plus_defense,10.1258
16,00-0037664,Alec Pierce,WR,SF,24.6,11.133333333333333,4.666666666666667,0.6666666666666666,31.72142857142857,14,plus_defense,8.618
16,00-0037741,Jahan Dotson,WR,WAS,4.3,1.75,3.0,0.5,34.77142857142858,14,plus_defense,4.5486
16,00-0037801,KaVontae Turpin,WR,LAC,4.7,5.433333333333334,3.6666666666666665,0.3333333333333333,24.84428571428571,14,plus_defense,6.0988
16,00-0037816,Romeo Doubs,WR,CHI,19.4,5.866666666666667,3.0,1.3333333333333333,34.59285714285715,14,plus_defense,5.6709
16,00-0037837,Calvin Austin III,WR,DET,1.8,1.3666666666666665,1.6666666666666667,0.0,38.77285714285715,14,plus_defense,3.2477
16,00-0038090,Skyy Moore,WR,IND,3.3000000000000003,0.0,0.0,0.0,36.66428571428572,14,plus_defense,1.3315
16,00-0038117,Wan'Dale Robinson,WR,MIN,5.2,13.399999999999999,9.0,1.5,25.499999999999996,14,plus_defense,13.1703
16,00-0038359,Xavier Smith,WR,SEA,7.7,4.266666666666667,1.3333333333333333,0.3333333333333333,25.157142857142862,14,plus_defense,3.6418
16,00-0038393,Dontayvion Wicks,WR,CHI,3.2,14.8,5.0,0.5,34.59285714285715,14,plus_defense,9.9438
16,00-0038519,Nikko Remigio,WR,TEN,0.0,0.0,0.0,0.0,35.98571428571429,14,plus_defense,1.3269
16,00-0038543,Jaxon Smith-Njigba,WR,LA,23.6,16.900000000000002,8.0,0.6666666666666666,33.635714285714286,14,plus_defense,13.2628
16,00-0038544,Quentin Johnston,WR,DAL,20.4,7.050000000000001,3.0,1.0,39.71428571428571,14,plus_defense,6.0283
16,00-0038559,Michael Wilson,WR,ATL,13.2,20.066666666666666,11.333333333333334,2.3333333333333335,34.464285714285715,14,plus_defense,17.1907
16,00-0038563,Tre Tucker,WR,HOU,9.399999999999999,3.1333333333333333,3.6666666666666665,0.3333333333333333,25.021428571428576,14,plus_defense,5.4722
16,00-0038606,Parker Washington,WR,DEN,26.5,5.95,3.0,0.5,27.900000000000002,14,plus_defense,5.6487
16,00-0038608,Kayshon Boutte,WR,BAL,2.6,8.75,3.0,0.5,34.34285714285715,14,plus_defense,6.4562
16,00-0038618,Xavier Hutchinson,WR,LV,1.4,2.8333333333333335,3.0,0.3333333333333333,35.085714285714275,14,plus_defense,4.8464
16,00-0038621,DeMario Douglas,WR,BAL,1.6,3.4000000000000004,2.0,0.5,34.34285714285715,14,plus_defense,4.0786
16,00-0038840,Brycen Tremayne,WR,TB,0.0,0.0,0.0,0.0,31.87857142857143,14,plus_defense,1.2993
16,00-0038976,Marvin Mims Jr.,WR,JAX,5.9,4.366666666666667,4.0,0.3333333333333333,32.621428571428574,14,plus_defense,6.1657
16,00-0038979,Cedric Tillman,WR,BUF,1.8,1.6500000000000001,2.0,0.0,28.821428571428573,14,plus_defense,3.5639
16,00-0038997,Josh Downs,WR,SF,11.8,7.666666666666667,5.333333333333333,1.3333333333333333,31.72142857142857,14,plus_defense,8.2835
16,00-0039064,Zay Flowers,WR,NE,23.200000000000003,13.0,8.0,0.6666666666666666,29.614285714285717,14,plus_defense,12.1714
16,00-0039075,Puka Nacua,WR,SEA,46.5,25.600000000000005,11.0,0.6666666666666666,25.157142857142862,14,plus_defense,18.3324
16,00-0039146,Jayden Reed,WR,CHI,7.1,9.9,6.0,0.5,34.59285714285715,14,plus_defense,9.524
16,00-0039342,Xavier Legette,WR,TB,2.2,3.5,2.5,0.0,31.87857142857143,14,plus_defense,4.5481
16,00-0039589,Kameron Johnson,WR,CAR,0.0,0.0,0.3333333333333333,0.0,27.735714285714288,14,plus_defense,1.5773
16,00-0039751,Jordan Whittington,WR,SEA,2.9000000000000004,0.5,1.0,0.0,25.157142857142862,14,plus_defense,2.308
16,00-0039868,Troy Franklin,WR,JAX,10.600000000000001,9.666666666666666,4.666666666666667,0.6666666666666666,32.621428571428574,14,plus_defense,8.2238
16,00-0039880,Malik Washington,WR,CIN,10.200000000000001,4.333333333333333,3.3333333333333335,0.3333333333333333,25.84857142857143,14,plus_defense,5.4995
16,00-0039890,Adonai Mitchell,WR,NO,7.3,15.0,9.333333333333334,1.6666666666666667,27.928571428571434,14,plus_defense,13.9291
16,00-0039893,Brian Thomas Jr.,WR,DEN,3.8,11.200000000000001,5.666666666666667,1.0,27.900000000000002,14,plus_defense,9.528
16,00-0039894,Xavier Worthy,WR,TEN,6.1000000000000005,8.466666666666667,5.333333333333333,0.0,35.98571428571429,14,plus_defense,8.5305
16,00-0039915,Ladd McConkey,WR,DAL,14.3,6.7,4.666666666666667,0.6666666666666666,39.71428571428571,14,plus_defense,7.4618
16,00-0040075,LaJohntay Wester,WR,NE,0.0,0.0,0.0,0.0,29.614285714285717,14,plus_defense,1.2841
16,00-0040124,Tetairoa McMillan,WR,TB,19.3,7.9,3.0,0.0,31.87857142857143,14,plus_defense,6.2076
16,00-0040129,Emeka Egbuka,WR,CAR,5.0,7.366666666666667,8.0,0.3333333333333333,27.735714285714288,14,plus_defense,10.6213
16,00-0040130,Jayden Higgins,WR,LV,2.7,6.433333333333333,3.6666666666666665,0.0,35.085714285714275,14,plus_defense,6.4405
16,00-0040131,Kyle Williams,WR,BAL,12.600000000000001,5.15,0.5,0.0,34.34285714285715,14,plus_defense,3.1801
16,00-0040138,Jaylin Noel,WR,LV,0.0,1.1,1.3333333333333333,0.3333333333333333,35.085714285714275,14,plus_defense,2.8443
16,00-0040154,Tai Felton,WR,NYG,1.6,1.0,0.5,0.0,35.84285714285714,14,plus_defense,2.0576
16,00-0040164,Jaylin Lane,WR,PHI,0.0,0.0,0.6666666666666666,0.0,27.642857142857142,14,plus_defense,1.8825
16,00-0040170,Elic Ayomanor,WR,KC,8.8,4.2,3.0,0.3333333333333333,28.70714285714286,14,plus_defense,5.1765
16,00-0040237,Tez Johnson,WR,CAR,0.9,0.75,1.5,0.0,27.735714285714288,14,plus_defense,2.8523
16,00-0040506,Myles Price,WR,NYG,0.0,0.0,0.0,0.0,35.84285714285714,14,plus_defense,1.326
16,00-0040667,Matthew Golden,WR,CHI,0.4,4.25,2.5,0.0,34.59285714285715,14,plus_defense,4.771
16,00-0040669,Isaac TeSlaa,WR,PIT,15.2,7.166666666666667,2.0,1.0,34.3,14,plus_defense,5.1063
16,00-0040705,Chimere Dike,WR,KC,13.0,6.766666666666667,6.333333333333333,1.6666666666666667,28.70714285714286,14,plus_defense,8.9351
16,00-0040727,Tre Harris,WR,DAL,9.4,5.666666666666667,4.0,0.3333333333333333,39.71428571428571,14,plus_defense,6.5682
16,00-0040729,Jack Bech,WR,HOU,6.3,6.3,4.0,1.0,25.021428571428576,14,plus_defense,6.6423
16,00-0040782,Isaiah Bond,WR,BUF,2.0,4.866666666666667,3.0,0.0,28.821428571428573,14,plus_defense,5.3592
16,00-0033307,Kendrick Bourne,WR,IND,5.7,1.85,2.0,0.0,36.66428571428572,14,plus_defense,3.6712
16,00-0033375,Tim Patrick,WR,DEN,2.1,10.450000000000001,3.5,2.0,27.900000000000002,14,plus_defense,7.3355
16,00-0034272,Marquez Valdes-Scantling,WR,DET,1.6,4.45,1.0,0.5,38.77285714285715,14,plus_defense,3.4775
16,00-0036309,Darnell Mooney,WR,ARI,4.4,4.2,5.0,1.0,30.55,14,plus_defense,7.0238
16,00-0036415,Van Jefferson,WR,KC,4.4,4.666666666666667,4.333333333333333,0.0,28.70714285714286,14,plus_defense,6.5271
16,00-0038619,Andrei Iosivas,WR,MIA,3.1,4.533333333333334,2.0,0.3333333333333333,27.11428571428571,14,plus_defense,4.3394
16,00-0038839,Mitchell Tinsley,WR,MIA,0.0,3.4000000000000004,5.5,1.5,27.11428571428571,14,plus_defense,7.241
16,00-0039410,Ryan Flournoy,WR,LAC,9.8,13.633333333333333,7.0,1.0,24.84428571428571,14,plus_defense,11.3947
16,00-0039451,Isaiah Williams,WR,NO,6.5,5.233333333333333,3.6666666666666665,0.0,27.928571428571434,14,plus_defense,6.0649
16,00-0040134,Pat Bryant,WR,JAX,9.2,7.2,5.5,1.0,32.621428571428574,14,plus_defense,8.3151
16,00-0035359,David Sills,WR,ARI,0.0,7.766666666666667,6.0,1.6666666666666667,30.55,14,plus_defense,8.9146
16,00-0032775,Demarcus Robinson,WR,IND,10.3,3.0999999999999996,2.0,0.5,36.66428571428572,14,plus_defense,4.0124
16,00-0033921,Chris Godwin Jr.,WR,CAR,8.0,11.1,6.0,1.3333333333333333,27.735714285714288,14,plus_defense,9.8054
16,00-0038994,Jordan Addison,WR,NYG,4.6,9.133333333333333,6.333333333333333,0.6666666666666666,35.84285714285714,14,plus_defense,9.6289
16,00-0038640,Jalen Brooks,WR,ATL,0.0,4.050000000000001,3.0,0.0,34.464285714285715,14,plus_defense,5.1743
16,00-0039920,Malachi Corley,WR,BUF,6.1,1.0333333333333334,1.0,0.3333333333333333,28.821428571428573,14,plus_defense,2.4782
16,00-0040259,Gage Larvadain,WR,BUF,0.0,3.3000000000000007,2.6666666666666665,0.3333333333333333,28.821428571428573,14,plus_defense,4.6259
16,00-0035406,Lil'Jordan Humphrey,WR,JAX,1.9,6.3,2.6666666666666665,0.3333333333333333,32.621428571428574,14,plus_defense,5.4701
16,00-0037487,Deven Thompkins,WR,ARI,0.0,2.066666666666667,1.3333333333333333,0.0,30.55,14,plus_defense,3.0776
16,00-0039623,Mason Tipton,WR,NYJ,8.100000000000001,2.0,2.6666666666666665,0.0,28.928571428571427,14,plus_defense,4.2718
16,00-0040590,Konata Mumpfield,WR,SEA,7.0,0.5,0.6666666666666666,0.0,25.157142857142862,14,plus_defense,2.0022
16,00-0039491,Jalen Coker,WR,TB,7.7,16.7,5.0,0.0,31.87857142857143,14,plus_defense,10.4441
16,00-0038124,Christian Watson,WR,CHI,3.7,16.366666666666667,6.666666666666667,0.6666666666666666,34.59285714285715,14,plus_defense,11.9004
16,00-0037742,Treylon Burks,WR,PHI,5.0,2.5,2.3333333333333335,0.3333333333333333,27.642857142857142,14,plus_defense,4.0938
16,00-0034860,Dante Pettis,WR,NYJ,0.0,0.0,0.0,0.0,28.928571428571427,14,plus_defense,1.2795
16,00-0035544,Tom Kennedy,WR,PIT,0.0,2.533333333333333,1.3333333333333333,0.0,34.3,14,plus_defense,3.2302
16,00-0037132,Britain Covey,WR,WAS,0.0,0.0,0.0,0.0,34.77142857142858,14,plus_defense,1.3188
16,00-0039062,Jonathan Mingo,WR,LAC,0.0,1.75,1.0,0.0,24.84428571428571,14,plus_defense,2.6471
16,00-0030035,Adam Thielen,WR,DET,8.9,1.55,1.0,0.5,38.77285714285715,14,plus_redzone_defense,2.7379
16,00-0030279,Keenan Allen,WR,DAL,9.4,6.933333333333333,5.0,0.3333333333333333,39.71428571428571,14,plus_redzone_defense,7.7923
16,00-0030564,DeAndre Hopkins,WR,NE,8.100000000000001,2.9,1.6666666666666667,0.0,29.614285714285717,14,plus_redzone_defense,3.5738
16,00-0031236,Brandin Cooks,WR,CLE,0.0,1.15,2.0,0.0,26.68571428571428,14,plus_redzone_defense,3.3863
16,00-0031588,Stefon Diggs,WR,BAL,22.8,5.6,4.0,0.5,34.34285714285715,14,plus_redzone_defense,6.5122
16,00-0032211,Tyler Lockett,WR,HOU,1.6,4.066666666666667,3.0,0.0,25.021428571428576,14,plus_redzone_defense,5.063
16,00-0033555,Mack Hollins,WR,BAL,13.9,6.700000000000001,6.0,0.0,34.34285714285715,14,plus_redzone_defense,8.5548
16,00-0033857,JuJu Smith-Schuster,WR,TEN,2.2,0.5,1.3333333333333333,0.3333333333333333,35.98571428571429,14,plus_redzone_defense,2.7171
16,00-0033908,Cooper Kupp,WR,LA,6.9,8.833333333333334,4.666666666666667,1.6666666666666667,33.635714285714286,14,plus_redzone_defense,8.1316
16,00-0034348,Courtland Sutton,WR,JAX,20.6,17.900000000000002,8.666666666666666,1.6666666666666667,32.621428571428574,14,plus_redzone_defense,14.1812
16,00-0034827,DJ Moore,WR,GB,21.900000000000002,9.4,4.666666666666667,1.3333333333333333,32.08571428571429,14,plus_redzone_defense,8.2287
16,00-0034960,Jakobi Meyers,WR,DEN,8.6,16.066666666666666,9.0,1.6666666666666667,27.900000000000002,14,plus_redzone_defense,13.9587
16,00-0035208,Olamide Zaccheaus,WR,GB,5.300000000000001,4.2,3.0,1.0,32.08571428571429,14,plus_redzone_defense,5.28
16,00-0035535,Darius Slayton,WR,MIN,1.8,10.700000000000001,6.5,0.5,25.499999999999996,14,plus_redzone_defense,10.0833
16,00-0035640,DK Metcalf,WR,DET,8.2,14.166666666666666,6.666666666666667,1.3333333333333333,38.77285714285715,14,plus_redzone_defense,11.3668
16,00-0035659,Terry McLaurin,WR,PHI,8.3,15.200000000000001,8.0,2.0,27.642857142857142,14,plus_redzone_defense,12.8617
16,00-0035662,Marquise Brown,WR,TEN,5.2,7.25,2.0,0.5,35.98571428571429,14,plus_redzone_defense,5.1525
16,00-0035676,A.J. Brown,WR,WAS,18.5,21.1,9.0,0.3333333333333333,34.77142857142858,14,plus_redzone_defense,15.1809
16,00-0035719,Deebo Samuel Sr.,WR,PHI,6.5,8.366666666666667,6.666666666666667,0.6666666666666666,27.642857142857142,14,plus_redzone_defense,9.6462
16,00-0035891,Cody White,WR,LA,0.0,2.5,1.0,0.0,33.635714285714286,14,plus_redzone_defense,2.8905
16,00-0036252,Michael Pittman,WR,SF,7.2,8.266666666666666,7.0,0.3333333333333333,31.72142857142857,14,plus_redzone_defense,9.9066
16,00-0036259,Jauan Jennings,WR,IND,18.1,16.3,5.5,3.0,36.66428571428572,14,plus_redzone_defense,11.0848
16,00-0036322,Justin Jefferson,WR,NYG,14.5,3.233333333333333,6.0,1.3333333333333333,35.84285714285714,14,plus_redzone_defense,7.8116
16,00-0036331,Devin Duvernay,WR,GB,0.0,1.1333333333333335,0.3333333333333333,0.0,32.08571428571429,14,plus_redzone_defense,1.9088
16,00-0036358,CeeDee Lamb,WR,LAC,11.100000000000001,19.8,9.0,1.6666666666666667,24.84428571428571,14,plus_redzone_defense,14.9377
16,00-0036407,Jerry Jeudy,WR,BUF,4.2,8.8,4.333333333333333,0.0,28.821428571428573,14,plus_redzone_defense,7.5673
16,00-0036550,Rashod Bateman,WR,NE,0.0,2.1500000000000004,2.0,1.0,29.614285714285717,14,plus_redzone_defense,3.8064
16,00-0036554,Nico Collins,WR,LV,9.9,20.366666666666667,7.666666666666667,1.6666666666666667,35.085714285714275,14,plus_redzone_defense,13.9529
16,00-0036613,Jaylen Waddle,WR,CIN,12.2,9.9,6.0,0.3333333333333333,25.84857142857143,14,plus_redzone_defense,9.3961
16,00-0036620,Dee Eskridge,WR,CIN,0.0,0.0,0.0,0.0,25.84857142857143,14,plus_redzone_defense,1.2587
16,00-0036862,Ben Skowronek,WR,DET,0.0,0.7666666666666666,0.6666666666666666,0.0,38.77285714285715,14,plus_redzone_defense,2.16
16,00-0036900,Ja'Marr Chase,WR,MIA,19.9,17.133333333333336,13.0,1.0,27.11428571428571,14,plus_redzone_defense,17.7784
16,00-0036912,DeVonta Smith,WR,WAS,16.2,8.166666666666666,6.0,0.6666666666666666,34.77142857142858,14,plus_redzone_defense,9.0385
16,00-0036963,Amon-Ra St. Brown,WR,PIT,9.4,18.86666666666667,9.333333333333334,2.3333333333333335,34.3,14,plus_redzone_defense,15.1442
16,00-0037091,Bo Melton,WR,CHI,0.0,4.333333333333333,2.3333333333333335,0.0,34.59285714285715,14,plus_redzone_defense,4.5975
16,00-0037239,Chris Olave,WR,NYJ,36.8,13.733333333333334,7.0,0.6666666666666666,28.928571428571427,14,plus_redzone_defense,11.3958
16,00-0037240,Jameson Williams,WR,PIT,12.0,23.53333333333333,10.333333333333334,1.0,34.3,14,plus_redzone_defense,17.1263
16,00-0037247,George Pickens,WR,LAC,26.0,9.933333333333334,9.333333333333334,2.0,24.84428571428571,14,plus_redzone_defense,12.6395
16,00-0037261,Khalil Shakir,WR,CLE,7.4,7.533333333333334,4.0,0.6666666666666666,26.68571428571428,14,plus_redzone_defense,6.9981
16,00-0037291,Jalen Nailor,WR,NYG,0.0,8.5,3.3333333333333335,0.6666666666666666,35.84285714285714,14,plus_redzone_defense,6.7174
16,00-0037545,Rashid Shaheed,WR,LA,3.1,8.466666666666667,5.666666666666667,0.3333333333333333,33.635714285714286,14,plus_redzone_defense,8.7648
16,00-0037614,John Metchie III,WR,NO,1.4,6.666666666666667,7.666666666666667,1.0,27.928571428571434,14,plus_redzone_defense,10.1432
16,00-0037664,Alec Pierce,WR,SF,24.6,11.133333333333333,4.666666666666667,0.6666666666666666,31.72142857142857,14,plus_redzone_defense,8.603
16,00-0037741,Jahan Dotson,WR,WAS,4.3,1.75,3.0,0.5,34.77142857142858,14,plus_redzone_defense,4.5767
16,00-0037801,KaVontae Turpin,WR,LAC,4.7,5.433333333333334,3.6666666666666665,0.3333333333333333,24.84428571428571,14,plus_redzone_defense,6.0763
16,00-0037816,Romeo Doubs,WR,CHI,19.4,5.866666666666667,3.0,1.3333333333333333,34.59285714285715,14,plus_redzone_defense,5.7882
16,00-0037837,Calvin Austin III,WR,DET,1.8,1.3666666666666665,1.6666666666666667,0.0,38.77285714285715,14,plus_redzone_defense,3.2275
16,00-0038090,Skyy Moore,WR,IND,3.3000000000000003,0.0,0.0,0.0,36.66428571428572,14,plus_redzone_defense,1.3351
16,00-0038117,Wan'Dale Robinson,WR,MIN,5.2,13.399999999999999,9.0,1.5,25.499999999999996,14,plus_redzone_defense,13.2052
16,00-0038359,Xavier Smith,WR,SEA,7.7,4.266666666666667,1.3333333333333333,0.3333333333333333,25.157142857142862,14,plus_redzone_defense,3.6501
16,00-0038393,Dontayvion Wicks,WR,CHI,3.2,14.8,5.0,0.5,34.59285714285715,14,plus_redzone_defense,9.8862
16,00-0038519,Nikko Remigio,WR,TEN,0.0,0.0,0.0,0.0,35.98571428571429,14,plus_redzone_defense,1.3303
16,00-0038543,Jaxon Smith-Njigba,WR,LA,23.6,16.900000000000002,8.0,0.6666666666666666,33.635714285714286,14,plus_redzone_defense,13.1844
16,00-0038544,Quentin Johnston,WR,DAL,20.4,7.050000000000001,3.0,1.0,39.71428571428571,14,plus_redzone_defense,6.0977
16,00-0038559,Michael Wilson,WR,ATL,13.2,20.066666666666666,11.333333333333334,2.3333333333333335,34.464285714285715,14,plus_redzone_defense,17.2805
16,00-0038563,Tre Tucker,WR,HOU,9.399999999999999,3.1333333333333333,3.6666666666666665,0.3333333333333333,25.021428571428576,14,plus_redzone_defense,5.4611
16,00-0038606,Parker Washington,WR,DEN,26.5,5.95,3.0,0.5,27.900000000000002,14,plus_redzone_defense,5.6537
16,00-0038608,Kayshon Boutte,WR,BAL,2.6,8.75,3.0,0.5,34.34285714285715,14,plus_redzone_defense,6.4496
16,00-0038618,Xavier Hutchinson,WR,LV,1.4,2.8333333333333335,3.0,0.3333333333333333,35.085714285714275,14,plus_redzone_defense,4.8473
16,00-0038621,DeMario Douglas,WR,BAL,1.6,3.4000000000000004,2.0,0.5,34.34285714285715,14,plus_redzone_defense,4.1091
16,00-0038840,Brycen Tremayne,WR,TB,0.0,0.0,0.0,0.0,31.87857142857143,14,plus_redzone_defense,1.3013
16,00-0038976,Marvin Mims Jr.,WR,JAX,5.9,4.366666666666667,4.0,0.3333333333333333,32.621428571428574,14,plus_redzone_defense,6.1476
16,00-0038979,Cedric Tillman,WR,BUF,1.8,1.6500000000000001,2.0,0.0,28.821428571428573,14,plus_redzone_defense,3.5354
16,00-0038997,Josh Downs,WR,SF,11.8,7.666666666666667,5.333333333333333,1.3333333333333333,31.72142857142857,14,plus_redzone_defense,8.3661
16,00-0039064,Zay Flowers,WR,NE,23.200000000000003,13.0,8.0,0.6666666666666666,29.614285714285717,14,plus_redzone_defense,12.1108
16,00-0039075,Puka Nacua,WR,SEA,46.5,25.600000000000005,11.0,0.6666666666666666,25.157142857142862,14,plus_redzone_defense,18.1763
16,00-0039146,Jayden Reed,WR,CHI,7.1,9.9,6.0,0.5,34.59285714285715,14,plus_redzone_defense,9.4798
16,00-0039342,Xavier Legette,WR,TB,2.2,3.5,2.5,0.0,31.87857142857143,14,plus_redzone_defense,4.5062
16,00-0039589,Kameron Johnson,WR,CAR,0.0,0.0,0.3333333333333333,0.0,27.735714285714288,14,plus_redzone_defense,1.5743
16,00-0039751,Jordan Whittington,WR,SEA,2.9000000000000004,0.5,1.0,0.0,25.157142857142862,14,plus_redzone_defense,2.2946
16,00-0039868,Troy Franklin,WR,JAX,10.600000000000001,9.666666666666666,4.666666666666667,0.6666666666666666,32.621428571428574,14,plus_redzone_defense,8.2163
16,00-0039880,Malik Washington,WR,CIN,10.200000000000001,4.333333333333333,3.3333333333333335,0.3333333333333333,25.84857142857143,14,plus_redzone_defense,5.4863
16,00-0039890,Adonai Mitchell,WR,NO,7.3,15.0,9.333333333333334,1.6666666666666667,27.928571428571434,14,plus_redzone_defense,13.9753
16,00-0039893,Brian Thomas Jr.,WR,DEN,3.8,11.200000000000001,5.666666666666667,1.0,27.900000000000002,14,plus_redzone_defense,9.5444
16,00-0039894,Xavier Worthy,WR,TEN,6.1000000000000005,8.466666666666667,5.333333333333333,0.0,35.98571428571429,14,plus_redzone_defense,8.4353
16,00-0039915,Ladd McConkey,WR,DAL,14.3,6.7,4.666666666666667,0.6666666666666666,39.71428571428571,14,plus_redzone_defense,7.4713
16,00-0040075,LaJohntay Wester,WR,NE,0.0,0.0,0.0,0.0,29.614285714285717,14,plus_redzone_defense,1.2853
16,00-0040124,Tetairoa McMillan,WR,TB,19.3,7.9,3.0,0.0,31.87857142857143,14,plus_redzone_defense,6.1387
16,00-0040129,Emeka Egbuka,WR,CAR,5.0,7.366666666666667,8.0,0.3333333333333333,27.735714285714288,14,plus_redzone_defense,10.544
16,00-0040130,Jayden Higgins,WR,LV,2.7,6.433333333333333,3.6666666666666665,0.0,35.085714285714275,14,plus_redzone_defense,6.3728
16,00-0040131,Kyle Williams,WR,BAL,12.600000000000001,5.15,0.5,0.0,34.34285714285715,14,plus_redzone_defense,3.1523
16,00-0040138,Jaylin Noel,WR,LV,0.0,1.1,1.3333333333333333,0.3333333333333333,35.085714285714275,14,plus_redzone_defense,2.8716
16,00-0040154,Tai Felton,WR,NYG,1.6,1.0,0.5,0.0,35.84285714285714,14,plus_redzone_defense,2.0507
16,00-0040164,Jaylin Lane,WR,PHI,0.0,0.0,0.6666666666666666,0.0,27.642857142857142,14,plus_redzone_defense,1.8759
16,00-0040170,Elic Ayomanor,WR,KC,8.8,4.2,3.0,0.3333333333333333,28.70714285714286,14,plus_redzone_defense,5.1685
16,00-0040237,Tez Johnson,WR,CAR,0.9,0.75,1.5,0.0,27.735714285714288,14,plus_redzone_defense,2.8332
16,00-0040506,Myles Price,WR,NYG,0.0,0.0,0.0,0.0,35.84285714285714,14,plus_redzone_defense,1.3293
16,00-0040667,Matthew Golden,WR,CHI,0.4,4.25,2.5,0.0,34.59285714285715,14,plus_redzone_defense,4.7263
16,00-0040669,Isaac TeSlaa,WR,PIT,15.2,7.166666666666667,2.0,1.0,34.3,14,plus_redzone_defense,5.184
16,00-0040705,Chimere Dike,WR,KC,13.0,6.766666666666667,6.333333333333333,1.6666666666666667,28.70714285714286,14,plus_redzone_defense,9.0541
16,00-0040727,Tre Harris,WR,DAL,9.4,5.666666666666667,4.0,0.3333333333333333,39.71428571428571,14,plus_redzone_defense,6.5461
16,00-0040729,Jack Bech,WR,HOU,6.3,6.3,4.0,1.0,25.021428571428576,14,plus_redzone_defense,6.6997
16,00-0040782,Isaiah Bond,WR,BUF,2.0,4.866666666666667,3.0,0.0,28.821428571428573,14,plus_redzone_defense,5.3042
16,00-0033307,Kendrick Bourne,WR,IND,5.7,1.85,2.0,0.0,36.66428571428572,14,plus_redzone_defense,3.6444
16,00-0033375,Tim Patrick,WR,DEN,2.1,10.450000000000001,3.5,2.0,27.900000000000002,14,plus_redzone_defense,7.5102
16,00-0034272,Marquez Valdes-Scantling,WR,DET,1.6,4.45,1.0,0.5,38.77285714285715,14,plus_redzone_defense,3.5151
16,00-0036309,Darnell Mooney,WR,ARI,4.4,4.2,5.0,1.0,30.55,14,plus_redzone_defense,7.0827
16,00-0036415,Van Jefferson,WR,KC,4.4,4.666666666666667,4.333333333333333,0.0,28.70714285714286,14,plus_redzone_defense,6.4588
16,00-0038619,Andrei Iosivas,WR,MIA,3.1,4.533333333333334,2.0,0.3333333333333333,27.11428571428571,14,plus_redzone_defense,4.3399
16,00-0038839,Mitchell Tinsley,WR,MIA,0.0,3.4000000000000004,5.5,1.5,27.11428571428571,14,plus_redzone_defense,7.3631
16,00-0039410,Ryan Flournoy,WR,LAC,9.8,13.633333333333333,7.0,1.0,24.84428571428571,14,plus_redzone_defense,11.3839
16,00-0039451,Isaiah Williams,WR,NO,6.5,5.233333333333333,3.6666666666666665,0.0,27.928571428571434,14,plus_redzone_defense,6.0006
16,00-0040134,Pat Bryant,WR,JAX,9.2,7.2,5.5,1.0,32.621428571428574,14,plus_redzone_defense,8.3547
16,00-0035359,David Sills,WR,ARI,0.0,7.766666666666667,6.0,1.6666666666666667,30.55,14,plus_redzone_defense,9.0329
16,00-0032775,Demarcus Robinson,WR,IND,10.3,3.0999999999999996,2.0,0.5,36.66428571428572,14,plus_redzone_defense,4.0451
16,00-0033921,Chris Godwin Jr.,WR,CAR,8.0,11.1,6.0,1.3333333333333333,27.735714285714288,14,plus_redzone_defense,9.8625
16,00-0038994,Jordan Addison,WR,NYG,4.6,9.133333333333333,6.333333333333333,0.6666666666666666,35.84285714285714,14,plus_redzone_defense,9.6073
16,00-0038640,Jalen Brooks,WR,ATL,0.0,4.050000000000001,3.0,0.0,34.464285714285715,14,plus_redzone_defense,5.1252
16,00-0039920,Malachi Corley,WR,BUF,6.1,1.0333333333333334,1.0,0.3333333333333333,28.821428571428573,14,plus_redzone_defense,2.5072
16,00-0040259,Gage Larvadain,WR,BUF,0.0,3.3000000000000007,2.6666666666666665,0.3333333333333333,28.821428571428573,14,plus_redzone_defense,4.6259
16,00-0035406,Lil'Jordan Humphrey,WR,JAX,1.9,6.3,2.6666666666666665,0.3333333333333333,32.621428571428574,14,plus_redzone_defense,5.4567
16,00-0037487,Deven Thompkins,WR,ARI,0.0,2.066666666666667,1.3333333333333333,0.0,30.55,14,plus_redzone_defense,3.0548
16,00-0039623,Mason Tipton,WR,NYJ,8.100000000000001,2.0,2.6666666666666665,0.0,28.928571428571427,14,plus_redzone_defense,4.2345
16,00-0040590,Konata Mumpfield,WR,SEA,7.0,0.5,0.6666666666666666,0.0,25.157142857142862,14,plus_redzone_defense,1.9923
16,00-0039491,Jalen Coker,WR,TB,7.7,16.7,5.0,0.0,31.87857142857143,14,plus_redzone_defense,10.3105
16,00-0038124,Christian Watson,WR,CHI,3.7,16.366666666666667,6.666666666666667,0.6666666666666666,34.59285714285715,14,plus_redzone_defense,11.8392
16,00-0037742,Treylon Burks,WR,PHI,5.0,2.5,2.3333333333333335,0.3333333333333333,27.642857142857142,14,plus_redzone_defense,4.1009
16,00-0034860,Dante Pettis,WR,NYJ,0.0,0.0,0.0,0.0,28.928571428571427,14,plus_redzone_defense,1.2805
16,00-0035544,Tom Kennedy,WR,PIT,0.0,2.533333333333333,1.3333333333333333,0.0,34.3,14,plus_redzone_defense,3.2063
16,00-0037132,Britain Covey,WR,WAS,0.0,0.0,0.0,0.0,34.77142857142858,14,plus_redzone_defense,1.3218
16,00-0039062,Jonathan Mingo,WR,LAC,0.0,1.75,1.0,0.0,24.84428571428571,14,plus_redzone_defense,2.6274
17,00-0030035,Adam Thielen,WR,CLE,3.4000000000000004,4.0,2.0,0.3333333333333333,25.68666666666666,15,baseline,4.2831
17,00-0030279,Keenan Allen,WR,HOU,2.7,7.733333333333334,5.0,0.3333333333333333,24.59333333333334,15,baseline,8.0386
17,00-0030564,DeAndre Hopkins,WR,GB,0.0,4.1000000000000005,2.3333333333333335,0.0,32.43333333333334,15,baseline,4.6068
17,00-0031236,Brandin Cooks,WR,PHI,14.100000000000001,0.0,2.0,0.0,27.12,15,baseline,3.0936
17,00-0031408,Mike Evans,WR,MIA,12.1,16.650000000000002,10.5,1.5,27.8,15,baseline,15.5397
17,00-0031588,Stefon Diggs,WR,NYJ,22.1,14.2,7.0,0.0,30.246666666666666,15,baseline,11.7251
17,00-0032211,Tyler Lockett,WR,NYG,8.9,3.9000000000000004,3.3333333333333335,0.0,34.833333333333336,15,baseline,5.429
17,00-0032464,Kalif Raymond,WR,MIN,1.5,9.6,3.0,0.0,24.266666666666662,15,baseline,6.8302
17,00-0033857,JuJu Smith-Schuster,WR,DEN,4.6,1.2333333333333334,2.3333333333333335,0.3333333333333333,28.773333333333333,15,baseline,3.7543
17,00-0033908,Cooper Kupp,WR,CAR,1.6,9.333333333333334,4.666666666666667,2.0,27.993333333333336,15,baseline,8.2205
17,00-0034348,Courtland Sutton,WR,KC,8.0,19.033333333333335,10.666666666666666,2.0,28.540000000000003,15,baseline,16.3955
17,00-0034827,DJ Moore,WR,SF,1.7000000000000002,15.133333333333335,5.333333333333333,0.6666666666666666,32.513333333333335,15,baseline,10.5331
17,00-0034960,Jakobi Meyers,WR,IND,9.9,11.833333333333334,9.666666666666666,2.0,36.71333333333334,15,baseline,13.3726
17,00-0035535,Darius Slayton,WR,LV,5.6,5.550000000000001,6.0,0.0,34.12666666666666,15,baseline,8.271
17,00-0035659,Terry McLaurin,WR,DAL,11.3,10.433333333333334,4.666666666666667,0.3333333333333333,40.76666666666666,15,baseline,8.5476
17,00-0035662,Marquise Brown,WR,DEN,1.7000000000000002,4.85,2.5,0.0,28.773333333333333,15,baseline,4.9768
17,00-0035676,A.J. Brown,WR,BUF,11.8,15.533333333333333,9.0,0.3333333333333333,27.84,15,baseline,13.8851
17,00-0035719,Deebo Samuel Sr.,WR,DAL,11.3,6.833333333333333,5.0,0.3333333333333333,40.76666666666666,15,baseline,7.7709
17,00-0036252,Michael Pittman,WR,JAX,3.6,9.9,7.333333333333333,0.3333333333333333,33.66,15,baseline,10.7402
17,00-0036259,Jauan Jennings,WR,CHI,12.2,18.4,5.5,3.0,34.60000000000001,15,baseline,11.6516
17,00-0036322,Justin Jefferson,WR,DET,7.0,7.266666666666667,6.666666666666667,1.6666666666666667,37.88133333333334,15,baseline,9.3693
17,00-0036331,Devin Duvernay,WR,SF,0.0,1.1333333333333335,0.3333333333333333,0.0,32.513333333333335,15,baseline,1.9611
17,00-0036358,CeeDee Lamb,WR,WAS,9.600000000000001,15.433333333333335,8.333333333333334,1.6666666666666667,35.053333333333335,15,baseline,13.2675
17,00-0036407,Jerry Jeudy,WR,PIT,10.4,8.333333333333334,4.333333333333333,0.0,35.53333333333333,15,baseline,7.6292
17,00-0036410,Tee Higgins,WR,ARI,9.9,20.75,7.0,1.0,29.186666666666667,15,baseline,13.673
17,00-0036550,Rashod Bateman,WR,GB,1.7000000000000002,2.1500000000000004,2.5,1.0,32.43333333333334,15,baseline,4.1738
17,00-0036554,Nico Collins,WR,LAC,8.7,16.5,7.0,1.0,26.627999999999997,15,baseline,12.4091
17,00-0036613,Jaylen Waddle,WR,TB,0.7000000000000001,11.633333333333335,7.0,0.3333333333333333,31.866666666666667,15,baseline,10.9618
17,00-0036900,Ja'Marr Chase,WR,ARI,25.0,17.76666666666667,12.0,0.3333333333333333,29.186666666666667,15,baseline,17.1944
17,00-0036912,DeVonta Smith,WR,BUF,4.5,10.299999999999999,6.0,1.3333333333333333,27.84,15,baseline,9.6836
17,00-0036963,Amon-Ra St. Brown,WR,MIN,14.8,22.000000000000004,12.0,3.6666666666666665,24.266666666666662,15,baseline,18.4534
17,00-0036988,Josh Palmer,WR,PHI,2.2,1.9,1.5,0.0,27.12,15,baseline,3.2178
17,00-0037091,Bo Melton,WR,BAL,4.4,3.8333333333333335,1.3333333333333333,0.0,35.620000000000005,15,baseline,3.6458
17,00-0037239,Chris Olave,WR,TEN,25.9,21.099999999999998,10.0,0.6666666666666666,34.486666666666665,15,baseline,16.4223
17,00-0037240,Jameson Williams,WR,MIN,5.7,18.566666666666666,9.666666666666666,1.6666666666666667,24.266666666666662,15,baseline,15.375
17,00-0037247,George Pickens,WR,WAS,11.8,13.666666666666666,8.0,1.3333333333333333,35.053333333333335,15,baseline,12.4482
17,00-0037261,Khalil Shakir,WR,PHI,9.5,9.5,4.333333333333333,0.6666666666666666,27.12,15,baseline,7.9761
17,00-0037291,Jalen Nailor,WR,DET,0.0,8.5,3.6666666666666665,0.6666666666666666,37.88133333333334,15,baseline,7.0909
17,00-0037545,Rashid Shaheed,WR,CAR,1.8,8.633333333333335,5.0,0.3333333333333333,27.993333333333336,15,baseline,8.3062
17,00-0037614,John Metchie III,WR,NE,7.1000000000000005,5.233333333333333,6.333333333333333,1.0,29.72666666666667,15,baseline,8.4707
17,00-0037664,Alec Pierce,WR,JAX,0.0,13.4,4.333333333333333,1.0,33.66,15,baseline,9.1359
17,00-0037741,Jahan Dotson,WR,BUF,0.0,2.8,3.0,0.5,27.84,15,baseline,4.808
17,00-0037801,KaVontae Turpin,WR,WAS,15.6,4.3,4.0,0.6666666666666666,35.053333333333335,15,baseline,6.1358
17,00-0037816,Romeo Doubs,WR,BAL,9.2,8.333333333333334,3.6666666666666665,1.0,35.620000000000005,15,baseline,7.0414
17,00-0038090,Skyy Moore,WR,CHI,1.0,1.6500000000000001,0.5,0.0,34.60000000000001,15,baseline,2.2617
17,00-0038117,Wan'Dale Robinson,WR,LV,22.3,10.799999999999999,8.5,1.5,34.12666666666666,15,baseline,12.0366
17,00-0038359,Xavier Smith,WR,ATL,10.7,3.1,1.0,0.0,33.46666666666667,15,baseline,3.1338
17,00-0038393,Dontayvion Wicks,WR,BAL,1.7000000000000002,2.4000000000000004,2.0,0.0,35.620000000000005,15,baseline,3.8073
17,00-0038543,Jaxon Smith-Njigba,WR,CAR,16.2,23.333333333333332,11.0,1.6666666666666667,27.993333333333336,15,baseline,17.9681
17,00-0038544,Quentin Johnston,WR,HOU,14.8,11.6,4.0,0.5,24.59333333333334,15,baseline,8.3067
17,00-0038559,Michael Wilson,WR,CIN,19.9,22.266666666666666,10.0,1.6666666666666667,26.10533333333333,15,baseline,16.7692
17,00-0038563,Tre Tucker,WR,NYG,9.9,4.6,5.0,0.0,34.833333333333336,15,baseline,7.1067
17,00-0038606,Parker Washington,WR,IND,19.0,17.4,6.5,1.5,36.71333333333334,15,baseline,12.2359
17,00-0038618,Xavier Hutchinson,WR,LAC,4.9,1.3333333333333333,2.0,0.0,26.627999999999997,15,baseline,3.4901
17,00-0038621,DeMario Douglas,WR,NYJ,2.0,1.05,1.5,0.0,30.246666666666666,15,baseline,2.965
17,00-0038840,Brycen Tremayne,WR,SEA,0.0,0.0,0.0,0.0,27.753333333333337,15,baseline,1.3301
17,00-0038976,Marvin Mims Jr.,WR,KC,4.0,5.1000000000000005,4.333333333333333,0.3333333333333333,28.540000000000003,15,baseline,6.6676
17,00-0038979,Cedric Tillman,WR,PIT,5.2,2.5500000000000003,2.0,0.0,35.53333333333333,15,baseline,3.8519
17,00-0038997,Josh Downs,WR,JAX,5.4,9.466666666666667,6.666666666666667,1.3333333333333333,33.66,15,baseline,10.0236
17,00-0039064,Zay Flowers,WR,GB,13.0,19.86666666666667,8.333333333333334,1.0,32.43333333333334,15,baseline,14.5859
17,00-0039075,Puka Nacua,WR,ATL,15.7,36.7,13.333333333333334,0.6666666666666666,33.46666666666667,15,baseline,24.0006
17,00-0039146,Jayden Reed,WR,BAL,8.100000000000001,8.966666666666667,5.333333333333333,1.0,35.620000000000005,15,baseline,8.6992
17,00-0039342,Xavier Legette,WR,SEA,1.3,4.050000000000001,3.0,0.0,27.753333333333337,15,baseline,5.1797
17,00-0039589,Kameron Johnson,WR,MIA,0.0,0.0,0.3333333333333333,0.0,27.8,15,baseline,1.624
17,00-0039751,Jordan Whittington,WR,ATL,0.0,1.4666666666666668,1.0,0.0,33.46666666666667,15,baseline,2.648
17,00-0039868,Troy Franklin,WR,KC,5.7,11.833333333333334,5.333333333333333,0.6666666666666666,28.540000000000003,15,baseline,9.5518
17,00-0039880,Malik Washington,WR,TB,1.5,5.400000000000001,2.3333333333333335,0.6666666666666666,31.866666666666667,15,baseline,4.9934
17,00-0039890,Adonai Mitchell,WR,NE,5.2,9.366666666666665,7.333333333333333,1.0,29.72666666666667,15,baseline,10.5816
17,00-0039893,Brian Thomas Jr.,WR,IND,7.9,10.866666666666667,5.666666666666667,1.0,36.71333333333334,15,baseline,9.5582
17,00-0039894,Xavier Worthy,WR,DEN,0.1,6.7,4.0,0.0,28.773333333333333,15,baseline,6.8495
17,00-0039915,Ladd McConkey,WR,HOU,4.1,6.833333333333333,4.666666666666667,0.3333333333333333,24.59333333333334,15,baseline,7.477
17,00-0040075,LaJohntay Wester,WR,GB,0.0,0.0,0.0,0.0,32.43333333333334,15,baseline,1.3301
17,00-0040124,Tetairoa McMillan,WR,SEA,1.5,11.9,7.0,0.0,27.753333333333337,15,baseline,11.0411
17,00-0040129,Emeka Egbuka,WR,MIA,5.0,6.3,6.0,0.0,27.8,15,baseline,8.494
17,00-0040130,Jayden Higgins,WR,LAC,16.8,3.5,3.0,0.0,26.627999999999997,15,baseline,5.0162
17,00-0040131,Kyle Williams,WR,NYJ,5.0,6.300000000000001,1.5,0.0,30.246666666666666,15,baseline,4.5263
17,00-0040138,Jaylin Noel,WR,LAC,14.600000000000001,1.1,1.0,0.0,26.627999999999997,15,baseline,2.539
17,00-0040170,Elic Ayomanor,WR,NO,13.7,6.633333333333334,2.6666666666666665,0.3333333333333333,27.193333333333335,15,baseline,5.6541
17,00-0040184,KeAndre Lambert-Smith,WR,HOU,0.0,5.3,1.0,0.5,24.59333333333334,15,baseline,3.788
17,00-0040237,Tez Johnson,WR,MIA,3.9000000000000004,0.45,1.0,0.0,27.8,15,baseline,2.3457
17,00-0040506,Myles Price,WR,DET,0.0,0.0,0.0,0.0,37.88133333333334,15,baseline,1.3301
17,00-0040582,Arian Smith,WR,NE,1.5,0.0,1.5,0.0,29.72666666666667,15,baseline,2.6527
17,00-0040667,Matthew Golden,WR,BAL,2.2,2.966666666666667,2.6666666666666665,0.3333333333333333,35.620000000000005,15,baseline,4.5636
17,00-0040669,Isaac TeSlaa,WR,MIN,13.9,8.4,3.6666666666666665,2.0,24.266666666666662,15,baseline,7.0612
17,00-0040705,Chimere Dike,WR,NO,10.2,10.466666666666667,6.333333333333333,2.0,27.193333333333335,15,baseline,10.027
17,00-0040727,Tre Harris,WR,HOU,2.5,6.8,4.333333333333333,0.0,24.59333333333334,15,baseline,7.1732
17,00-0040735,Luther Burden III,WR,SF,27.8,12.7,7.0,0.5,32.513333333333335,15,baseline,11.279
17,00-0040782,Isaiah Bond,WR,PIT,2.6,4.3,2.3333333333333335,0.0,35.53333333333333,15,baseline,4.6663
17,00-0033307,Kendrick Bourne,WR,CHI,3.5,4.7,4.0,0.0,34.60000000000001,15,baseline,6.2548
17,00-0033375,Tim Patrick,WR,IND,0.0,10.450000000000001,3.5,2.0,36.71333333333334,15,baseline,7.5239
17,00-0034272,Marquez Valdes-Scantling,WR,CLE,5.1,3.5,1.6666666666666667,0.3333333333333333,25.68666666666666,15,baseline,3.8405
17,00-0036309,Darnell Mooney,WR,LA,5.5,4.166666666666667,4.0,0.3333333333333333,33.63333333333334,15,baseline,6.0961
17,00-0036415,Van Jefferson,WR,NO,7.6000000000000005,4.466666666666667,3.6666666666666665,0.0,27.193333333333335,15,baseline,5.8915
17,00-0038619,Andrei Iosivas,WR,ARI,8.100000000000001,2.266666666666667,1.6666666666666667,0.0,29.186666666666667,15,baseline,3.4738
17,00-0038679,Tyrell Shavers,WR,PHI,5.6,2.85,1.5,0.0,27.12,15,baseline,3.5003
17,00-0039451,Isaiah Williams,WR,NE,7.5,7.400000000000001,4.666666666666667,0.3333333333333333,29.72666666666667,15,baseline,7.6455
17,00-0034775,Christian Kirk,WR,LAC,2.1,4.15,4.0,0.0,26.627999999999997,15,baseline,6.0912
17,00-0035359,David Sills,WR,LA,6.7,4.6000000000000005,5.0,1.3333333333333333,33.63333333333334,15,baseline,7.1067
17,00-0037231,Kevin Austin Jr.,WR,TEN,15.2,5.050000000000001,4.0,0.5,34.486666666666665,15,baseline,6.3588
17,00-0032775,Demarcus Robinson,WR,CHI,5.0,7.95,2.0,0.5,34.60000000000001,15,baseline,5.4578
17,00-0033921,Chris Godwin Jr.,WR,MIA,23.8,10.166666666666666,6.333333333333333,1.0,27.8,15,baseline,9.9378
17,00-0038994,Jordan Addison,WR,DET,12.5,7.8,4.0,0.3333333333333333,37.88133333333334,15,baseline,7.1767
17,00-0039920,Malachi Corley,WR,PIT,1.4,2.766666666666667,3.0,0.6666666666666666,35.53333333333333,15,baseline,4.7981
17,00-0040218,Jimmy Horn Jr.,WR,SEA,2.9,2.1,1.0,0.0,27.753333333333337,15,baseline,2.8364
17,00-0040259,Gage Larvadain,WR,PIT,0.0,1.8666666666666665,1.6666666666666667,0.3333333333333333,35.53333333333333,15,baseline,3.3548
17,00-0035406,Lil'Jordan Humphrey,WR,KC,4.300000000000001,6.933333333333333,3.0,0.3333333333333333,28.540000000000003,15,baseline,6.0372
17,00-0037487,Deven Thompkins,WR,LA,0.0,0.4666666666666666,0.3333333333333333,0.0,33.63333333333334,15,baseline,1.7628
17,00-0040590,Konata Mumpfield,WR,ATL,3.0,2.8333333333333335,3.3333333333333335,0.3333333333333333,33.46666666666667,15,baseline,5.1118
17,00-0039491,Jalen Coker,WR,SEA,3.6,11.85,4.5,0.5,27.753333333333337,15,baseline,8.8219
17,00-0038124,Christian Watson,WR,BAL,22.3,11.5,5.0,1.3333333333333333,35.620000000000005,15,baseline,9.1587
17,00-0037742,Treylon Burks,WR,DAL,2.1,1.6666666666666667,2.6666666666666665,0.3333333333333333,40.76666666666666,15,baseline,4.177
17,00-0034860,Dante Pettis,WR,TEN,8.3,0.0,0.3333333333333333,0.0,34.486666666666665,15,baseline,1.624
17,00-0040024,Darius Cooper,WR,BUF,1.4,3.9000000000000004,1.5,0.0,27.84,15,baseline,3.8125
17,00-0036133,James Proche,WR,NO,1.5,0.0,1.0,0.0,27.193333333333335,15,baseline,2.2119
17,00-0038953,Dylan Drummond,WR,LA,0.0,2.55,2.5,2.0,33.63333333333334,15,baseline,4.2928
17,00-0035544,Tom Kennedy,WR,MIN,0.0,0.0,0.0,0.0,24.266666666666662,15,baseline,1.3301
17,00-0037132,Britain Covey,WR,BUF,0.0,0.0,0.0,0.0,27.84,15,baseline,1.3301
17,00-0039062,Jonathan Mingo,WR,WAS,0.0,1.1666666666666667,1.0,0.0,35.053333333333335,15,baseline,2.5588
17,00-0039855,Jalen McMillan,WR,MIA,18.4,4.7,3.0,1.0,27.8,15,baseline,5.373
17,00-0030035,Adam Thielen,WR,CLE,3.4000000000000004,4.0,2.0,0.3333333333333333,25.68666666666666,15,plus_defense,4.2266
17,00-0030279,Keenan Allen,WR,HOU,2.7,7.733333333333334,5.0,0.3333333333333333,24.59333333333334,15,plus_defense,7.972
17,00-0030564,DeAndre Hopkins,WR,GB,0.0,4.1000000000000005,2.3333333333333335,0.0,32.43333333333334,15,plus_defense,4.6109
17,00-0031236,Brandin Cooks,WR,PHI,14.100000000000001,0.0,2.0,0.0,27.12,15,plus_defense,3.0494
17,00-0031408,Mike Evans,WR,MIA,12.1,16.650000000000002,10.5,1.5,27.8,15,plus_defense,15.502
17,00-0031588,Stefon Diggs,WR,NYJ,22.1,14.2,7.0,0.0,30.246666666666666,15,plus_defense,11.7099
17,00-0032211,Tyler Lockett,WR,NYG,8.9,3.9000000000000004,3.3333333333333335,0.0,34.833333333333336,15,plus_defense,5.4545
17,00-0032464,Kalif Raymond,WR,MIN,1.5,9.6,3.0,0.0,24.266666666666662,15,plus_defense,6.7614
17,00-0033857,JuJu Smith-Schuster,WR,DEN,4.6,1.2333333333333334,2.3333333333333335,0.3333333333333333,28.773333333333333,15,plus_defense,3.7251
17,00-0033908,Cooper Kupp,WR,CAR,1.6,9.333333333333334,4.666666666666667,2.0,27.993333333333336,15,plus_defense,8.1848
17,00-0034348,Courtland Sutton,WR,KC,8.0,19.033333333333335,10.666666666666666,2.0,28.540000000000003,15,plus_defense,16.3647
17,00-0034827,DJ Moore,WR,SF,1.7000000000000002,15.133333333333335,5.333333333333333,0.6666666666666666,32.513333333333335,15,plus_defense,10.5388
17,00-0034960,Jakobi Meyers,WR,IND,9.9,11.833333333333334,9.666666666666666,2.0,36.71333333333334,15,plus_defense,13.4146
17,00-0035535,Darius Slayton,WR,LV,5.6,5.550000000000001,6.0,0.0,34.12666666666666,15,plus_defense,8.2898
17,00-0035659,Terry McLaurin,WR,DAL,11.3,10.433333333333334,4.666666666666667,0.3333333333333333,40.76666666666666,15,plus_defense,8.6271
17,00-0035662,Marquise Brown,WR,DEN,1.7000000000000002,4.85,2.5,0.0,28.773333333333333,15,plus_defense,4.948
17,00-0035676,A.J. Brown,WR,BUF,11.8,15.533333333333333,9.0,0.3333333333333333,27.84,15,plus_defense,13.8479
17,00-0035719,Deebo Samuel Sr.,WR,DAL,11.3,6.833333333333333,5.0,0.3333333333333333,40.76666666666666,15,plus_defense,7.8499
17,00-0036252,Michael Pittman,WR,JAX,3.6,9.9,7.333333333333333,0.3333333333333333,33.66,15,plus_defense,10.7551
17,00-0036259,Jauan Jennings,WR,CHI,12.2,18.4,5.5,3.0,34.60000000000001,15,plus_defense,11.6764
17,00-0036322,Justin Jefferson,WR,DET,7.0,7.266666666666667,6.666666666666667,1.6666666666666667,37.88133333333334,15,plus_defense,9.422
17,00-0036331,Devin Duvernay,WR,SF,0.0,1.1333333333333335,0.3333333333333333,0.0,32.513333333333335,15,plus_defense,1.966
17,00-0036358,CeeDee Lamb,WR,WAS,9.600000000000001,15.433333333333335,8.333333333333334,1.6666666666666667,35.053333333333335,15,plus_defense,13.2954
17,00-0036407,Jerry Jeudy,WR,PIT,10.4,8.333333333333334,4.333333333333333,0.0,35.53333333333333,15,plus_defense,7.6613
17,00-0036410,Tee Higgins,WR,ARI,9.9,20.75,7.0,1.0,29.186666666666667,15,plus_defense,13.6491
17,00-0036550,Rashod Bateman,WR,GB,1.7000000000000002,2.1500000000000004,2.5,1.0,32.43333333333334,15,plus_defense,4.1777
17,00-0036554,Nico Collins,WR,LAC,8.7,16.5,7.0,1.0,26.627999999999997,15,plus_defense,12.3616
17,00-0036613,Jaylen Waddle,WR,TB,0.7000000000000001,11.633333333333335,7.0,0.3333333333333333,31.866666666666667,15,plus_defense,10.9608
17,00-0036900,Ja'Marr Chase,WR,ARI,25.0,17.76666666666667,12.0,0.3333333333333333,29.186666666666667,15,plus_defense,17.169
17,00-0036912,DeVonta Smith,WR,BUF,4.5,10.299999999999999,6.0,1.3333333333333333,27.84,15,plus_defense,9.6464
17,00-0036963,Amon-Ra St. Brown,WR,MIN,14.8,22.000000000000004,12.0,3.6666666666666665,24.266666666666662,15,plus_defense,18.3842
17,00-0036988,Josh Palmer,WR,PHI,2.2,1.9,1.5,0.0,27.12,15,plus_defense,3.174
17,00-0037091,Bo Melton,WR,BAL,4.4,3.8333333333333335,1.3333333333333333,0.0,35.620000000000005,15,plus_defense,3.6788
17,00-0037239,Chris Olave,WR,TEN,25.9,21.099999999999998,10.0,0.6666666666666666,34.486666666666665,15,plus_defense,16.4454
17,00-0037240,Jameson Williams,WR,MIN,5.7,18.566666666666666,9.666666666666666,1.6666666666666667,24.266666666666662,15,plus_defense,15.3058
17,00-0037247,George Pickens,WR,WAS,11.8,13.666666666666666,8.0,1.3333333333333333,35.053333333333335,15,plus_defense,12.476
17,00-0037261,Khalil Shakir,WR,PHI,9.5,9.5,4.333333333333333,0.6666666666666666,27.12,15,plus_defense,7.9327
17,00-0037291,Jalen Nailor,WR,DET,0.0,8.5,3.6666666666666665,0.6666666666666666,37.88133333333334,15,plus_defense,7.1444
17,00-0037545,Rashid Shaheed,WR,CAR,1.8,8.633333333333335,5.0,0.3333333333333333,27.993333333333336,15,plus_defense,8.2704
17,00-0037614,John Metchie III,WR,NE,7.1000000000000005,5.233333333333333,6.333333333333333,1.0,29.72666666666667,15,plus_defense,8.4498
17,00-0037664,Alec Pierce,WR,JAX,0.0,13.4,4.333333333333333,1.0,33.66,15,plus_defense,9.1519
17,00-0037741,Jahan Dotson,WR,BUF,0.0,2.8,3.0,0.5,27.84,15,plus_defense,4.7705
17,00-0037801,KaVontae Turpin,WR,WAS,15.6,4.3,4.0,0.6666666666666666,35.053333333333335,15,plus_defense,6.1632
17,00-0037816,Romeo Doubs,WR,BAL,9.2,8.333333333333334,3.6666666666666665,1.0,35.620000000000005,15,plus_defense,7.0745
17,00-0038090,Skyy Moore,WR,CHI,1.0,1.6500000000000001,0.5,0.0,34.60000000000001,15,plus_defense,2.2855
17,00-0038117,Wan'Dale Robinson,WR,LV,22.3,10.799999999999999,8.5,1.5,34.12666666666666,15,plus_defense,12.0555
17,00-0038359,Xavier Smith,WR,ATL,10.7,3.1,1.0,0.0,33.46666666666667,15,plus_defense,3.1474
17,00-0038393,Dontayvion Wicks,WR,BAL,1.7000000000000002,2.4000000000000004,2.0,0.0,35.620000000000005,15,plus_defense,3.84
17,00-0038543,Jaxon Smith-Njigba,WR,CAR,16.2,23.333333333333332,11.0,1.6666666666666667,27.993333333333336,15,plus_defense,17.9329
17,00-0038544,Quentin Johnston,WR,HOU,14.8,11.6,4.0,0.5,24.59333333333334,15,plus_defense,8.2409
17,00-0038559,Michael Wilson,WR,CIN,19.9,22.266666666666666,10.0,1.6666666666666667,26.10533333333333,15,plus_defense,16.7171
17,00-0038563,Tre Tucker,WR,NYG,9.9,4.6,5.0,0.0,34.833333333333336,15,plus_defense,7.132
17,00-0038606,Parker Washington,WR,IND,19.0,17.4,6.5,1.5,36.71333333333334,15,plus_defense,12.2794
17,00-0038618,Xavier Hutchinson,WR,LAC,4.9,1.3333333333333333,2.0,0.0,26.627999999999997,15,plus_defense,3.4417
17,00-0038621,DeMario Douglas,WR,NYJ,2.0,1.05,1.5,0.0,30.246666666666666,15,plus_defense,2.9492
17,00-0038840,Brycen Tremayne,WR,SEA,0.0,0.0,0.0,0.0,27.753333333333337,15,plus_defense,1.2921
17,00-0038976,Marvin Mims Jr.,WR,KC,4.0,5.1000000000000005,4.333333333333333,0.3333333333333333,28.540000000000003,15,plus_defense,6.6364
17,00-0038979,Cedric Tillman,WR,PIT,5.2,2.5500000000000003,2.0,0.0,35.53333333333333,15,plus_defense,3.8839
17,00-0038997,Josh Downs,WR,JAX,5.4,9.466666666666667,6.666666666666667,1.3333333333333333,33.66,15,plus_defense,10.0385
17,00-0039064,Zay Flowers,WR,GB,13.0,19.86666666666667,8.333333333333334,1.0,32.43333333333334,15,plus_defense,14.5908
17,00-0039075,Puka Nacua,WR,ATL,15.7,36.7,13.333333333333334,0.6666666666666666,33.46666666666667,15,plus_defense,24.0158
17,00-0039146,Jayden Reed,WR,BAL,8.100000000000001,8.966666666666667,5.333333333333333,1.0,35.620000000000005,15,plus_defense,8.7321
17,00-0039342,Xavier Legette,WR,SEA,1.3,4.050000000000001,3.0,0.0,27.753333333333337,15,plus_defense,5.1416
17,00-0039589,Kameron Johnson,WR,MIA,0.0,0.0,0.3333333333333333,0.0,27.8,15,plus_defense,1.5864
17,00-0039751,Jordan Whittington,WR,ATL,0.0,1.4666666666666668,1.0,0.0,33.46666666666667,15,plus_defense,2.6615
17,00-0039868,Troy Franklin,WR,KC,5.7,11.833333333333334,5.333333333333333,0.6666666666666666,28.540000000000003,15,plus_defense,9.5212
17,00-0039880,Malik Washington,WR,TB,1.5,5.400000000000001,2.3333333333333335,0.6666666666666666,31.866666666666667,15,plus_defense,4.9926
17,00-0039890,Adonai Mitchell,WR,NE,5.2,9.366666666666665,7.333333333333333,1.0,29.72666666666667,15,plus_defense,10.561
17,00-0039893,Brian Thomas Jr.,WR,IND,7.9,10.866666666666667,5.666666666666667,1.0,36.71333333333334,15,plus_defense,9.601
17,00-0039894,Xavier Worthy,WR,DEN,0.1,6.7,4.0,0.0,28.773333333333333,15,plus_defense,6.8207
17,00-0039915,Ladd McConkey,WR,HOU,4.1,6.833333333333333,4.666666666666667,0.3333333333333333,24.59333333333334,15,plus_defense,7.4104
17,00-0040075,LaJohntay Wester,WR,GB,0.0,0.0,0.0,0.0,32.43333333333334,15,plus_defense,1.3343
17,00-0040124,Tetairoa McMillan,WR,SEA,1.5,11.9,7.0,0.0,27.753333333333337,15,plus_defense,11.0031
17,00-0040129,Emeka Egbuka,WR,MIA,5.0,6.3,6.0,0.0,27.8,15,plus_defense,8.4559
17,00-0040130,Jayden Higgins,WR,LAC,16.8,3.5,3.0,0.0,26.627999999999997,15,plus_defense,4.9678
17,00-0040131,Kyle Williams,WR,NYJ,5.0,6.300000000000001,1.5,0.0,30.246666666666666,15,plus_defense,4.5112
17,00-0040138,Jaylin Noel,WR,LAC,14.600000000000001,1.1,1.0,0.0,26.627999999999997,15,plus_defense,2.4908
17,00-0040170,Elic Ayomanor,WR,NO,13.7,6.633333333333334,2.6666666666666665,0.3333333333333333,27.193333333333335,15,plus_defense,5.6113
17,00-0040184,KeAndre Lambert-Smith,WR,HOU,0.0,5.3,1.0,0.5,24.59333333333334,15,plus_defense,3.722
17,00-0040237,Tez Johnson,WR,MIA,3.9000000000000004,0.45,1.0,0.0,27.8,15,plus_defense,2.308
17,00-0040506,Myles Price,WR,DET,0.0,0.0,0.0,0.0,37.88133333333334,15,plus_defense,1.3833
17,00-0040582,Arian Smith,WR,NE,1.5,0.0,1.5,0.0,29.72666666666667,15,plus_defense,2.6322
17,00-0040667,Matthew Golden,WR,BAL,2.2,2.966666666666667,2.6666666666666665,0.3333333333333333,35.620000000000005,15,plus_defense,4.5963
17,00-0040669,Isaac TeSlaa,WR,MIN,13.9,8.4,3.6666666666666665,2.0,24.266666666666662,15,plus_defense,6.9921
17,00-0040705,Chimere Dike,WR,NO,10.2,10.466666666666667,6.333333333333333,2.0,27.193333333333335,15,plus_defense,9.984
17,00-0040727,Tre Harris,WR,HOU,2.5,6.8,4.333333333333333,0.0,24.59333333333334,15,plus_defense,7.1067
17,00-0040735,Luther Burden III,WR,SF,27.8,12.7,7.0,0.5,32.513333333333335,15,plus_defense,11.284
17,00-0040782,Isaiah Bond,WR,PIT,2.6,4.3,2.3333333333333335,0.0,35.53333333333333,15,plus_defense,4.6984
17,00-0033307,Kendrick Bourne,WR,CHI,3.5,4.7,4.0,0.0,34.60000000000001,15,plus_defense,6.2781
17,00-0033375,Tim Patrick,WR,IND,0.0,10.450000000000001,3.5,2.0,36.71333333333334,15,plus_defense,7.5671
17,00-0034272,Marquez Valdes-Scantling,WR,CLE,5.1,3.5,1.6666666666666667,0.3333333333333333,25.68666666666666,15,plus_defense,3.784
17,00-0036309,Darnell Mooney,WR,LA,5.5,4.166666666666667,4.0,0.3333333333333333,33.63333333333334,15,plus_defense,6.1107
17,00-0036415,Van Jefferson,WR,NO,7.6000000000000005,4.466666666666667,3.6666666666666665,0.0,27.193333333333335,15,plus_defense,5.8482
17,00-0038619,Andrei Iosivas,WR,ARI,8.100000000000001,2.266666666666667,1.6666666666666667,0.0,29.186666666666667,15,plus_defense,3.4486
17,00-0038679,Tyrell Shavers,WR,PHI,5.6,2.85,1.5,0.0,27.12,15,plus_defense,3.4566
17,00-0039451,Isaiah Williams,WR,NE,7.5,7.400000000000001,4.666666666666667,0.3333333333333333,29.72666666666667,15,plus_defense,7.6252
17,00-0034775,Christian Kirk,WR,LAC,2.1,4.15,4.0,0.0,26.627999999999997,15,plus_defense,6.0427
17,00-0035359,David Sills,WR,LA,6.7,4.6000000000000005,5.0,1.3333333333333333,33.63333333333334,15,plus_defense,7.1212
17,00-0037231,Kevin Austin Jr.,WR,TEN,15.2,5.050000000000001,4.0,0.5,34.486666666666665,15,plus_defense,6.3812
17,00-0032775,Demarcus Robinson,WR,CHI,5.0,7.95,2.0,0.5,34.60000000000001,15,plus_defense,5.4821
17,00-0033921,Chris Godwin Jr.,WR,MIA,23.8,10.166666666666666,6.333333333333333,1.0,27.8,15,plus_defense,9.9002
17,00-0038994,Jordan Addison,WR,DET,12.5,7.8,4.0,0.3333333333333333,37.88133333333334,15,plus_defense,7.23
17,00-0039920,Malachi Corley,WR,PIT,1.4,2.766666666666667,3.0,0.6666666666666666,35.53333333333333,15,plus_defense,4.8298
17,00-0040218,Jimmy Horn Jr.,WR,SEA,2.9,2.1,1.0,0.0,27.753333333333337,15,plus_defense,2.7984
17,00-0040259,Gage Larvadain,WR,PIT,0.0,1.8666666666666665,1.6666666666666667,0.3333333333333333,35.53333333333333,15,plus_defense,3.3867
17,00-0035406,Lil'Jordan Humphrey,WR,KC,4.300000000000001,6.933333333333333,3.0,0.3333333333333333,28.540000000000003,15,plus_defense,6.0065
17,00-0037487,Deven Thompkins,WR,LA,0.0,0.4666666666666666,0.3333333333333333,0.0,33.63333333333334,15,plus_defense,1.7778
17,00-0040590,Konata Mumpfield,WR,ATL,3.0,2.8333333333333335,3.3333333333333335,0.3333333333333333,33.46666666666667,15,plus_defense,5.1249
17,00-0039491,Jalen Coker,WR,SEA,3.6,11.85,4.5,0.5,27.753333333333337,15,plus_defense,8.7845
17,00-0038124,Christian Watson,WR,BAL,22.3,11.5,5.0,1.3333333333333333,35.620000000000005,15,plus_defense,9.1919
17,00-0037742,Treylon Burks,WR,DAL,2.1,1.6666666666666667,2.6666666666666665,0.3333333333333333,40.76666666666666,15,plus_defense,4.2558
17,00-0034860,Dante Pettis,WR,TEN,8.3,0.0,0.3333333333333333,0.0,34.486666666666665,15,plus_defense,1.6466
17,00-0040024,Darius Cooper,WR,BUF,1.4,3.9000000000000004,1.5,0.0,27.84,15,plus_defense,3.7755
17,00-0036133,James Proche,WR,NO,1.5,0.0,1.0,0.0,27.193333333333335,15,plus_defense,2.1686
17,00-0038953,Dylan Drummond,WR,LA,0.0,2.55,2.5,2.0,33.63333333333334,15,plus_defense,4.3075
17,00-0035544,Tom Kennedy,WR,MIN,0.0,0.0,0.0,0.0,24.266666666666662,15,plus_defense,1.2608
17,00-0037132,Britain Covey,WR,BUF,0.0,0.0,0.0,0.0,27.84,15,plus_defense,1.2929
17,00-0039062,Jonathan Mingo,WR,WAS,0.0,1.1666666666666667,1.0,0.0,35.053333333333335,15,plus_defense,2.5865
17,00-0039855,Jalen McMillan,WR,MIA,18.4,4.7,3.0,1.0,27.8,15,plus_defense,5.3354
17,00-0030035,Adam Thielen,WR,CLE,3.4000000000000004,4.0,2.0,0.3333333333333333,25.68666666666666,15,plus_redzone_defense,4.2288
17,00-0030279,Keenan Allen,WR,HOU,2.7,7.733333333333334,5.0,0.3333333333333333,24.59333333333334,15,plus_redzone_defense,7.9355
17,00-0030564,DeAndre Hopkins,WR,GB,0.0,4.1000000000000005,2.3333333333333335,0.0,32.43333333333334,15,plus_redzone_defense,4.5781
17,00-0031236,Brandin Cooks,WR,PHI,14.100000000000001,0.0,2.0,0.0,27.12,15,plus_redzone_defense,3.0332
17,00-0031408,Mike Evans,WR,MIA,12.1,16.650000000000002,10.5,1.5,27.8,15,plus_redzone_defense,15.505
17,00-0031588,Stefon Diggs,WR,NYJ,22.1,14.2,7.0,0.0,30.246666666666666,15,plus_redzone_defense,11.6011
17,00-0032211,Tyler Lockett,WR,NYG,8.9,3.9000000000000004,3.3333333333333335,0.0,34.833333333333336,15,plus_redzone_defense,5.4147
17,00-0032464,Kalif Raymond,WR,MIN,1.5,9.6,3.0,0.0,24.266666666666662,15,plus_redzone_defense,6.7012
17,00-0033857,JuJu Smith-Schuster,WR,DEN,4.6,1.2333333333333334,2.3333333333333335,0.3333333333333333,28.773333333333333,15,plus_redzone_defense,3.7353
17,00-0033908,Cooper Kupp,WR,CAR,1.6,9.333333333333334,4.666666666666667,2.0,27.993333333333336,15,plus_redzone_defense,8.3129
17,00-0034348,Courtland Sutton,WR,KC,8.0,19.033333333333335,10.666666666666666,2.0,28.540000000000003,15,plus_redzone_defense,16.4078
17,00-0034827,DJ Moore,WR,SF,1.7000000000000002,15.133333333333335,5.333333333333333,0.6666666666666666,32.513333333333335,15,plus_redzone_defense,10.5076
17,00-0034960,Jakobi Meyers,WR,IND,9.9,11.833333333333334,9.666666666666666,2.0,36.71333333333334,15,plus_redzone_defense,13.4941
17,00-0035535,Darius Slayton,WR,LV,5.6,5.550000000000001,6.0,0.0,34.12666666666666,15,plus_redzone_defense,8.2217
17,00-0035659,Terry McLaurin,WR,DAL,11.3,10.433333333333334,4.666666666666667,0.3333333333333333,40.76666666666666,15,plus_redzone_defense,8.587
17,00-0035662,Marquise Brown,WR,DEN,1.7000000000000002,4.85,2.5,0.0,28.773333333333333,15,plus_redzone_defense,4.9103
17,00-0035676,A.J. Brown,WR,BUF,11.8,15.533333333333333,9.0,0.3333333333333333,27.84,15,plus_redzone_defense,13.7505
17,00-0035719,Deebo Samuel Sr.,WR,DAL,11.3,6.833333333333333,5.0,0.3333333333333333,40.76666666666666,15,plus_redzone_defense,7.8202
17,00-0036252,Michael Pittman,WR,JAX,3.6,9.9,7.333333333333333,0.3333333333333333,33.66,15,plus_redzone_defense,10.6934
17,00-0036259,Jauan Jennings,WR,CHI,12.2,18.4,5.5,3.0,34.60000000000001,15,plus_redzone_defense,11.866
17,00-0036322,Justin Jefferson,WR,DET,7.0,7.266666666666667,6.666666666666667,1.6666666666666667,37.88133333333334,15,plus_redzone_defense,9.5098
17,00-0036331,Devin Duvernay,WR,SF,0.0,1.1333333333333335,0.3333333333333333,0.0,32.513333333333335,15,plus_redzone_defense,1.9606
17,00-0036358,CeeDee Lamb,WR,WAS,9.600000000000001,15.433333333333335,8.333333333333334,1.6666666666666667,35.053333333333335,15,plus_redzone_defense,13.339
17,00-0036407,Jerry Jeudy,WR,PIT,10.4,8.333333333333334,4.333333333333333,0.0,35.53333333333333,15,plus_redzone_defense,7.5972
17,00-0036410,Tee Higgins,WR,ARI,9.9,20.75,7.0,1.0,29.186666666666667,15,plus_redzone_defense,13.6162
17,00-0036550,Rashod Bateman,WR,GB,1.7000000000000002,2.1500000000000004,2.5,1.0,32.43333333333334,15,plus_redzone_defense,4.2507
17,00-0036554,Nico Collins,WR,LAC,8.7,16.5,7.0,1.0,26.627999999999997,15,plus_redzone_defense,12.3437
17,00-0036613,Jaylen Waddle,WR,TB,0.7000000000000001,11.633333333333335,7.0,0.3333333333333333,31.866666666666667,15,plus_redzone_defense,10.8951
17,00-0036900,Ja'Marr Chase,WR,ARI,25.0,17.76666666666667,12.0,0.3333333333333333,29.186666666666667,15,plus_redzone_defense,17.039
17,00-0036912,DeVonta Smith,WR,BUF,4.5,10.299999999999999,6.0,1.3333333333333333,27.84,15,plus_redzone_defense,9.6931
17,00-0036963,Amon-Ra St. Brown,WR,MIN,14.8,22.000000000000004,12.0,3.6666666666666665,24.266666666666662,15,plus_redzone_defense,18.5714
17,00-0036988,Josh Palmer,WR,PHI,2.2,1.9,1.5,0.0,27.12,15,plus_redzone_defense,3.1549
17,00-0037091,Bo Melton,WR,BAL,4.4,3.8333333333333335,1.3333333333333333,0.0,35.620000000000005,15,plus_redzone_defense,3.6559
17,00-0037239,Chris Olave,WR,TEN,25.9,21.099999999999998,10.0,0.6666666666666666,34.486666666666665,15,plus_redzone_defense,16.3543
17,00-0037240,Jameson Williams,WR,MIN,5.7,18.566666666666666,9.666666666666666,1.6666666666666667,24.266666666666662,15,plus_redzone_defense,15.3246
17,00-0037247,George Pickens,WR,WAS,11.8,13.666666666666666,8.0,1.3333333333333333,35.053333333333335,15,plus_redzone_defense,12.4954
17,00-0037261,Khalil Shakir,WR,PHI,9.5,9.5,4.333333333333333,0.6666666666666666,27.12,15,plus_redzone_defense,7.9292
17,00-0037291,Jalen Nailor,WR,DET,0.0,8.5,3.6666666666666665,0.6666666666666666,37.88133333333334,15,plus_redzone_defense,7.1524
17,00-0037545,Rashid Shaheed,WR,CAR,1.8,8.633333333333335,5.0,0.3333333333333333,27.993333333333336,15,plus_redzone_defense,8.2314
17,00-0037614,John Metchie III,WR,NE,7.1000000000000005,5.233333333333333,6.333333333333333,1.0,29.72666666666667,15,plus_redzone_defense,8.4793
17,00-0037664,Alec Pierce,WR,JAX,0.0,13.4,4.333333333333333,1.0,33.66,15,plus_redzone_defense,9.1689
17,00-0037741,Jahan Dotson,WR,BUF,0.0,2.8,3.0,0.5,27.84,15,plus_redzone_defense,4.786
17,00-0037801,KaVontae Turpin,WR,WAS,15.6,4.3,4.0,0.6666666666666666,35.053333333333335,15,plus_redzone_defense,6.1832
17,00-0037816,Romeo Doubs,WR,BAL,9.2,8.333333333333334,3.6666666666666665,1.0,35.620000000000005,15,plus_redzone_defense,7.116
17,00-0038090,Skyy Moore,WR,CHI,1.0,1.6500000000000001,0.5,0.0,34.60000000000001,15,plus_redzone_defense,2.2772
17,00-0038117,Wan'Dale Robinson,WR,LV,22.3,10.799999999999999,8.5,1.5,34.12666666666666,15,plus_redzone_defense,12.0978
17,00-0038359,Xavier Smith,WR,ATL,10.7,3.1,1.0,0.0,33.46666666666667,15,plus_redzone_defense,3.1295
17,00-0038393,Dontayvion Wicks,WR,BAL,1.7000000000000002,2.4000000000000004,2.0,0.0,35.620000000000005,15,plus_redzone_defense,3.8168
17,00-0038543,Jaxon Smith-Njigba,WR,CAR,16.2,23.333333333333332,11.0,1.6666666666666667,27.993333333333336,15,plus_redzone_defense,17.9241
17,00-0038544,Quentin Johnston,WR,HOU,14.8,11.6,4.0,0.5,24.59333333333334,15,plus_redzone_defense,8.2152
17,00-0038559,Michael Wilson,WR,CIN,19.9,22.266666666666666,10.0,1.6666666666666667,26.10533333333333,15,plus_redzone_defense,16.72
17,00-0038563,Tre Tucker,WR,NYG,9.9,4.6,5.0,0.0,34.833333333333336,15,plus_redzone_defense,7.0758
17,00-0038606,Parker Washington,WR,IND,19.0,17.4,6.5,1.5,36.71333333333334,15,plus_redzone_defense,12.3146
17,00-0038618,Xavier Hutchinson,WR,LAC,4.9,1.3333333333333333,2.0,0.0,26.627999999999997,15,plus_redzone_defense,3.4205
17,00-0038621,DeMario Douglas,WR,NYJ,2.0,1.05,1.5,0.0,30.246666666666666,15,plus_redzone_defense,2.934
17,00-0038840,Brycen Tremayne,WR,SEA,0.0,0.0,0.0,0.0,27.753333333333337,15,plus_redzone_defense,1.2926
17,00-0038976,Marvin Mims Jr.,WR,KC,4.0,5.1000000000000005,4.333333333333333,0.3333333333333333,28.540000000000003,15,plus_redzone_defense,6.6159
17,00-0038979,Cedric Tillman,WR,PIT,5.2,2.5500000000000003,2.0,0.0,35.53333333333333,15,plus_redzone_defense,3.8601
17,00-0038997,Josh Downs,WR,JAX,5.4,9.466666666666667,6.666666666666667,1.3333333333333333,33.66,15,plus_redzone_defense,10.084
17,00-0039064,Zay Flowers,WR,GB,13.0,19.86666666666667,8.333333333333334,1.0,32.43333333333334,15,plus_redzone_defense,14.5509
17,00-0039075,Puka Nacua,WR,ATL,15.7,36.7,13.333333333333334,0.6666666666666666,33.46666666666667,15,plus_redzone_defense,23.8399
17,00-0039146,Jayden Reed,WR,BAL,8.100000000000001,8.966666666666667,5.333333333333333,1.0,35.620000000000005,15,plus_redzone_defense,8.7575
17,00-0039342,Xavier Legette,WR,SEA,1.3,4.050000000000001,3.0,0.0,27.753333333333337,15,plus_redzone_defense,5.1024
17,00-0039589,Kameron Johnson,WR,MIA,0.0,0.0,0.3333333333333333,0.0,27.8,15,plus_redzone_defense,1.5841
17,00-0039751,Jordan Whittington,WR,ATL,0.0,1.4666666666666668,1.0,0.0,33.46666666666667,15,plus_redzone_defense,2.6495
17,00-0039868,Troy Franklin,WR,KC,5.7,11.833333333333334,5.333333333333333,0.6666666666666666,28.540000000000003,15,plus_redzone_defense,9.5012
17,00-0039880,Malik Washington,WR,TB,1.5,5.400000000000001,2.3333333333333335,0.6666666666666666,31.866666666666667,15,plus_redzone_defense,5.0217
17,00-0039890,Adonai Mitchell,WR,NE,5.2,9.366666666666665,7.333333333333333,1.0,29.72666666666667,15,plus_redzone_defense,10.5672
17,00-0039893,Brian Thomas Jr.,WR,IND,7.9,10.866666666666667,5.666666666666667,1.0,36.71333333333334,15,plus_redzone_defense,9.617
17,00-0039894,Xavier Worthy,WR,DEN,0.1,6.7,4.0,0.0,28.773333333333333,15,plus_redzone_defense,6.7638
17,00-0039915,Ladd McConkey,WR,HOU,4.1,6.833333333333333,4.666666666666667,0.3333333333333333,24.59333333333334,15,plus_redzone_defense,7.38
17,00-0040075,LaJohntay Wester,WR,GB,0.0,0.0,0.0,0.0,32.43333333333334,15,plus_redzone_defense,1.3357
17,00-0040124,Tetairoa McMillan,WR,SEA,1.5,11.9,7.0,0.0,27.753333333333337,15,plus_redzone_defense,10.9022
17,00-0040129,Emeka Egbuka,WR,MIA,5.0,6.3,6.0,0.0,27.8,15,plus_redzone_defense,8.3838
17,00-0040130,Jayden Higgins,WR,LAC,16.8,3.5,3.0,0.0,26.627999999999997,15,plus_redzone_defense,4.9304
17,00-0040131,Kyle Williams,WR,NYJ,5.0,6.300000000000001,1.5,0.0,30.246666666666666,15,plus_redzone_defense,4.4767
17,00-0040138,Jaylin Noel,WR,LAC,14.600000000000001,1.1,1.0,0.0,26.627999999999997,15,plus_redzone_defense,2.4787
17,00-0040170,Elic Ayomanor,WR,NO,13.7,6.633333333333334,2.6666666666666665,0.3333333333333333,27.193333333333335,15,plus_redzone_defense,5.5987
17,00-0040184,KeAndre Lambert-Smith,WR,HOU,0.0,5.3,1.0,0.5,24.59333333333334,15,plus_redzone_defense,3.7442
17,00-0040237,Tez Johnson,WR,MIA,3.9000000000000004,0.45,1.0,0.0,27.8,15,plus_redzone_defense,2.2985
17,00-0040506,Myles Price,WR,DET,0.0,0.0,0.0,0.0,37.88133333333334,15,plus_redzone_defense,1.386
17,00-0040582,Arian Smith,WR,NE,1.5,0.0,1.5,0.0,29.72666666666667,15,plus_redzone_defense,2.6206
17,00-0040667,Matthew Golden,WR,BAL,2.2,2.966666666666667,2.6666666666666665,0.3333333333333333,35.620000000000005,15,plus_redzone_defense,4.5989
17,00-0040669,Isaac TeSlaa,WR,MIN,13.9,8.4,3.6666666666666665,2.0,24.266666666666662,15,plus_redzone_defense,7.131
17,00-0040705,Chimere Dike,WR,NO,10.2,10.466666666666667,6.333333333333333,2.0,27.193333333333335,15,plus_redzone_defense,10.0939
17,00-0040727,Tre Harris,WR,HOU,2.5,6.8,4.333333333333333,0.0,24.59333333333334,15,plus_redzone_defense,7.0457
17,00-0040735,Luther Burden III,WR,SF,27.8,12.7,7.0,0.5,32.513333333333335,15,plus_redzone_defense,11.2312
17,00-0040782,Isaiah Bond,WR,PIT,2.6,4.3,2.3333333333333335,0.0,35.53333333333333,15,plus_redzone_defense,4.6655
17,00-0033307,Kendrick Bourne,WR,CHI,3.5,4.7,4.0,0.0,34.60000000000001,15,plus_redzone_defense,6.2298
17,00-0033375,Tim Patrick,WR,IND,0.0,10.450000000000001,3.5,2.0,36.71333333333334,15,plus_redzone_defense,7.7026
17,00-0034272,Marquez Valdes-Scantling,WR,CLE,5.1,3.5,1.6666666666666667,0.3333333333333333,25.68666666666666,15,plus_redzone_defense,3.7908
17,00-0036309,Darnell Mooney,WR,LA,5.5,4.166666666666667,4.0,0.3333333333333333,33.63333333333334,15,plus_redzone_defense,6.0975
17,00-0036415,Van Jefferson,WR,NO,7.6000000000000005,4.466666666666667,3.6666666666666665,0.0,27.193333333333335,15,plus_redzone_defense,5.8019
17,00-0038619,Andrei Iosivas,WR,ARI,8.100000000000001,2.266666666666667,1.6666666666666667,0.0,29.186666666666667,15,plus_redzone_defense,3.4273
17,00-0038679,Tyrell Shavers,WR,PHI,5.6,2.85,1.5,0.0,27.12,15,plus_redzone_defense,3.4341
17,00-0039451,Isaiah Williams,WR,NE,7.5,7.400000000000001,4.666666666666667,0.3333333333333333,29.72666666666667,15,plus_redzone_defense,7.5938
17,00-0034775,Christian Kirk,WR,LAC,2.1,4.15,4.0,0.0,26.627999999999997,15,plus_redzone_defense,5.9947
17,00-0035359,David Sills,WR,LA,6.7,4.6000000000000005,5.0,1.3333333333333333,33.63333333333334,15,plus_redzone_defense,7.1983
17,00-0037231,Kevin Austin Jr.,WR,TEN,15.2,5.050000000000001,4.0,0.5,34.486666666666665,15,plus_redzone_defense,6.3817
17,00-0032775,Demarcus Robinson,WR,CHI,5.0,7.95,2.0,0.5,34.60000000000001,15,plus_redzone_defense,5.4884
17,00-0033921,Chris Godwin Jr.,WR,MIA,23.8,10.166666666666666,6.333333333333333,1.0,27.8,15,plus_redzone_defense,9.9112
17,00-0038994,Jordan Addison,WR,DET,12.5,7.8,4.0,0.3333333333333333,37.88133333333334,15,plus_redzone_defense,7.2044
17,00-0039920,Malachi Corley,WR,PIT,1.4,2.766666666666667,3.0,0.6666666666666666,35.53333333333333,15,plus_redzone_defense,4.8638
17,00-0040218,Jimmy Horn Jr.,WR,SEA,2.9,2.1,1.0,0.0,27.753333333333337,15,plus_redzone_defense,2.7829
17,00-0040259,Gage Larvadain,WR,PIT,0.0,1.8666666666666665,1.6666666666666667,0.3333333333333333,35.53333333333333,15,plus_redzone_defense,3.4016
17,00-0035406,Lil'Jordan Humphrey,WR,KC,4.300000000000001,6.933333333333333,3.0,0.3333333333333333,28.540000000000003,15,plus_redzone_defense,5.9903
17,00-0037487,Deven Thompkins,WR,LA,0.0,0.4666666666666666,0.3333333333333333,0.0,33.63333333333334,15,plus_redzone_defense,1.775
17,00-0040590,Konata Mumpfield,WR,ATL,3.0,2.8333333333333335,3.3333333333333335,0.3333333333333333,33.46666666666667,15,plus_redzone_defense,5.122
17,00-0039491,Jalen Coker,WR,SEA,3.6,11.85,4.5,0.5,27.753333333333337,15,plus_redzone_defense,8.7545
17,00-0038124,Christian Watson,WR,BAL,22.3,11.5,5.0,1.3333333333333333,35.620000000000005,15,plus_redzone_defense,9.2442
17,00-0037742,Treylon Burks,WR,DAL,2.1,1.6666666666666667,2.6666666666666665,0.3333333333333333,40.76666666666666,15,plus_redzone_defense,4.2644
17,00-0034860,Dante Pettis,WR,TEN,8.3,0.0,0.3333333333333333,0.0,34.486666666666665,15,plus_redzone_defense,1.6457
17,00-0040024,Darius Cooper,WR,BUF,1.4,3.9000000000000004,1.5,0.0,27.84,15,plus_redzone_defense,3.7493
17,00-0036133,James Proche,WR,NO,1.5,0.0,1.0,0.0,27.193333333333335,15,plus_redzone_defense,2.1606
17,00-0038953,Dylan Drummond,WR,LA,0.0,2.55,2.5,2.0,33.63333333333334,15,plus_redzone_defense,4.4795
17,00-0035544,Tom Kennedy,WR,MIN,0.0,0.0,0.0,0.0,24.266666666666662,15,plus_redzone_defense,1.2604
17,00-0037132,Britain Covey,WR,BUF,0.0,0.0,0.0,0.0,27.84,15,plus_redzone_defense,1.2933
17,00-0039062,Jonathan Mingo,WR,WAS,0.0,1.1666666666666667,1.0,0.0,35.053333333333335,15,plus_redzone_defense,2.576
17,00-0039855,Jalen McMillan,WR,MIA,18.4,4.7,3.0,1.0,27.8,15,plus_redzone_defense,5.394
18,00-0030035,Adam Thielen,WR,BAL,7.3,4.666666666666667,3.3333333333333335,0.3333333333333333,36.3875,16,baseline,5.6564
18,00-0030279,Keenan Allen,WR,DEN,10.6,6.8999999999999995,5.0,0.6666666666666666,27.375,16,baseline,7.7806
18,00-0030564,DeAndre Hopkins,WR,PIT,0.0,4.1000000000000005,2.3333333333333335,0.3333333333333333,34.537499999999994,16,baseline,4.6002
18,00-0031408,Mike Evans,WR,CAR,5.4,15.133333333333335,9.333333333333334,1.3333333333333333,27.46875,16,baseline,13.9886
18,00-0031588,Stefon Diggs,WR,MIA,7.3,16.833333333333332,6.666666666666667,0.3333333333333333,30.012500000000003,16,baseline,12.0788
18,00-0032211,Tyler Lockett,WR,KC,1.5,4.5,3.0,0.3333333333333333,28.34375,16,baseline,5.3106
18,00-0032464,Kalif Raymond,WR,CHI,8.2,6.8999999999999995,2.6666666666666665,0.0,34.6375,16,baseline,5.6895
18,00-0033857,JuJu Smith-Schuster,WR,LV,3.3,2.2666666666666666,2.6666666666666665,0.3333333333333333,34.03125,16,baseline,4.3814
18,00-0033908,Cooper Kupp,WR,SF,4.9,6.033333333333334,4.666666666666667,1.6666666666666667,32.6375,16,baseline,7.2372
18,00-0034348,Courtland Sutton,WR,LAC,1.5,17.633333333333336,10.666666666666666,2.6666666666666665,27.9075,16,baseline,15.8894
18,00-0034827,DJ Moore,WR,DET,2.1,15.5,5.666666666666667,0.6666666666666666,36.7325,16,baseline,10.8061
18,00-0034960,Jakobi Meyers,WR,TEN,9.4,10.200000000000001,8.333333333333334,1.0,35.41875,16,baseline,11.6996
18,00-0035535,Darius Slayton,WR,DAL,7.4,5.566666666666667,5.0,0.3333333333333333,39.91875,16,baseline,7.4042
18,00-0035602,Alex Bachman,WR,KC,0.0,0.65,0.5,0.0,28.34375,16,baseline,1.9832
18,00-0035645,Gunner Olszewski,WR,DAL,18.200000000000003,1.4500000000000002,0.5,0.0,39.91875,16,baseline,2.2091
18,00-0035659,Terry McLaurin,WR,PHI,9.7,11.833333333333334,5.0,0.0,27.387500000000003,16,baseline,9.1735
18,00-0035662,Marquise Brown,WR,LV,9.4,3.45,3.0,0.0,34.03125,16,baseline,5.0142
18,00-0035719,Deebo Samuel Sr.,WR,PHI,4.1,8.366666666666667,5.0,0.3333333333333333,27.387500000000003,16,baseline,8.1947
18,00-0036252,Michael Pittman,WR,HOU,3.1,5.466666666666668,4.333333333333333,0.3333333333333333,24.5625,16,baseline,6.7785
18,00-0036259,Jauan Jennings,WR,SEA,7.5,16.333333333333332,5.0,2.3333333333333335,26.6,16,baseline,10.444
18,00-0036322,Justin Jefferson,WR,GB,18.400000000000002,8.566666666666666,7.0,2.0,31.325000000000003,16,baseline,10.0435
18,00-0036331,Devin Duvernay,WR,DET,0.0,0.0,0.3333333333333333,0.0,36.7325,16,baseline,1.6503
18,00-0036358,CeeDee Lamb,WR,NYG,1.4,12.600000000000001,9.0,1.3333333333333333,34.28125,16,baseline,12.9747
18,00-0036407,Jerry Jeudy,WR,CIN,4.2,6.266666666666667,5.0,0.0,25.9925,16,baseline,7.6018
18,00-0036410,Tee Higgins,WR,CLE,18.7,12.100000000000001,4.0,1.0,24.956249999999997,16,baseline,8.3526
18,00-0036849,Tutu Atwell,WR,ARI,2.9000000000000004,0.95,1.5,0.0,30.14375,16,baseline,2.9641
18,00-0036862,Ben Skowronek,WR,BAL,0.0,0.0,0.0,0.0,36.3875,16,baseline,1.3516
18,00-0036900,Ja'Marr Chase,WR,CLE,23.6,22.7,12.0,1.0,24.956249999999997,16,baseline,18.5148
18,00-0036912,DeVonta Smith,WR,WAS,8.2,9.233333333333333,5.0,1.0,35.618750000000006,16,baseline,8.4394
18,00-0036963,Amon-Ra St. Brown,WR,CHI,24.9,21.86666666666667,13.333333333333334,4.0,34.6375,16,baseline,19.4744
18,00-0036988,Josh Palmer,WR,NYJ,1.1,2.0,1.6666666666666667,0.0,30.924999999999997,16,baseline,3.4099
18,00-0037091,Bo Melton,WR,MIN,0.0,1.4666666666666668,1.6666666666666667,0.0,24.993750000000002,16,baseline,3.2593
18,00-0037238,Drake London,WR,NO,17.8,3.55,5.0,0.5,27.83125,16,baseline,6.8348
18,00-0037240,Jameson Williams,WR,CHI,13.4,14.700000000000001,7.333333333333333,1.0,34.6375,16,baseline,12.0739
18,00-0037247,George Pickens,WR,NYG,1.9,14.699999999999998,6.666666666666667,0.6666666666666666,34.28125,16,baseline,11.4765
18,00-0037291,Jalen Nailor,WR,GB,7.9,6.5,3.0,0.6666666666666666,31.325000000000003,16,baseline,5.8753
18,00-0037545,Rashid Shaheed,WR,SF,1.2,5.666666666666667,3.6666666666666665,0.3333333333333333,32.6375,16,baseline,6.2375
18,00-0037614,John Metchie III,WR,BUF,5.0,5.133333333333334,4.666666666666667,0.3333333333333333,27.20625,16,baseline,6.9831
18,00-0037664,Alec Pierce,WR,HOU,29.200000000000003,9.066666666666668,3.3333333333333335,0.6666666666666666,24.5625,16,baseline,6.8987
18,00-0037741,Jahan Dotson,WR,WAS,7.0,2.15,2.0,0.0,35.618750000000006,16,baseline,3.751
18,00-0037801,KaVontae Turpin,WR,NYG,0.7000000000000001,7.833333333333333,3.3333333333333335,0.6666666666666666,34.28125,16,baseline,6.5505
18,00-0037837,Calvin Austin III,WR,BAL,14.5,0.9,1.0,0.0,36.3875,16,baseline,2.5019
18,00-0038090,Skyy Moore,WR,SEA,0.0,1.4333333333333336,0.6666666666666666,0.0,26.6,16,baseline,2.3537
18,00-0038359,Xavier Smith,WR,ARI,1.6,6.133333333333333,2.6666666666666665,0.3333333333333333,30.14375,16,baseline,5.4731
18,00-0038543,Jaxon Smith-Njigba,WR,SF,14.4,19.36666666666667,11.333333333333334,1.3333333333333333,32.6375,16,baseline,16.9762
18,00-0038559,Michael Wilson,WR,LA,20.9,16.5,8.0,0.6666666666666666,32.38125,16,baseline,13.1796
18,00-0038563,Tre Tucker,WR,KC,5.4,6.433333333333333,6.0,0.3333333333333333,28.34375,16,baseline,8.545
18,00-0038606,Parker Washington,WR,TEN,19.700000000000003,17.933333333333334,8.0,1.6666666666666667,35.41875,16,baseline,13.5843
18,00-0038608,Kayshon Boutte,WR,MIA,4.4,3.3,2.0,0.5,30.012500000000003,16,baseline,4.0757
18,00-0038618,Xavier Hutchinson,WR,IND,13.4,2.966666666666667,2.6666666666666665,0.0,36.71875,16,baseline,4.579
18,00-0038621,DeMario Douglas,WR,MIA,4.9,1.3666666666666665,1.6666666666666667,0.0,30.012500000000003,16,baseline,3.2311
18,00-0038840,Brycen Tremayne,WR,TB,4.7,0.0,0.3333333333333333,0.0,30.956249999999997,16,baseline,1.6503
18,00-0038976,Marvin Mims Jr.,WR,LAC,3.0,5.866666666666667,5.0,0.3333333333333333,27.9075,16,baseline,7.4889
18,00-0038979,Cedric Tillman,WR,CIN,3.3000000000000003,3.5,1.0,0.0,25.9925,16,baseline,3.2359
18,00-0038997,Josh Downs,WR,HOU,9.600000000000001,9.166666666666666,6.666666666666667,0.6666666666666666,24.5625,16,baseline,9.9142
18,00-0039064,Zay Flowers,WR,PIT,29.8,17.333333333333332,6.0,1.6666666666666667,34.537499999999994,16,baseline,11.6225
18,00-0039075,Puka Nacua,WR,ARI,26.0,30.033333333333335,13.0,1.0,30.14375,16,baseline,21.4814
18,00-0039342,Xavier Legette,WR,TB,5.2,3.133333333333334,2.3333333333333335,0.3333333333333333,30.956249999999997,16,baseline,4.3273
18,00-0039589,Kameron Johnson,WR,CAR,0.0,0.0,0.0,0.0,27.46875,16,baseline,1.3516
18,00-0039751,Jordan Whittington,WR,ARI,0.0,0.9666666666666668,0.6666666666666666,0.0,30.14375,16,baseline,2.222
18,00-0039868,Troy Franklin,WR,LAC,0.0,12.366666666666667,5.333333333333333,0.6666666666666666,27.9075,16,baseline,9.6228
18,00-0039880,Malik Washington,WR,NE,11.8,4.566666666666667,2.3333333333333335,0.6666666666666666,29.28125,16,baseline,4.732
18,00-0039890,Adonai Mitchell,WR,BUF,0.0,9.966666666666667,8.333333333333334,0.6666666666666666,27.20625,16,baseline,11.6337
18,00-0039893,Brian Thomas Jr.,WR,TEN,7.9,9.600000000000001,6.0,1.0,35.41875,16,baseline,9.4391
18,00-0040075,LaJohntay Wester,WR,PIT,0.0,0.0,0.0,0.0,34.537499999999994,16,baseline,1.3516
18,00-0040124,Tetairoa McMillan,WR,TB,12.5,8.433333333333334,6.0,0.0,30.956249999999997,16,baseline,9.1097
18,00-0040129,Emeka Egbuka,WR,CAR,1.8,6.8,4.666666666666667,0.0,27.46875,16,baseline,7.4536
18,00-0040130,Jayden Higgins,WR,IND,10.3,6.966666666666666,2.6666666666666665,0.0,36.71875,16,baseline,5.7083
18,00-0040131,Kyle Williams,WR,MIA,0.5,5.866666666666667,2.6666666666666665,0.0,30.012500000000003,16,baseline,5.3978
18,00-0040138,Jaylin Noel,WR,IND,2.3,4.866666666666667,1.6666666666666667,0.3333333333333333,36.71875,16,baseline,4.2192
18,00-0040170,Elic Ayomanor,WR,JAX,8.0,8.4,4.0,0.6666666666666666,32.11875,16,baseline,7.3079
18,00-0040184,KeAndre Lambert-Smith,WR,DEN,4.4,3.533333333333333,1.0,0.3333333333333333,27.375,16,baseline,3.2453
18,00-0040237,Tez Johnson,WR,CAR,3.2,1.6000000000000003,1.3333333333333333,0.0,27.46875,16,baseline,2.9982
18,00-0040582,Arian Smith,WR,BUF,0.2,0.5,1.3333333333333333,0.0,27.20625,16,baseline,2.6877
18,00-0040667,Matthew Golden,WR,MIN,1.8,3.7000000000000006,3.3333333333333335,0.3333333333333333,24.993750000000002,16,baseline,5.3835
18,00-0040669,Isaac TeSlaa,WR,CHI,2.8,9.700000000000001,4.0,2.0,34.6375,16,baseline,7.675
18,00-0040705,Chimere Dike,WR,JAX,5.7,9.4,5.666666666666667,1.3333333333333333,32.11875,16,baseline,9.0839
18,00-0040727,Tre Harris,WR,DEN,4.800000000000001,6.6000000000000005,4.0,0.3333333333333333,27.375,16,baseline,6.7997
18,00-0040729,Jack Bech,WR,KC,0.0,5.0,3.0,0.0,28.34375,16,baseline,5.4518
18,00-0040735,Luther Burden III,WR,DET,7.5,21.1,8.0,0.0,36.7325,16,baseline,14.4783
18,00-0040782,Isaiah Bond,WR,CIN,2.7,5.166666666666667,2.0,0.0,25.9925,16,baseline,4.6027
18,00-0033307,Kendrick Bourne,WR,SEA,0.0,4.3,3.0,0.0,26.6,16,baseline,5.2542
18,00-0033375,Tim Patrick,WR,TEN,1.4,1.05,1.0,0.0,35.41875,16,baseline,2.5442
18,00-0034272,Marquez Valdes-Scantling,WR,BAL,8.4,5.2,4.333333333333333,1.3333333333333333,36.3875,16,baseline,6.7032
18,00-0036309,Darnell Mooney,WR,NO,5.0,5.466666666666666,3.6666666666666665,0.0,27.83125,16,baseline,6.181
18,00-0038619,Andrei Iosivas,WR,CLE,3.0,3.733333333333334,2.6666666666666665,0.0,24.956249999999997,16,baseline,4.7955
18,00-0039410,Ryan Flournoy,WR,NYG,11.8,8.9,3.5,0.5,34.28125,16,baseline,7.001
18,00-0039451,Isaiah Williams,WR,BUF,7.4,8.433333333333334,5.666666666666667,0.3333333333333333,27.20625,16,baseline,8.811
18,00-0034775,Christian Kirk,WR,IND,0.7,4.4,5.0,0.0,36.71875,16,baseline,7.0748
18,00-0035359,David Sills,WR,NO,2.1,6.833333333333333,5.0,0.6666666666666666,27.83125,16,baseline,7.7618
18,00-0037231,Kevin Austin Jr.,WR,ATL,7.7,8.433333333333334,4.333333333333333,0.6666666666666666,33.2125,16,baseline,7.6161
18,00-0032775,Demarcus Robinson,WR,SEA,5.4,6.966666666666666,2.0,0.3333333333333333,26.6,16,baseline,5.1109
18,00-0033921,Chris Godwin Jr.,WR,CAR,1.8,14.6,6.333333333333333,1.3333333333333333,27.46875,16,baseline,11.1495
18,00-0035298,Scott Miller,WR,BAL,2.9,5.2,5.0,0.5,36.3875,16,baseline,7.3006
18,00-0038994,Jordan Addison,WR,GB,1.8,8.566666666666668,2.3333333333333335,0.0,31.325000000000003,16,baseline,5.8613
18,00-0040277,Jahdae Walker,WR,DET,11.6,7.55,3.5,1.0,36.7325,16,baseline,6.6199
18,00-0038640,Jalen Brooks,WR,LA,0.0,1.4500000000000002,1.5,0.0,32.38125,16,baseline,3.1052
18,00-0039920,Malachi Corley,WR,CIN,5.8,3.1666666666666665,3.0,0.3333333333333333,25.9925,16,baseline,4.9342
18,00-0040218,Jimmy Horn Jr.,WR,TB,2.5,2.3666666666666667,1.3333333333333333,0.3333333333333333,30.956249999999997,16,baseline,3.2147
18,00-0040259,Gage Larvadain,WR,CIN,0.0,0.6,0.6666666666666666,0.0,25.9925,16,baseline,2.1184
18,00-0037487,Deven Thompkins,WR,NO,0.0,0.0,0.0,0.0,27.83125,16,baseline,1.3516
18,00-0040534,Ke'Shawn Williams,WR,CLE,0.9,0.8,1.0,0.0,24.956249999999997,16,baseline,2.4736
18,00-0040590,Konata Mumpfield,WR,ARI,0.0,3.3333333333333335,4.666666666666667,1.0,30.14375,16,baseline,6.4749
18,00-0039491,Jalen Coker,WR,TB,16.7,9.1,3.6666666666666665,0.3333333333333333,30.956249999999997,16,baseline,7.2068
18,00-0034418,Cedrick Wilson Jr.,WR,NE,0.0,1.9500000000000002,1.5,0.5,29.28125,16,baseline,3.2464
18,00-0037742,Treylon Burks,WR,PHI,3.2,2.3666666666666667,3.0,0.6666666666666666,27.387500000000003,16,baseline,4.7083
18,00-0034860,Dante Pettis,WR,ATL,11.0,2.766666666666667,1.6666666666666667,0.0,33.2125,16,baseline,3.6263
18,00-0036165,Isaiah Hodgins,WR,DAL,0.0,1.6,2.0,0.5,39.91875,16,baseline,3.5957
18,00-0040024,Darius Cooper,WR,WAS,6.300000000000001,3.1500000000000004,1.5,0.0,35.618750000000006,16,baseline,3.5852
18,00-0036133,James Proche,WR,JAX,1.5,0.75,3.0,0.0,32.11875,16,baseline,4.2519
18,00-0038953,Dylan Drummond,WR,NO,0.0,0.0,0.0,0.5,27.83125,16,baseline,1.3516
18,00-0035544,Tom Kennedy,WR,CHI,0.0,0.0,0.0,0.0,34.6375,16,baseline,1.3516
18,00-0037132,Britain Covey,WR,WAS,4.0,0.0,0.0,0.0,35.618750000000006,16,baseline,1.3516
18,00-0039062,Jonathan Mingo,WR,NYG,0.0,1.1666666666666667,1.0,0.0,34.28125,16,baseline,2.5772
18,00-0039855,Jalen McMillan,WR,CAR,2.1,9.266666666666666,5.0,0.6666666666666666,27.46875,16,baseline,8.4488
18,00-0034928,Steven Sims,WR,LA,0.0,0.0,0.5,0.0,32.38125,16,baseline,1.7997
18,00-0040311,Theo Wease Jr.,WR,NE,7.4,9.25,2.5,0.0,29.28125,16,baseline,6.2036
18,00-0030035,Adam Thielen,WR,BAL,7.3,4.666666666666667,3.3333333333333335,0.3333333333333333,36.3875,16,plus_defense,5.716
18,00-0030279,Keenan Allen,WR,DEN,10.6,6.8999999999999995,5.0,0.6666666666666666,27.375,16,plus_defense,7.7198
18,00-0030564,DeAndre Hopkins,WR,PIT,0.0,4.1000000000000005,2.3333333333333335,0.3333333333333333,34.537499999999994,16,plus_defense,4.6355
18,00-0031408,Mike Evans,WR,CAR,5.4,15.133333333333335,9.333333333333334,1.3333333333333333,27.46875,16,plus_defense,13.9293
18,00-0031588,Stefon Diggs,WR,MIA,7.3,16.833333333333332,6.666666666666667,0.3333333333333333,30.012500000000003,16,plus_defense,12.0552
18,00-0032211,Tyler Lockett,WR,KC,1.5,4.5,3.0,0.3333333333333333,28.34375,16,plus_defense,5.263
18,00-0032464,Kalif Raymond,WR,CHI,8.2,6.8999999999999995,2.6666666666666665,0.0,34.6375,16,plus_defense,5.7267
18,00-0033857,JuJu Smith-Schuster,WR,LV,3.3,2.2666666666666666,2.6666666666666665,0.3333333333333333,34.03125,16,plus_defense,4.4091
18,00-0033908,Cooper Kupp,WR,SF,4.9,6.033333333333334,4.666666666666667,1.6666666666666667,32.6375,16,plus_defense,7.2465
18,00-0034348,Courtland Sutton,WR,LAC,1.5,17.633333333333336,10.666666666666666,2.6666666666666665,27.9075,16,plus_defense,15.8359
18,00-0034827,DJ Moore,WR,DET,2.1,15.5,5.666666666666667,0.6666666666666666,36.7325,16,plus_defense,10.8723
18,00-0034960,Jakobi Meyers,WR,TEN,9.4,10.200000000000001,8.333333333333334,1.0,35.41875,16,plus_defense,11.7454
18,00-0035535,Darius Slayton,WR,DAL,7.4,5.566666666666667,5.0,0.3333333333333333,39.91875,16,plus_defense,7.5103
18,00-0035602,Alex Bachman,WR,KC,0.0,0.65,0.5,0.0,28.34375,16,plus_defense,1.9357
18,00-0035645,Gunner Olszewski,WR,DAL,18.200000000000003,1.4500000000000002,0.5,0.0,39.91875,16,plus_defense,2.3162
18,00-0035659,Terry McLaurin,WR,PHI,9.7,11.833333333333334,5.0,0.0,27.387500000000003,16,plus_defense,9.1142
18,00-0035662,Marquise Brown,WR,LV,9.4,3.45,3.0,0.0,34.03125,16,plus_defense,5.0421
18,00-0035719,Deebo Samuel Sr.,WR,PHI,4.1,8.366666666666667,5.0,0.3333333333333333,27.387500000000003,16,plus_defense,8.1345
18,00-0036252,Michael Pittman,WR,HOU,3.1,5.466666666666668,4.333333333333333,0.3333333333333333,24.5625,16,plus_defense,6.68
18,00-0036259,Jauan Jennings,WR,SEA,7.5,16.333333333333332,5.0,2.3333333333333335,26.6,16,plus_defense,10.3755
18,00-0036322,Justin Jefferson,WR,GB,18.400000000000002,8.566666666666666,7.0,2.0,31.325000000000003,16,plus_defense,10.0349
18,00-0036331,Devin Duvernay,WR,DET,0.0,0.0,0.3333333333333333,0.0,36.7325,16,plus_defense,1.7146
18,00-0036358,CeeDee Lamb,WR,NYG,1.4,12.600000000000001,9.0,1.3333333333333333,34.28125,16,plus_defense,13.0056
18,00-0036407,Jerry Jeudy,WR,CIN,4.2,6.266666666666667,5.0,0.0,25.9925,16,plus_defense,7.5223
18,00-0036410,Tee Higgins,WR,CLE,18.7,12.100000000000001,4.0,1.0,24.956249999999997,16,plus_defense,8.2615
18,00-0036849,Tutu Atwell,WR,ARI,2.9000000000000004,0.95,1.5,0.0,30.14375,16,plus_defense,2.9402
18,00-0036862,Ben Skowronek,WR,BAL,0.0,0.0,0.0,0.0,36.3875,16,plus_defense,1.4115
18,00-0036900,Ja'Marr Chase,WR,CLE,23.6,22.7,12.0,1.0,24.956249999999997,16,plus_defense,18.4228
18,00-0036912,DeVonta Smith,WR,WAS,8.2,9.233333333333333,5.0,1.0,35.618750000000006,16,plus_defense,8.4892
18,00-0036963,Amon-Ra St. Brown,WR,CHI,24.9,21.86666666666667,13.333333333333334,4.0,34.6375,16,plus_defense,19.5107
18,00-0036988,Josh Palmer,WR,NYJ,1.1,2.0,1.6666666666666667,0.0,30.924999999999997,16,plus_defense,3.3967
18,00-0037091,Bo Melton,WR,MIN,0.0,1.4666666666666668,1.6666666666666667,0.0,24.993750000000002,16,plus_defense,3.1668
18,00-0037238,Drake London,WR,NO,17.8,3.55,5.0,0.5,27.83125,16,plus_defense,6.7791
18,00-0037240,Jameson Williams,WR,CHI,13.4,14.700000000000001,7.333333333333333,1.0,34.6375,16,plus_defense,12.1111
18,00-0037247,George Pickens,WR,NYG,1.9,14.699999999999998,6.666666666666667,0.6666666666666666,34.28125,16,plus_defense,11.5092
18,00-0037291,Jalen Nailor,WR,GB,7.9,6.5,3.0,0.6666666666666666,31.325000000000003,16,plus_defense,5.868
18,00-0037545,Rashid Shaheed,WR,SF,1.2,5.666666666666667,3.6666666666666665,0.3333333333333333,32.6375,16,plus_defense,6.2472
18,00-0037614,John Metchie III,WR,BUF,5.0,5.133333333333334,4.666666666666667,0.3333333333333333,27.20625,16,plus_defense,6.9197
18,00-0037664,Alec Pierce,WR,HOU,29.200000000000003,9.066666666666668,3.3333333333333335,0.6666666666666666,24.5625,16,plus_defense,6.8018
18,00-0037741,Jahan Dotson,WR,WAS,7.0,2.15,2.0,0.0,35.618750000000006,16,plus_defense,3.8002
18,00-0037801,KaVontae Turpin,WR,NYG,0.7000000000000001,7.833333333333333,3.3333333333333335,0.6666666666666666,34.28125,16,plus_defense,6.5829
18,00-0037837,Calvin Austin III,WR,BAL,14.5,0.9,1.0,0.0,36.3875,16,plus_defense,2.5615
18,00-0038090,Skyy Moore,WR,SEA,0.0,1.4333333333333336,0.6666666666666666,0.0,26.6,16,plus_defense,2.2831
18,00-0038359,Xavier Smith,WR,ARI,1.6,6.133333333333333,2.6666666666666665,0.3333333333333333,30.14375,16,plus_defense,5.4501
18,00-0038543,Jaxon Smith-Njigba,WR,SF,14.4,19.36666666666667,11.333333333333334,1.3333333333333333,32.6375,16,plus_defense,16.986
18,00-0038559,Michael Wilson,WR,LA,20.9,16.5,8.0,0.6666666666666666,32.38125,16,plus_defense,13.1868
18,00-0038563,Tre Tucker,WR,KC,5.4,6.433333333333333,6.0,0.3333333333333333,28.34375,16,plus_defense,8.4965
18,00-0038606,Parker Washington,WR,TEN,19.700000000000003,17.933333333333334,8.0,1.6666666666666667,35.41875,16,plus_defense,13.6324
18,00-0038608,Kayshon Boutte,WR,MIA,4.4,3.3,2.0,0.5,30.012500000000003,16,plus_defense,4.0505
18,00-0038618,Xavier Hutchinson,WR,IND,13.4,2.966666666666667,2.6666666666666665,0.0,36.71875,16,plus_defense,4.6428
18,00-0038621,DeMario Douglas,WR,MIA,4.9,1.3666666666666665,1.6666666666666667,0.0,30.012500000000003,16,plus_defense,3.2055
18,00-0038840,Brycen Tremayne,WR,TB,4.7,0.0,0.3333333333333333,0.0,30.956249999999997,16,plus_defense,1.6376
18,00-0038976,Marvin Mims Jr.,WR,LAC,3.0,5.866666666666667,5.0,0.3333333333333333,27.9075,16,plus_defense,7.4348
18,00-0038979,Cedric Tillman,WR,CIN,3.3000000000000003,3.5,1.0,0.0,25.9925,16,plus_defense,3.1577
18,00-0038997,Josh Downs,WR,HOU,9.600000000000001,9.166666666666666,6.666666666666667,0.6666666666666666,24.5625,16,plus_defense,9.8157
18,00-0039064,Zay Flowers,WR,PIT,29.8,17.333333333333332,6.0,1.6666666666666667,34.537499999999994,16,plus_defense,11.6597
18,00-0039075,Puka Nacua,WR,ARI,26.0,30.033333333333335,13.0,1.0,30.14375,16,plus_defense,21.4603
18,00-0039342,Xavier Legette,WR,TB,5.2,3.133333333333334,2.3333333333333335,0.3333333333333333,30.956249999999997,16,plus_defense,4.3145
18,00-0039589,Kameron Johnson,WR,CAR,0.0,0.0,0.0,0.0,27.46875,16,plus_defense,1.2925
18,00-0039751,Jordan Whittington,WR,ARI,0.0,0.9666666666666668,0.6666666666666666,0.0,30.14375,16,plus_defense,2.1985
18,00-0039868,Troy Franklin,WR,LAC,0.0,12.366666666666667,5.333333333333333,0.6666666666666666,27.9075,16,plus_defense,9.5705
18,00-0039880,Malik Washington,WR,NE,11.8,4.566666666666667,2.3333333333333335,0.6666666666666666,29.28125,16,plus_defense,4.6973
18,00-0039890,Adonai Mitchell,WR,BUF,0.0,9.966666666666667,8.333333333333334,0.6666666666666666,27.20625,16,plus_defense,11.5699
18,00-0039893,Brian Thomas Jr.,WR,TEN,7.9,9.600000000000001,6.0,1.0,35.41875,16,plus_defense,9.4858
18,00-0040075,LaJohntay Wester,WR,PIT,0.0,0.0,0.0,0.0,34.537499999999994,16,plus_defense,1.3868
18,00-0040124,Tetairoa McMillan,WR,TB,12.5,8.433333333333334,6.0,0.0,30.956249999999997,16,plus_defense,9.0966
18,00-0040129,Emeka Egbuka,WR,CAR,1.8,6.8,4.666666666666667,0.0,27.46875,16,plus_defense,7.3942
18,00-0040130,Jayden Higgins,WR,IND,10.3,6.966666666666666,2.6666666666666665,0.0,36.71875,16,plus_defense,5.7733
18,00-0040131,Kyle Williams,WR,MIA,0.5,5.866666666666667,2.6666666666666665,0.0,30.012500000000003,16,plus_defense,5.373
18,00-0040138,Jaylin Noel,WR,IND,2.3,4.866666666666667,1.6666666666666667,0.3333333333333333,36.71875,16,plus_defense,4.2841
18,00-0040170,Elic Ayomanor,WR,JAX,8.0,8.4,4.0,0.6666666666666666,32.11875,16,plus_defense,7.3113
18,00-0040184,KeAndre Lambert-Smith,WR,DEN,4.4,3.533333333333333,1.0,0.3333333333333333,27.375,16,plus_defense,3.1855
18,00-0040237,Tez Johnson,WR,CAR,3.2,1.6000000000000003,1.3333333333333333,0.0,27.46875,16,plus_defense,2.9389
18,00-0040582,Arian Smith,WR,BUF,0.2,0.5,1.3333333333333333,0.0,27.20625,16,plus_defense,2.6245
18,00-0040667,Matthew Golden,WR,MIN,1.8,3.7000000000000006,3.3333333333333335,0.3333333333333333,24.993750000000002,16,plus_defense,5.2908
18,00-0040669,Isaac TeSlaa,WR,CHI,2.8,9.700000000000001,4.0,2.0,34.6375,16,plus_defense,7.7123
18,00-0040705,Chimere Dike,WR,JAX,5.7,9.4,5.666666666666667,1.3333333333333333,32.11875,16,plus_defense,9.0867
18,00-0040727,Tre Harris,WR,DEN,4.800000000000001,6.6000000000000005,4.0,0.3333333333333333,27.375,16,plus_defense,6.7393
18,00-0040729,Jack Bech,WR,KC,0.0,5.0,3.0,0.0,28.34375,16,plus_defense,5.4043
18,00-0040735,Luther Burden III,WR,DET,7.5,21.1,8.0,0.0,36.7325,16,plus_defense,14.5449
18,00-0040782,Isaiah Bond,WR,CIN,2.7,5.166666666666667,2.0,0.0,25.9925,16,plus_defense,4.5244
18,00-0033307,Kendrick Bourne,WR,SEA,0.0,4.3,3.0,0.0,26.6,16,plus_defense,5.1832
18,00-0033375,Tim Patrick,WR,TEN,1.4,1.05,1.0,0.0,35.41875,16,plus_defense,2.591
18,00-0034272,Marquez Valdes-Scantling,WR,BAL,8.4,5.2,4.333333333333333,1.3333333333333333,36.3875,16,plus_defense,6.7624
18,00-0036309,Darnell Mooney,WR,NO,5.0,5.466666666666666,3.6666666666666665,0.0,27.83125,16,plus_defense,6.1265
18,00-0038619,Andrei Iosivas,WR,CLE,3.0,3.733333333333334,2.6666666666666665,0.0,24.956249999999997,16,plus_defense,4.7026
18,00-0039410,Ryan Flournoy,WR,NYG,11.8,8.9,3.5,0.5,34.28125,16,plus_defense,7.0336
18,00-0039451,Isaiah Williams,WR,BUF,7.4,8.433333333333334,5.666666666666667,0.3333333333333333,27.20625,16,plus_defense,8.748
18,00-0034775,Christian Kirk,WR,IND,0.7,4.4,5.0,0.0,36.71875,16,plus_defense,7.1379
18,00-0035359,David Sills,WR,NO,2.1,6.833333333333333,5.0,0.6666666666666666,27.83125,16,plus_defense,7.707
18,00-0037231,Kevin Austin Jr.,WR,ATL,7.7,8.433333333333334,4.333333333333333,0.6666666666666666,33.2125,16,plus_defense,7.6339
18,00-0032775,Demarcus Robinson,WR,SEA,5.4,6.966666666666666,2.0,0.3333333333333333,26.6,16,plus_defense,5.0412
18,00-0033921,Chris Godwin Jr.,WR,CAR,1.8,14.6,6.333333333333333,1.3333333333333333,27.46875,16,plus_defense,11.0915
18,00-0035298,Scott Miller,WR,BAL,2.9,5.2,5.0,0.5,36.3875,16,plus_defense,7.3595
18,00-0038994,Jordan Addison,WR,GB,1.8,8.566666666666668,2.3333333333333335,0.0,31.325000000000003,16,plus_defense,5.855
18,00-0040277,Jahdae Walker,WR,DET,11.6,7.55,3.5,1.0,36.7325,16,plus_defense,6.6848
18,00-0038640,Jalen Brooks,WR,LA,0.0,1.4500000000000002,1.5,0.0,32.38125,16,plus_defense,3.1114
18,00-0039920,Malachi Corley,WR,CIN,5.8,3.1666666666666665,3.0,0.3333333333333333,25.9925,16,plus_defense,4.8548
18,00-0040218,Jimmy Horn Jr.,WR,TB,2.5,2.3666666666666667,1.3333333333333333,0.3333333333333333,30.956249999999997,16,plus_defense,3.2021
18,00-0040259,Gage Larvadain,WR,CIN,0.0,0.6,0.6666666666666666,0.0,25.9925,16,plus_defense,2.0395
18,00-0037487,Deven Thompkins,WR,NO,0.0,0.0,0.0,0.0,27.83125,16,plus_defense,1.2973
18,00-0040534,Ke'Shawn Williams,WR,CLE,0.9,0.8,1.0,0.0,24.956249999999997,16,plus_defense,2.3808
18,00-0040590,Konata Mumpfield,WR,ARI,0.0,3.3333333333333335,4.666666666666667,1.0,30.14375,16,plus_defense,6.4501
18,00-0039491,Jalen Coker,WR,TB,16.7,9.1,3.6666666666666665,0.3333333333333333,30.956249999999997,16,plus_defense,7.1951
18,00-0034418,Cedrick Wilson Jr.,WR,NE,0.0,1.9500000000000002,1.5,0.5,29.28125,16,plus_defense,3.2113
18,00-0037742,Treylon Burks,WR,PHI,3.2,2.3666666666666667,3.0,0.6666666666666666,27.387500000000003,16,plus_defense,4.6473
18,00-0034860,Dante Pettis,WR,ATL,11.0,2.766666666666667,1.6666666666666667,0.0,33.2125,16,plus_defense,3.6438
18,00-0036165,Isaiah Hodgins,WR,DAL,0.0,1.6,2.0,0.5,39.91875,16,plus_defense,3.7021
18,00-0040024,Darius Cooper,WR,WAS,6.300000000000001,3.1500000000000004,1.5,0.0,35.618750000000006,16,plus_defense,3.635
18,00-0036133,James Proche,WR,JAX,1.5,0.75,3.0,0.0,32.11875,16,plus_defense,4.2535
18,00-0038953,Dylan Drummond,WR,NO,0.0,0.0,0.0,0.5,27.83125,16,plus_defense,1.2973
18,00-0035544,Tom Kennedy,WR,CHI,0.0,0.0,0.0,0.0,34.6375,16,plus_defense,1.3881
18,00-0037132,Britain Covey,WR,WAS,4.0,0.0,0.0,0.0,35.618750000000006,16,plus_defense,1.4012
18,00-0039062,Jonathan Mingo,WR,NYG,0.0,1.1666666666666667,1.0,0.0,34.28125,16,plus_defense,2.6088
18,00-0039855,Jalen McMillan,WR,CAR,2.1,9.266666666666666,5.0,0.6666666666666666,27.46875,16,plus_defense,8.3899
18,00-0034928,Steven Sims,WR,LA,0.0,0.0,0.5,0.0,32.38125,16,plus_defense,1.8059
18,00-0040311,Theo Wease Jr.,WR,NE,7.4,9.25,2.5,0.0,29.28125,16,plus_defense,6.1702
18,00-0030035,Adam Thielen,WR,BAL,7.3,4.666666666666667,3.3333333333333335,0.3333333333333333,36.3875,16,plus_redzone_defense,5.7097
18,00-0030279,Keenan Allen,WR,DEN,10.6,6.8999999999999995,5.0,0.6666666666666666,27.375,16,plus_redzone_defense,7.7205
18,00-0030564,DeAndre Hopkins,WR,PIT,0.0,4.1000000000000005,2.3333333333333335,0.3333333333333333,34.537499999999994,16,plus_redzone_defense,4.6361
18,00-0031408,Mike Evans,WR,CAR,5.4,15.133333333333335,9.333333333333334,1.3333333333333333,27.46875,16,plus_redzone_defense,13.9309
18,00-0031588,Stefon Diggs,WR,MIA,7.3,16.833333333333332,6.666666666666667,0.3333333333333333,30.012500000000003,16,plus_redzone_defense,11.999
18,00-0032211,Tyler Lockett,WR,KC,1.5,4.5,3.0,0.3333333333333333,28.34375,16,plus_redzone_defense,5.2583
18,00-0032464,Kalif Raymond,WR,CHI,8.2,6.8999999999999995,2.6666666666666665,0.0,34.6375,16,plus_redzone_defense,5.6955
18,00-0033857,JuJu Smith-Schuster,WR,LV,3.3,2.2666666666666666,2.6666666666666665,0.3333333333333333,34.03125,16,plus_redzone_defense,4.4124
18,00-0033908,Cooper Kupp,WR,SF,4.9,6.033333333333334,4.666666666666667,1.6666666666666667,32.6375,16,plus_redzone_defense,7.3209
18,00-0034348,Courtland Sutton,WR,LAC,1.5,17.633333333333336,10.666666666666666,2.6666666666666665,27.9075,16,plus_redzone_defense,15.9159
18,00-0034827,DJ Moore,WR,DET,2.1,15.5,5.666666666666667,0.6666666666666666,36.7325,16,plus_redzone_defense,10.8489
18,00-0034960,Jakobi Meyers,WR,TEN,9.4,10.200000000000001,8.333333333333334,1.0,35.41875,16,plus_redzone_defense,11.7427
18,00-0035535,Darius Slayton,WR,DAL,7.4,5.566666666666667,5.0,0.3333333333333333,39.91875,16,plus_redzone_defense,7.4925
18,00-0035602,Alex Bachman,WR,KC,0.0,0.65,0.5,0.0,28.34375,16,plus_redzone_defense,1.9318
18,00-0035645,Gunner Olszewski,WR,DAL,18.200000000000003,1.4500000000000002,0.5,0.0,39.91875,16,plus_redzone_defense,2.3115
18,00-0035659,Terry McLaurin,WR,PHI,9.7,11.833333333333334,5.0,0.0,27.387500000000003,16,plus_redzone_defense,9.0567
18,00-0035662,Marquise Brown,WR,LV,9.4,3.45,3.0,0.0,34.03125,16,plus_redzone_defense,5.0175
18,00-0035719,Deebo Samuel Sr.,WR,PHI,4.1,8.366666666666667,5.0,0.3333333333333333,27.387500000000003,16,plus_redzone_defense,8.1085
18,00-0036252,Michael Pittman,WR,HOU,3.1,5.466666666666668,4.333333333333333,0.3333333333333333,24.5625,16,plus_redzone_defense,6.6648
18,00-0036259,Jauan Jennings,WR,SEA,7.5,16.333333333333332,5.0,2.3333333333333335,26.6,16,plus_redzone_defense,10.4681
18,00-0036322,Justin Jefferson,WR,GB,18.400000000000002,8.566666666666666,7.0,2.0,31.325000000000003,16,plus_redzone_defense,10.1126
18,00-0036331,Devin Duvernay,WR,DET,0.0,0.0,0.3333333333333333,0.0,36.7325,16,plus_redzone_defense,1.7141
18,00-0036358,CeeDee Lamb,WR,NYG,1.4,12.600000000000001,9.0,1.3333333333333333,34.28125,16,plus_redzone_defense,13.0161
18,00-0036407,Jerry Jeudy,WR,CIN,4.2,6.266666666666667,5.0,0.0,25.9925,16,plus_redzone_defense,7.4784
18,00-0036410,Tee Higgins,WR,CLE,18.7,12.100000000000001,4.0,1.0,24.956249999999997,16,plus_redzone_defense,8.2779
18,00-0036849,Tutu Atwell,WR,ARI,2.9000000000000004,0.95,1.5,0.0,30.14375,16,plus_redzone_defense,2.93
18,00-0036862,Ben Skowronek,WR,BAL,0.0,0.0,0.0,0.0,36.3875,16,plus_redzone_defense,1.4128
18,00-0036900,Ja'Marr Chase,WR,CLE,23.6,22.7,12.0,1.0,24.956249999999997,16,plus_redzone_defense,18.367
18,00-0036912,DeVonta Smith,WR,WAS,8.2,9.233333333333333,5.0,1.0,35.618750000000006,16,plus_redzone_defense,8.508
18,00-0036963,Amon-Ra St. Brown,WR,CHI,24.9,21.86666666666667,13.333333333333334,4.0,34.6375,16,plus_redzone_defense,19.6577
18,00-0036988,Josh Palmer,WR,NYJ,1.1,2.0,1.6666666666666667,0.0,30.924999999999997,16,plus_redzone_defense,3.3829
18,00-0037091,Bo Melton,WR,MIN,0.0,1.4666666666666668,1.6666666666666667,0.0,24.993750000000002,16,plus_redzone_defense,3.1538
18,00-0037238,Drake London,WR,NO,17.8,3.55,5.0,0.5,27.83125,16,plus_redzone_defense,6.7766
18,00-0037240,Jameson Williams,WR,CHI,13.4,14.700000000000001,7.333333333333333,1.0,34.6375,16,plus_redzone_defense,12.1029
18,00-0037247,George Pickens,WR,NYG,1.9,14.699999999999998,6.666666666666667,0.6666666666666666,34.28125,16,plus_redzone_defense,11.4818
18,00-0037291,Jalen Nailor,WR,GB,7.9,6.5,3.0,0.6666666666666666,31.325000000000003,16,plus_redzone_defense,5.8817
18,00-0037545,Rashid Shaheed,WR,SF,1.2,5.666666666666667,3.6666666666666665,0.3333333333333333,32.6375,16,plus_redzone_defense,6.2361
18,00-0037614,John Metchie III,WR,BUF,5.0,5.133333333333334,4.666666666666667,0.3333333333333333,27.20625,16,plus_redzone_defense,6.9036
18,00-0037664,Alec Pierce,WR,HOU,29.200000000000003,9.066666666666668,3.3333333333333335,0.6666666666666666,24.5625,16,plus_redzone_defense,6.8065
18,00-0037741,Jahan Dotson,WR,WAS,7.0,2.15,2.0,0.0,35.618750000000006,16,plus_redzone_defense,3.7847
18,00-0037801,KaVontae Turpin,WR,NYG,0.7000000000000001,7.833333333333333,3.3333333333333335,0.6666666666666666,34.28125,16,plus_redzone_defense,6.5916
18,00-0037837,Calvin Austin III,WR,BAL,14.5,0.9,1.0,0.0,36.3875,16,plus_redzone_defense,2.5549
18,00-0038090,Skyy Moore,WR,SEA,0.0,1.4333333333333336,0.6666666666666666,0.0,26.6,16,plus_redzone_defense,2.2761
18,00-0038359,Xavier Smith,WR,ARI,1.6,6.133333333333333,2.6666666666666665,0.3333333333333333,30.14375,16,plus_redzone_defense,5.4434
18,00-0038543,Jaxon Smith-Njigba,WR,SF,14.4,19.36666666666667,11.333333333333334,1.3333333333333333,32.6375,16,plus_redzone_defense,16.9662
18,00-0038559,Michael Wilson,WR,LA,20.9,16.5,8.0,0.6666666666666666,32.38125,16,plus_redzone_defense,13.1471
18,00-0038563,Tre Tucker,WR,KC,5.4,6.433333333333333,6.0,0.3333333333333333,28.34375,16,plus_redzone_defense,8.4697
18,00-0038606,Parker Washington,WR,TEN,19.700000000000003,17.933333333333334,8.0,1.6666666666666667,35.41875,16,plus_redzone_defense,13.6586
18,00-0038608,Kayshon Boutte,WR,MIA,4.4,3.3,2.0,0.5,30.012500000000003,16,plus_redzone_defense,4.0661
18,00-0038618,Xavier Hutchinson,WR,IND,13.4,2.966666666666667,2.6666666666666665,0.0,36.71875,16,plus_redzone_defense,4.6216
18,00-0038621,DeMario Douglas,WR,MIA,4.9,1.3666666666666665,1.6666666666666667,0.0,30.012500000000003,16,plus_redzone_defense,3.1933
18,00-0038840,Brycen Tremayne,WR,TB,4.7,0.0,0.3333333333333333,0.0,30.956249999999997,16,plus_redzone_defense,1.6365
18,00-0038976,Marvin Mims Jr.,WR,LAC,3.0,5.866666666666667,5.0,0.3333333333333333,27.9075,16,plus_redzone_defense,7.4152
18,00-0038979,Cedric Tillman,WR,CIN,3.3000000000000003,3.5,1.0,0.0,25.9925,16,plus_redzone_defense,3.1436
18,00-0038997,Josh Downs,WR,HOU,9.600000000000001,9.166666666666666,6.666666666666667,0.6666666666666666,24.5625,16,plus_redzone_defense,9.801
18,00-0039064,Zay Flowers,WR,PIT,29.8,17.333333333333332,6.0,1.6666666666666667,34.537499999999994,16,plus_redzone_defense,11.6987
18,00-0039075,Puka Nacua,WR,ARI,26.0,30.033333333333335,13.0,1.0,30.14375,16,plus_redzone_defense,21.3811
18,00-0039342,Xavier Legette,WR,TB,5.2,3.133333333333334,2.3333333333333335,0.3333333333333333,30.956249999999997,16,plus_redzone_defense,4.3172
18,00-0039589,Kameron Johnson,WR,CAR,0.0,0.0,0.0,0.0,27.46875,16,plus_redzone_defense,1.293
18,00-0039751,Jordan Whittington,WR,ARI,0.0,0.9666666666666668,0.6666666666666666,0.0,30.14375,16,plus_redzone_defense,2.193
18,00-0039868,Troy Franklin,WR,LAC,0.0,12.366666666666667,5.333333333333333,0.6666666666666666,27.9075,16,plus_redzone_defense,9.5558
18,00-0039880,Malik Washington,WR,NE,11.8,4.566666666666667,2.3333333333333335,0.6666666666666666,29.28125,16,plus_redzone_defense,4.7193
18,00-0039890,Adonai Mitchell,WR,BUF,0.0,9.966666666666667,8.333333333333334,0.6666666666666666,27.20625,16,plus_redzone_defense,11.5439
18,00-0039893,Brian Thomas Jr.,WR,TEN,7.9,9.600000000000001,6.0,1.0,35.41875,16,plus_redzone_defense,9.498
18,00-0040075,LaJohntay Wester,WR,PIT,0.0,0.0,0.0,0.0,34.537499999999994,16,plus_redzone_defense,1.388
18,00-0040124,Tetairoa McMillan,WR,TB,12.5,8.433333333333334,6.0,0.0,30.956249999999997,16,plus_redzone_defense,9.0421
18,00-0040129,Emeka Egbuka,WR,CAR,1.8,6.8,4.666666666666667,0.0,27.46875,16,plus_redzone_defense,7.351
18,00-0040130,Jayden Higgins,WR,IND,10.3,6.966666666666666,2.6666666666666665,0.0,36.71875,16,plus_redzone_defense,5.7422
18,00-0040131,Kyle Williams,WR,MIA,0.5,5.866666666666667,2.6666666666666665,0.0,30.012500000000003,16,plus_redzone_defense,5.3439
18,00-0040138,Jaylin Noel,WR,IND,2.3,4.866666666666667,1.6666666666666667,0.3333333333333333,36.71875,16,plus_redzone_defense,4.2869
18,00-0040170,Elic Ayomanor,WR,JAX,8.0,8.4,4.0,0.6666666666666666,32.11875,16,plus_redzone_defense,7.3146
18,00-0040184,KeAndre Lambert-Smith,WR,DEN,4.4,3.533333333333333,1.0,0.3333333333333333,27.375,16,plus_redzone_defense,3.1945
18,00-0040237,Tez Johnson,WR,CAR,3.2,1.6000000000000003,1.3333333333333333,0.0,27.46875,16,plus_redzone_defense,2.9278
18,00-0040582,Arian Smith,WR,BUF,0.2,0.5,1.3333333333333333,0.0,27.20625,16,plus_redzone_defense,2.6161
18,00-0040667,Matthew Golden,WR,MIN,1.8,3.7000000000000006,3.3333333333333335,0.3333333333333333,24.993750000000002,16,plus_redzone_defense,5.2858
18,00-0040669,Isaac TeSlaa,WR,CHI,2.8,9.700000000000001,4.0,2.0,34.6375,16,plus_redzone_defense,7.8048
18,00-0040705,Chimere Dike,WR,JAX,5.7,9.4,5.666666666666667,1.3333333333333333,32.11875,16,plus_redzone_defense,9.124
18,00-0040727,Tre Harris,WR,DEN,4.800000000000001,6.6000000000000005,4.0,0.3333333333333333,27.375,16,plus_redzone_defense,6.7235
18,00-0040729,Jack Bech,WR,KC,0.0,5.0,3.0,0.0,28.34375,16,plus_redzone_defense,5.3753
18,00-0040735,Luther Burden III,WR,DET,7.5,21.1,8.0,0.0,36.7325,16,plus_redzone_defense,14.4482
18,00-0040782,Isaiah Bond,WR,CIN,2.7,5.166666666666667,2.0,0.0,25.9925,16,plus_redzone_defense,4.5004
18,00-0033307,Kendrick Bourne,WR,SEA,0.0,4.3,3.0,0.0,26.6,16,plus_redzone_defense,5.1558
18,00-0033375,Tim Patrick,WR,TEN,1.4,1.05,1.0,0.0,35.41875,16,plus_redzone_defense,2.5839
18,00-0034272,Marquez Valdes-Scantling,WR,BAL,8.4,5.2,4.333333333333333,1.3333333333333333,36.3875,16,plus_redzone_defense,6.8182
18,00-0036309,Darnell Mooney,WR,NO,5.0,5.466666666666666,3.6666666666666665,0.0,27.83125,16,plus_redzone_defense,6.0924
18,00-0038619,Andrei Iosivas,WR,CLE,3.0,3.733333333333334,2.6666666666666665,0.0,24.956249999999997,16,plus_redzone_defense,4.6783
18,00-0039410,Ryan Flournoy,WR,NYG,11.8,8.9,3.5,0.5,34.28125,16,plus_redzone_defense,7.0272
18,00-0039451,Isaiah Williams,WR,BUF,7.4,8.433333333333334,5.666666666666667,0.3333333333333333,27.20625,16,plus_redzone_defense,8.7181
18,00-0034775,Christian Kirk,WR,IND,0.7,4.4,5.0,0.0,36.71875,16,plus_redzone_defense,7.0997
18,00-0035359,David Sills,WR,NO,2.1,6.833333333333333,5.0,0.6666666666666666,27.83125,16,plus_redzone_defense,7.708
18,00-0037231,Kevin Austin Jr.,WR,ATL,7.7,8.433333333333334,4.333333333333333,0.6666666666666666,33.2125,16,plus_redzone_defense,7.6352
18,00-0032775,Demarcus Robinson,WR,SEA,5.4,6.966666666666666,2.0,0.3333333333333333,26.6,16,plus_redzone_defense,5.0359
18,00-0033921,Chris Godwin Jr.,WR,CAR,1.8,14.6,6.333333333333333,1.3333333333333333,27.46875,16,plus_redzone_defense,11.1116
18,00-0035298,Scott Miller,WR,BAL,2.9,5.2,5.0,0.5,36.3875,16,plus_redzone_defense,7.3539
18,00-0038994,Jordan Addison,WR,GB,1.8,8.566666666666668,2.3333333333333335,0.0,31.325000000000003,16,plus_redzone_defense,5.8213
18,00-0040277,Jahdae Walker,WR,DET,11.6,7.55,3.5,1.0,36.7325,16,plus_redzone_defense,6.7165
18,00-0038640,Jalen Brooks,WR,LA,0.0,1.4500000000000002,1.5,0.0,32.38125,16,plus_redzone_defense,3.1001
18,00-0039920,Malachi Corley,WR,CIN,5.8,3.1666666666666665,3.0,0.3333333333333333,25.9925,16,plus_redzone_defense,4.8531
18,00-0040218,Jimmy Horn Jr.,WR,TB,2.5,2.3666666666666667,1.3333333333333333,0.3333333333333333,30.956249999999997,16,plus_redzone_defense,3.2125
18,00-0040259,Gage Larvadain,WR,CIN,0.0,0.6,0.6666666666666666,0.0,25.9925,16,plus_redzone_defense,2.0345
18,00-0037487,Deven Thompkins,WR,NO,0.0,0.0,0.0,0.0,27.83125,16,plus_redzone_defense,1.2978
18,00-0040534,Ke'Shawn Williams,WR,CLE,0.9,0.8,1.0,0.0,24.956249999999997,16,plus_redzone_defense,2.3732
18,00-0040590,Konata Mumpfield,WR,ARI,0.0,3.3333333333333335,4.666666666666667,1.0,30.14375,16,plus_redzone_defense,6.4849
18,00-0039491,Jalen Coker,WR,TB,16.7,9.1,3.6666666666666665,0.3333333333333333,30.956249999999997,16,plus_redzone_defense,7.1754
18,00-0034418,Cedrick Wilson Jr.,WR,NE,0.0,1.9500000000000002,1.5,0.5,29.28125,16,plus_redzone_defense,3.2331
18,00-0037742,Treylon Burks,WR,PHI,3.2,2.3666666666666667,3.0,0.6666666666666666,27.387500000000003,16,plus_redzone_defense,4.6708
18,00-0034860,Dante Pettis,WR,ATL,11.0,2.766666666666667,1.6666666666666667,0.0,33.2125,16,plus_redzone_defense,3.6285
18,00-0036165,Isaiah Hodgins,WR,DAL,0.0,1.6,2.0,0.5,39.91875,16,plus_redzone_defense,3.723
18,00-0040024,Darius Cooper,WR,WAS,6.300000000000001,3.1500000000000004,1.5,0.0,35.618750000000006,16,plus_redzone_defense,3.6199
18,00-0036133,James Proche,WR,JAX,1.5,0.75,3.0,0.0,32.11875,16,plus_redzone_defense,4.2354
18,00-0038953,Dylan Drummond,WR,NO,0.0,0.0,0.0,0.5,27.83125,16,plus_redzone_defense,1.3324
18,00-0035544,Tom Kennedy,WR,CHI,0.0,0.0,0.0,0.0,34.6375,16,plus_redzone_defense,1.3893
18,00-0037132,Britain Covey,WR,WAS,4.0,0.0,0.0,0.0,35.618750000000006,16,plus_redzone_defense,1.4025
18,00-0039062,Jonathan Mingo,WR,NYG,0.0,1.1666666666666667,1.0,0.0,34.28125,16,plus_redzone_defense,2.6013
18,00-0039855,Jalen McMillan,WR,CAR,2.1,9.266666666666666,5.0,0.6666666666666666,27.46875,16,plus_redzone_defense,8.3848
18,00-0034928,Steven Sims,WR,LA,0.0,0.0,0.5,0.0,32.38125,16,plus_redzone_defense,1.8039
18,00-0040311,Theo Wease Jr.,WR,NE,7.4,9.25,2.5,0.0,29.28125,16,plus_redzone_defense,6.1335
8,00-0030061,Zach Ertz,TE,KC,5.6,9.666666666666666,4.666666666666667,0.6666666666666666,7.771428571428571,7,baseline,8.9743
8,00-0030506,Travis Kelce,TE,WAS,21.9,13.766666666666667,6.0,1.0,13.242857142857142,7,baseline,11.3848
8,00-0032392,Austin Hooper,TE,CLE,5.800000000000001,5.3,1.5,0.5,11.671428571428574,7,baseline,4.8407
8,00-0033090,Hunter Henry,TE,CLE,7.7,6.533333333333334,4.0,0.3333333333333333,11.671428571428574,7,baseline,7.448
8,00-0033858,Jonnu Smith,TE,GB,3.7,8.8,5.5,1.0,19.583333333333332,6,baseline,9.4648
8,00-0033881,Evan Engram,TE,DAL,7.6,10.800000000000002,7.0,0.3333333333333333,13.12857142857143,7,baseline,11.4025
8,00-0033885,David Njoku,TE,NE,13.7,12.25,7.5,2.5,16.599999999999998,6,baseline,12.2806
8,00-0034351,Dallas Goedert,TE,NYG,17.8,13.899999999999999,7.666666666666667,1.0,12.78,7,baseline,12.9189
8,00-0034383,Dalton Schultz,TE,SF,4.4,14.9,8.0,1.5,13.028571428571428,7,baseline,13.5142
8,00-0034753,Mark Andrews,TE,CHI,6.4,5.4,6.0,1.0,14.616666666666667,6,baseline,8.9057
8,00-0035229,T.J. Hockenson,TE,LAC,4.6,10.05,7.5,1.5,11.157142857142857,7,baseline,11.6287
8,00-0035644,Noah Fant,TE,NYJ,7.1000000000000005,10.55,4.0,0.5,14.685714285714287,7,baseline,8.6382
8,00-0035689,Dawson Knox,TE,CAR,2.5,6.2,2.0,0.5,15.928571428571427,7,baseline,5.5557
8,00-0036040,Juwan Johnson,TE,TB,10.3,6.7,4.333333333333333,0.3333333333333333,13.542857142857143,7,baseline,7.7963
8,00-0036637,Noah Gray,TE,WAS,4.300000000000001,4.15,1.5,0.0,13.242857142857142,7,baseline,4.4999
8,00-0036887,Luke Farrell,TE,HOU,0.0,1.3,1.0,0.0,9.266666666666667,6,baseline,3.207
8,00-0036894,Pat Freiermuth,TE,GB,4.3,15.100000000000001,3.5,1.0,19.583333333333332,6,baseline,9.538
8,00-0036970,Kyle Pitts,TE,MIA,14.9,9.0,7.0,1.0,14.900000000000002,7,baseline,10.8692
8,00-0037005,Tommy Tremble,TE,BUF,1.4,3.5333333333333337,2.3333333333333335,0.0,5.55,6,baseline,5.0645
8,00-0037112,Jake Tonges,TE,HOU,7.2,14.450000000000001,9.0,1.0,9.266666666666667,6,baseline,14.2776
8,00-0037348,Tanner Conner,TE,ATL,2.6,3.066666666666667,2.0,0.0,4.316666666666667,6,baseline,4.6273
8,00-0037805,Jeremy Ruckert,TE,CIN,3.4000000000000004,2.266666666666667,1.6666666666666667,0.0,22.271428571428576,7,baseline,4.0913
8,00-0037809,Chig Okonkwo,TE,IND,9.3,6.466666666666668,4.333333333333333,0.3333333333333333,16.042857142857144,7,baseline,7.7272
8,00-0038041,Jake Ferguson,TE,DEN,0.0,19.366666666666667,6.333333333333333,2.6666666666666665,11.700000000000001,7,baseline,13.3431
8,00-0038115,Daniel Bellinger,TE,PHI,3.1,13.5,4.0,1.0,8.000000000000002,7,baseline,9.5123
8,00-0038129,Cade Otton,TE,NO,8.0,11.9,6.666666666666667,0.3333333333333333,13.642857142857142,7,baseline,11.4295
8,00-0038547,Luke Schoonmaker,TE,DEN,4.5,1.55,2.0,0.5,11.700000000000001,7,baseline,4.1779
8,00-0038996,Tucker Kraft,TE,PIT,33.3,14.55,6.0,1.5,16.75,6,baseline,11.6169
8,00-0039530,Brevyn Spann-Ford,TE,DEN,1.9,0.39999999999999997,0.3333333333333333,0.0,11.700000000000001,7,baseline,2.3425
8,00-0039847,Theo Johnson,TE,PHI,5.0,13.866666666666667,6.0,1.3333333333333333,8.000000000000002,7,baseline,11.4145
8,00-0040126,Colston Loveland,TE,BAL,6.800000000000001,4.25,3.5,1.0,15.200000000000001,6,baseline,6.323
8,00-0040128,Tyler Warren,TE,TEN,9.3,16.533333333333335,6.333333333333333,2.6666666666666665,12.057142857142859,7,baseline,12.5035
8,00-0040584,Gunnar Helm,TE,IND,10.3,6.166666666666667,4.333333333333333,0.6666666666666666,16.042857142857144,7,baseline,7.6383
8,00-0040663,Harold Fannin Jr.,TE,NE,18.4,11.333333333333334,6.333333333333333,0.6666666666666666,16.599999999999998,6,baseline,10.9627
8,00-0040736,Mason Taylor,TE,CIN,14.4,7.666666666666667,6.0,1.0,22.271428571428576,7,baseline,9.5773
8,00-0036232,Harrison Bryant,TE,SF,0.0,0.75,1.0,0.0,13.028571428571428,7,baseline,3.0441
8,00-0038046,Charlie Kolar,TE,CHI,8.0,1.0,1.0,0.0,14.616666666666667,6,baseline,3.1181
8,00-0040189,Oronde Gadsden II,TE,MIN,18.7,15.200000000000003,6.0,1.6666666666666667,13.033333333333333,6,baseline,11.8095
8,00-0038564,Cameron Latu,TE,NYG,0.0,0.0,0.0,0.0,12.78,7,baseline,1.9251
8,00-0038783,Nate Adkins,TE,DAL,0.0,4.766666666666667,2.0,0.3333333333333333,13.12857142857143,7,baseline,5.131
8,00-0033357,Taysom Hill,TE,TB,2.2,3.186666666666667,4.0,0.6666666666666666,13.542857142857143,7,baseline,6.4563
8,00-0036628,John Bates,TE,KC,3.2,1.7,1.5,0.5,7.771428571428571,7,baseline,3.7739
8,00-0037838,Isaiah Likely,TE,CHI,2.8,2.4000000000000004,1.5,0.0,14.616666666666667,6,baseline,3.9814
8,00-0030061,Zach Ertz,TE,KC,5.6,9.666666666666666,4.666666666666667,0.6666666666666666,7.771428571428571,7,plus_defense,8.832
8,00-0030506,Travis Kelce,TE,WAS,21.9,13.766666666666667,6.0,1.0,13.242857142857142,7,plus_defense,11.4133
8,00-0032392,Austin Hooper,TE,CLE,5.800000000000001,5.3,1.5,0.5,11.671428571428574,7,plus_defense,4.8273
8,00-0033090,Hunter Henry,TE,CLE,7.7,6.533333333333334,4.0,0.3333333333333333,11.671428571428574,7,plus_defense,7.4163
8,00-0033858,Jonnu Smith,TE,GB,3.7,8.8,5.5,1.0,19.583333333333332,6,plus_defense,9.6679
8,00-0033881,Evan Engram,TE,DAL,7.6,10.800000000000002,7.0,0.3333333333333333,13.12857142857143,7,plus_defense,11.405
8,00-0033885,David Njoku,TE,NE,13.7,12.25,7.5,2.5,16.599999999999998,6,plus_defense,12.3896
8,00-0034351,Dallas Goedert,TE,NYG,17.8,13.899999999999999,7.666666666666667,1.0,12.78,7,plus_defense,12.9182
8,00-0034383,Dalton Schultz,TE,SF,4.4,14.9,8.0,1.5,13.028571428571428,7,plus_defense,13.5222
8,00-0034753,Mark Andrews,TE,CHI,6.4,5.4,6.0,1.0,14.616666666666667,6,plus_defense,8.939
8,00-0035229,T.J. Hockenson,TE,LAC,4.6,10.05,7.5,1.5,11.157142857142857,7,plus_defense,11.5635
8,00-0035644,Noah Fant,TE,NYJ,7.1000000000000005,10.55,4.0,0.5,14.685714285714287,7,plus_defense,8.7152
8,00-0035689,Dawson Knox,TE,CAR,2.5,6.2,2.0,0.5,15.928571428571427,7,plus_defense,5.6702
8,00-0036040,Juwan Johnson,TE,TB,10.3,6.7,4.333333333333333,0.3333333333333333,13.542857142857143,7,plus_defense,7.8187
8,00-0036637,Noah Gray,TE,WAS,4.300000000000001,4.15,1.5,0.0,13.242857142857142,7,plus_defense,4.529
8,00-0036887,Luke Farrell,TE,HOU,0.0,1.3,1.0,0.0,9.266666666666667,6,plus_defense,3.1081
8,00-0036894,Pat Freiermuth,TE,GB,4.3,15.100000000000001,3.5,1.0,19.583333333333332,6,plus_defense,9.7879
8,00-0036970,Kyle Pitts,TE,MIA,14.9,9.0,7.0,1.0,14.900000000000002,7,plus_defense,10.9173
8,00-0037005,Tommy Tremble,TE,BUF,1.4,3.5333333333333337,2.3333333333333335,0.0,5.55,6,plus_defense,4.8503
8,00-0037112,Jake Tonges,TE,HOU,7.2,14.450000000000001,9.0,1.0,9.266666666666667,6,plus_defense,14.1604
8,00-0037348,Tanner Conner,TE,ATL,2.6,3.066666666666667,2.0,0.0,4.316666666666667,6,plus_defense,4.377
8,00-0037805,Jeremy Ruckert,TE,CIN,3.4000000000000004,2.266666666666667,1.6666666666666667,0.0,22.271428571428576,7,plus_defense,4.3835
8,00-0037809,Chig Okonkwo,TE,IND,9.3,6.466666666666668,4.333333333333333,0.3333333333333333,16.042857142857144,7,plus_defense,7.8241
8,00-0038041,Jake Ferguson,TE,DEN,0.0,19.366666666666667,6.333333333333333,2.6666666666666665,11.700000000000001,7,plus_defense,13.3464
8,00-0038115,Daniel Bellinger,TE,PHI,3.1,13.5,4.0,1.0,8.000000000000002,7,plus_defense,9.4002
8,00-0038129,Cade Otton,TE,NO,8.0,11.9,6.666666666666667,0.3333333333333333,13.642857142857142,7,plus_defense,11.4556
8,00-0038547,Luke Schoonmaker,TE,DEN,4.5,1.55,2.0,0.5,11.700000000000001,7,plus_defense,4.1441
8,00-0038996,Tucker Kraft,TE,PIT,33.3,14.55,6.0,1.5,16.75,6,plus_defense,11.7549
8,00-0039530,Brevyn Spann-Ford,TE,DEN,1.9,0.39999999999999997,0.3333333333333333,0.0,11.700000000000001,7,plus_defense,2.3196
8,00-0039847,Theo Johnson,TE,PHI,5.0,13.866666666666667,6.0,1.3333333333333333,8.000000000000002,7,plus_defense,11.2849
8,00-0040126,Colston Loveland,TE,BAL,6.800000000000001,4.25,3.5,1.0,15.200000000000001,6,plus_defense,6.3927
8,00-0040128,Tyler Warren,TE,TEN,9.3,16.533333333333335,6.333333333333333,2.6666666666666665,12.057142857142859,7,plus_defense,12.5052
8,00-0040584,Gunnar Helm,TE,IND,10.3,6.166666666666667,4.333333333333333,0.6666666666666666,16.042857142857144,7,plus_defense,7.7339
8,00-0040663,Harold Fannin Jr.,TE,NE,18.4,11.333333333333334,6.333333333333333,0.6666666666666666,16.599999999999998,6,plus_defense,11.0789
8,00-0040736,Mason Taylor,TE,CIN,14.4,7.666666666666667,6.0,1.0,22.271428571428576,7,plus_defense,9.852
8,00-0036232,Harrison Bryant,TE,SF,0.0,0.75,1.0,0.0,13.028571428571428,7,plus_defense,3.0565
8,00-0038046,Charlie Kolar,TE,CHI,8.0,1.0,1.0,0.0,14.616666666666667,6,plus_defense,3.1797
8,00-0040189,Oronde Gadsden II,TE,MIN,18.7,15.200000000000003,6.0,1.6666666666666667,13.033333333333333,6,plus_defense,11.838
8,00-0038564,Cameron Latu,TE,NYG,0.0,0.0,0.0,0.0,12.78,7,plus_defense,1.9362
8,00-0038783,Nate Adkins,TE,DAL,0.0,4.766666666666667,2.0,0.3333333333333333,13.12857142857143,7,plus_defense,5.1546
8,00-0033357,Taysom Hill,TE,TB,2.2,3.186666666666667,4.0,0.6666666666666666,13.542857142857143,7,plus_defense,6.4665
8,00-0036628,John Bates,TE,KC,3.2,1.7,1.5,0.5,7.771428571428571,7,plus_defense,3.6268
8,00-0037838,Isaiah Likely,TE,CHI,2.8,2.4000000000000004,1.5,0.0,14.616666666666667,6,plus_defense,4.0443
8,00-0030061,Zach Ertz,TE,KC,5.6,9.666666666666666,4.666666666666667,0.6666666666666666,7.771428571428571,7,plus_redzone_defense,8.6424
8,00-0030506,Travis Kelce,TE,WAS,21.9,13.766666666666667,6.0,1.0,13.242857142857142,7,plus_redzone_defense,11.232
8,00-0032392,Austin Hooper,TE,CLE,5.800000000000001,5.3,1.5,0.5,11.671428571428574,7,plus_redzone_defense,4.8554
8,00-0033090,Hunter Henry,TE,CLE,7.7,6.533333333333334,4.0,0.3333333333333333,11.671428571428574,7,plus_redzone_defense,7.1103
8,00-0033858,Jonnu Smith,TE,GB,3.7,8.8,5.5,1.0,19.583333333333332,6,plus_redzone_defense,9.8411
8,00-0033881,Evan Engram,TE,DAL,7.6,10.800000000000002,7.0,0.3333333333333333,13.12857142857143,7,plus_redzone_defense,10.7065
8,00-0033885,David Njoku,TE,NE,13.7,12.25,7.5,2.5,16.599999999999998,6,plus_redzone_defense,13.8427
8,00-0034351,Dallas Goedert,TE,NYG,17.8,13.899999999999999,7.666666666666667,1.0,12.78,7,plus_redzone_defense,12.681
8,00-0034383,Dalton Schultz,TE,SF,4.4,14.9,8.0,1.5,13.028571428571428,7,plus_redzone_defense,13.729
8,00-0034753,Mark Andrews,TE,CHI,6.4,5.4,6.0,1.0,14.616666666666667,6,plus_redzone_defense,9.3511
8,00-0035229,T.J. Hockenson,TE,LAC,4.6,10.05,7.5,1.5,11.157142857142857,7,plus_redzone_defense,12.1344
8,00-0035644,Noah Fant,TE,NYJ,7.1000000000000005,10.55,4.0,0.5,14.685714285714287,7,plus_redzone_defense,8.2915
8,00-0035689,Dawson Knox,TE,CAR,2.5,6.2,2.0,0.5,15.928571428571427,7,plus_redzone_defense,5.6108
8,00-0036040,Juwan Johnson,TE,TB,10.3,6.7,4.333333333333333,0.3333333333333333,13.542857142857143,7,plus_redzone_defense,7.4873
8,00-0036637,Noah Gray,TE,WAS,4.300000000000001,4.15,1.5,0.0,13.242857142857142,7,plus_redzone_defense,4.1103
8,00-0036887,Luke Farrell,TE,HOU,0.0,1.3,1.0,0.0,9.266666666666667,6,plus_redzone_defense,2.9154
8,00-0036894,Pat Freiermuth,TE,GB,4.3,15.100000000000001,3.5,1.0,19.583333333333332,6,plus_redzone_defense,9.5688
8,00-0036970,Kyle Pitts,TE,MIA,14.9,9.0,7.0,1.0,14.900000000000002,7,plus_redzone_defense,11.0438
8,00-0037005,Tommy Tremble,TE,BUF,1.4,3.5333333333333337,2.3333333333333335,0.0,5.55,6,plus_redzone_defense,4.4686
8,00-0037112,Jake Tonges,TE,HOU,7.2,14.450000000000001,9.0,1.0,9.266666666666667,6,plus_redzone_defense,13.8536
8,00-0037348,Tanner Conner,TE,ATL,2.6,3.066666666666667,2.0,0.0,4.316666666666667,6,plus_redzone_defense,4.0406
8,00-0037805,Jeremy Ruckert,TE,CIN,3.4000000000000004,2.266666666666667,1.6666666666666667,0.0,22.271428571428576,7,plus_redzone_defense,4.0748
8,00-0037809,Chig Okonkwo,TE,IND,9.3,6.466666666666668,4.333333333333333,0.3333333333333333,16.042857142857144,7,plus_redzone_defense,7.504
8,00-0038041,Jake Ferguson,TE,DEN,0.0,19.366666666666667,6.333333333333333,2.6666666666666665,11.700000000000001,7,plus_redzone_defense,14.511
8,00-0038115,Daniel Bellinger,TE,PHI,3.1,13.5,4.0,1.0,8.000000000000002,7,plus_redzone_defense,9.306
8,00-0038129,Cade Otton,TE,NO,8.0,11.9,6.666666666666667,0.3333333333333333,13.642857142857142,7,plus_redzone_defense,10.687
8,00-0038547,Luke Schoonmaker,TE,DEN,4.5,1.55,2.0,0.5,11.700000000000001,7,plus_redzone_defense,4.4253
8,00-0038996,Tucker Kraft,TE,PIT,33.3,14.55,6.0,1.5,16.75,6,plus_redzone_defense,12.0355
8,00-0039530,Brevyn Spann-Ford,TE,DEN,1.9,0.39999999999999997,0.3333333333333333,0.0,11.700000000000001,7,plus_redzone_defense,2.2047
8,00-0039847,Theo Johnson,TE,PHI,5.0,13.866666666666667,6.0,1.3333333333333333,8.000000000000002,7,plus_redzone_defense,11.458
8,00-0040126,Colston Loveland,TE,BAL,6.800000000000001,4.25,3.5,1.0,15.200000000000001,6,plus_redzone_defense,6.9566
8,00-0040128,Tyler Warren,TE,TEN,9.3,16.533333333333335,6.333333333333333,2.6666666666666665,12.057142857142859,7,plus_redzone_defense,13.871
8,00-0040584,Gunnar Helm,TE,IND,10.3,6.166666666666667,4.333333333333333,0.6666666666666666,16.042857142857144,7,plus_redzone_defense,7.7854
8,00-0040663,Harold Fannin Jr.,TE,NE,18.4,11.333333333333334,6.333333333333333,0.6666666666666666,16.599999999999998,6,plus_redzone_defense,10.704
8,00-0040736,Mason Taylor,TE,CIN,14.4,7.666666666666667,6.0,1.0,22.271428571428576,7,plus_redzone_defense,10.086
8,00-0036232,Harrison Bryant,TE,SF,0.0,0.75,1.0,0.0,13.028571428571428,7,plus_redzone_defense,2.8949
8,00-0038046,Charlie Kolar,TE,CHI,8.0,1.0,1.0,0.0,14.616666666666667,6,plus_redzone_defense,2.9968
8,00-0040189,Oronde Gadsden II,TE,MIN,18.7,15.200000000000003,6.0,1.6666666666666667,13.033333333333333,6,plus_redzone_defense,12.2554
8,00-0038564,Cameron Latu,TE,NYG,0.0,0.0,0.0,0.0,12.78,7,plus_redzone_defense,1.857
8,00-0038783,Nate Adkins,TE,DAL,0.0,4.766666666666667,2.0,0.3333333333333333,13.12857142857143,7,plus_redzone_defense,5.0282
8,00-0033357,Taysom Hill,TE,TB,2.2,3.186666666666667,4.0,0.6666666666666666,13.542857142857143,7,plus_redzone_defense,6.7453
8,00-0036628,John Bates,TE,KC,3.2,1.7,1.5,0.5,7.771428571428571,7,plus_redzone_defense,3.92
8,00-0037838,Isaiah Likely,TE,CHI,2.8,2.4000000000000004,1.5,0.0,14.616666666666667,6,plus_redzone_defense,3.7474
9,00-0030061,Zach Ertz,TE,SEA,8.600000000000001,11.533333333333333,6.333333333333333,0.6666666666666666,15.4,7,baseline,10.8592
9,00-0030506,Travis Kelce,TE,BUF,10.600000000000001,14.700000000000001,6.0,0.6666666666666666,5.657142857142857,7,baseline,11.3991
9,00-0032392,Austin Hooper,TE,ATL,3.0,5.466666666666666,1.6666666666666667,0.3333333333333333,4.071428571428572,7,baseline,4.8759
9,00-0033090,Hunter Henry,TE,ATL,9.100000000000001,6.8999999999999995,3.0,0.3333333333333333,4.071428571428572,7,baseline,6.5048
9,00-0033110,Tyler Higbee,TE,NO,10.3,9.45,5.0,1.0,12.9375,8,baseline,9.0556
9,00-0033217,Mo Alie-Cox,TE,PIT,0.0,2.1,2.0,0.5,19.52857142857143,7,baseline,4.2822
9,00-0033246,Johnny Mundt,TE,LV,0.0,2.1500000000000004,3.0,0.0,10.92857142857143,7,baseline,5.2284
9,00-0033288,George Kittle,TE,NYG,6.9,7.15,3.5,0.5,13.4075,8,baseline,7.0384
9,00-0033858,Jonnu Smith,TE,IND,5.5,7.1000000000000005,4.666666666666667,1.0,16.4875,8,baseline,8.1132
9,00-0033881,Evan Engram,TE,HOU,0.0,8.9,6.333333333333333,0.6666666666666666,11.014285714285714,7,baseline,10.1516
9,00-0034383,Dalton Schultz,TE,DEN,13.7,11.600000000000001,6.5,0.5,11.037500000000001,8,baseline,11.0325
9,00-0034753,Mark Andrews,TE,MIA,16.6,6.5,6.0,1.5,14.9,8,baseline,9.1957
9,00-0035229,T.J. Hockenson,TE,DET,9.1,7.45,6.0,1.5,13.214285714285714,7,baseline,9.451
9,00-0035644,Noah Fant,TE,CHI,10.8,9.4,3.6666666666666665,0.3333333333333333,14.985714285714286,7,baseline,7.7985
9,00-0035689,Dawson Knox,TE,KC,4.0,5.7,1.5,0.5,8.3,8,baseline,4.7832
9,00-0036040,Juwan Johnson,TE,LA,12.1,8.9,5.666666666666667,0.0,12.085714285714287,7,baseline,9.5297
9,00-0036290,Cole Kmet,TE,CIN,2.0,1.8,1.5,0.0,21.7125,8,baseline,3.7352
9,00-0036637,Noah Gray,TE,BUF,0.0,4.2,2.3333333333333335,0.3333333333333333,5.657142857142857,7,baseline,5.1574
9,00-0036825,Feleipe Franks,TE,NE,0.0,0.1,0.5,0.0,18.814285714285713,7,baseline,2.3456
9,00-0036887,Luke Farrell,TE,NYG,1.9,0.7000000000000001,0.3333333333333333,0.0,13.4075,8,baseline,2.3514
9,00-0036894,Pat Freiermuth,TE,IND,11.7,11.5,3.6666666666666665,0.6666666666666666,16.4875,8,baseline,8.3628
9,00-0036970,Kyle Pitts,TE,NE,7.800000000000001,10.966666666666667,7.666666666666667,0.6666666666666666,18.814285714285713,7,baseline,11.9506
9,00-0037004,Hunter Long,TE,LV,1.6,3.75,3.0,0.0,10.92857142857143,7,baseline,5.6584
9,00-0037005,Tommy Tremble,TE,GB,0.0,3.4333333333333336,2.0,0.0,17.928571428571427,7,baseline,4.6405
9,00-0037292,Andrew Ogletree,TE,PIT,0.0,0.0,0.5,0.0,19.52857142857143,7,baseline,2.3187
9,00-0037348,Tanner Conner,TE,BAL,0.0,2.733333333333334,2.0,0.3333333333333333,14.0,7,baseline,4.4524
9,00-0037744,Trey McBride,TE,DAL,16.5,25.299999999999997,12.0,4.0,12.4375,8,baseline,19.8442
9,00-0037809,Chig Okonkwo,TE,LAC,3.0,6.633333333333334,4.333333333333333,0.3333333333333333,10.525,8,baseline,7.6769
9,00-0038041,Jake Ferguson,TE,ARI,10.0,11.4,3.6666666666666665,2.0,16.157142857142862,7,baseline,8.3359
9,00-0038547,Luke Schoonmaker,TE,ARI,2.4000000000000004,3.15,2.5,1.0,16.157142857142862,7,baseline,5.0308
9,00-0038996,Tucker Kraft,TE,CAR,4.0,20.8,7.0,2.0,15.100000000000001,8,baseline,13.9711
9,00-0039041,Elijah Higgins,TE,DAL,6.0,3.35,1.5,0.0,12.4375,8,baseline,4.1517
9,00-0039065,Sam LaPorta,TE,MIN,21.700000000000003,10.5,4.5,0.5,13.842857142857143,7,baseline,8.8714
9,00-0039066,Michael Mayer,TE,JAX,5.6,9.0,4.5,0.5,14.400000000000002,7,baseline,8.4683
9,00-0039074,Davis Allen,TE,NO,6.7,1.55,1.5,0.0,12.9375,8,baseline,3.668
9,00-0039144,Luke Musgrave,TE,CAR,6.4,1.6,1.5,0.0,15.100000000000001,8,baseline,3.6815
9,00-0039356,Ja'Tavion Sanders,TE,GB,1.5,2.45,2.5,1.0,17.928571428571427,7,baseline,4.8427
9,00-0039530,Brevyn Spann-Ford,TE,ARI,0.0,1.0333333333333332,0.6666666666666666,0.0,16.157142857142862,7,baseline,2.7519
9,00-0039648,David Martin-Robinson,TE,LAC,0.0,3.55,0.5,0.5,10.525,8,baseline,3.2727
9,00-0039793,AJ Barner,TE,WAS,11.5,6.000000000000001,3.5,0.0,14.862499999999999,8,baseline,6.7294
9,00-0039847,Theo Johnson,TE,SF,11.7,8.433333333333334,5.0,0.0,11.950000000000001,8,baseline,8.7824
9,00-0040126,Colston Loveland,TE,CIN,29.8,5.1000000000000005,4.0,1.0,21.7125,8,baseline,6.9539
9,00-0040128,Tyler Warren,TE,PIT,7.6,14.833333333333334,6.333333333333333,1.6666666666666667,19.52857142857143,7,baseline,11.7459
9,00-0040584,Gunnar Helm,TE,LAC,2.5,7.133333333333333,3.6666666666666665,1.0,10.525,8,baseline,7.1894
9,00-0040739,Elijah Arroyo,TE,WAS,10.9,4.8999999999999995,3.5,1.0,14.862499999999999,8,baseline,6.4338
9,00-0036232,Harrison Bryant,TE,DEN,1.2,0.0,0.5,0.0,11.037500000000001,8,baseline,2.3187
9,00-0038558,Darnell Washington,TE,IND,8.3,9.2,5.0,1.5,16.4875,8,baseline,8.9884
9,00-0038046,Charlie Kolar,TE,MIA,10.3,4.0,1.0,0.5,14.9,8,baseline,3.86
9,00-0040189,Oronde Gadsden II,TE,TEN,11.8,20.633333333333336,7.333333333333333,2.0,11.7125,8,baseline,14.2372
9,00-0033357,Taysom Hill,TE,LA,3.0,3.7000000000000006,2.6666666666666665,0.3333333333333333,12.085714285714287,7,baseline,5.334
9,00-0036628,John Bates,TE,SEA,4.0,2.35,1.5,0.5,15.4,7,baseline,3.883
9,00-0037838,Isaiah Likely,TE,MIA,9.0,2.7,2.0,0.5,14.9,8,baseline,4.4434
9,00-0040737,Terrance Ferguson,TE,NO,7.4,5.05,2.0,0.5,12.9375,8,baseline,5.0749
9,00-0034613,Tanner Hudson,TE,CHI,6.2,6.45,3.5,1.5,14.985714285714286,7,baseline,6.8503
9,00-0030061,Zach Ertz,TE,SEA,8.600000000000001,11.533333333333333,6.333333333333333,0.6666666666666666,15.4,7,plus_defense,11.1023
9,00-0030506,Travis Kelce,TE,BUF,10.600000000000001,14.700000000000001,6.0,0.6666666666666666,5.657142857142857,7,plus_defense,10.7299
9,00-0032392,Austin Hooper,TE,ATL,3.0,5.466666666666666,1.6666666666666667,0.3333333333333333,4.071428571428572,7,plus_defense,4.0699
9,00-0033090,Hunter Henry,TE,ATL,9.100000000000001,6.8999999999999995,3.0,0.3333333333333333,4.071428571428572,7,plus_defense,5.6747
9,00-0033110,Tyler Higbee,TE,NO,10.3,9.45,5.0,1.0,12.9375,8,plus_defense,9.0711
9,00-0033217,Mo Alie-Cox,TE,PIT,0.0,2.1,2.0,0.5,19.52857142857143,7,plus_defense,4.951
9,00-0033246,Johnny Mundt,TE,LV,0.0,2.1500000000000004,3.0,0.0,10.92857142857143,7,plus_defense,5.0158
9,00-0033288,George Kittle,TE,NYG,6.9,7.15,3.5,0.5,13.4075,8,plus_defense,7.1187
9,00-0033858,Jonnu Smith,TE,IND,5.5,7.1000000000000005,4.666666666666667,1.0,16.4875,8,plus_defense,8.4603
9,00-0033881,Evan Engram,TE,HOU,0.0,8.9,6.333333333333333,0.6666666666666666,11.014285714285714,7,plus_defense,9.9275
9,00-0034383,Dalton Schultz,TE,DEN,13.7,11.600000000000001,6.5,0.5,11.037500000000001,8,plus_defense,10.8399
9,00-0034753,Mark Andrews,TE,MIA,16.6,6.5,6.0,1.5,14.9,8,plus_defense,9.3359
9,00-0035229,T.J. Hockenson,TE,DET,9.1,7.45,6.0,1.5,13.214285714285714,7,plus_defense,9.4366
9,00-0035644,Noah Fant,TE,CHI,10.8,9.4,3.6666666666666665,0.3333333333333333,14.985714285714286,7,plus_defense,8.0581
9,00-0035689,Dawson Knox,TE,KC,4.0,5.7,1.5,0.5,8.3,8,plus_defense,4.4035
9,00-0036040,Juwan Johnson,TE,LA,12.1,8.9,5.666666666666667,0.0,12.085714285714287,7,plus_defense,9.4328
9,00-0036290,Cole Kmet,TE,CIN,2.0,1.8,1.5,0.0,21.7125,8,plus_defense,4.6319
9,00-0036637,Noah Gray,TE,BUF,0.0,4.2,2.3333333333333335,0.3333333333333333,5.657142857142857,7,plus_defense,4.4709
9,00-0036825,Feleipe Franks,TE,NE,0.0,0.1,0.5,0.0,18.814285714285713,7,plus_defense,2.9659
9,00-0036887,Luke Farrell,TE,NYG,1.9,0.7000000000000001,0.3333333333333333,0.0,13.4075,8,plus_defense,2.45
9,00-0036894,Pat Freiermuth,TE,IND,11.7,11.5,3.6666666666666665,0.6666666666666666,16.4875,8,plus_defense,8.7976
9,00-0036970,Kyle Pitts,TE,NE,7.800000000000001,10.966666666666667,7.666666666666667,0.6666666666666666,18.814285714285713,7,plus_defense,12.4818
9,00-0037004,Hunter Long,TE,LV,1.6,3.75,3.0,0.0,10.92857142857143,7,plus_defense,5.4661
9,00-0037005,Tommy Tremble,TE,GB,0.0,3.4333333333333336,2.0,0.0,17.928571428571427,7,plus_defense,5.168
9,00-0037292,Andrew Ogletree,TE,PIT,0.0,0.0,0.5,0.0,19.52857142857143,7,plus_defense,3.0084
9,00-0037348,Tanner Conner,TE,BAL,0.0,2.733333333333334,2.0,0.3333333333333333,14.0,7,plus_defense,4.5826
9,00-0037744,Trey McBride,TE,DAL,16.5,25.299999999999997,12.0,4.0,12.4375,8,plus_defense,19.7899
9,00-0037809,Chig Okonkwo,TE,LAC,3.0,6.633333333333334,4.333333333333333,0.3333333333333333,10.525,8,plus_defense,7.4391
9,00-0038041,Jake Ferguson,TE,ARI,10.0,11.4,3.6666666666666665,2.0,16.157142857142862,7,plus_defense,8.7368
9,00-0038547,Luke Schoonmaker,TE,ARI,2.4000000000000004,3.15,2.5,1.0,16.157142857142862,7,plus_defense,5.3637
9,00-0038996,Tucker Kraft,TE,CAR,4.0,20.8,7.0,2.0,15.100000000000001,8,plus_defense,14.2814
9,00-0039041,Elijah Higgins,TE,DAL,6.0,3.35,1.5,0.0,12.4375,8,plus_defense,4.1512
9,00-0039065,Sam LaPorta,TE,MIN,21.700000000000003,10.5,4.5,0.5,13.842857142857143,7,plus_defense,9.0056
9,00-0039066,Michael Mayer,TE,JAX,5.6,9.0,4.5,0.5,14.400000000000002,7,plus_defense,8.6385
9,00-0039074,Davis Allen,TE,NO,6.7,1.55,1.5,0.0,12.9375,8,plus_defense,3.694
9,00-0039144,Luke Musgrave,TE,CAR,6.4,1.6,1.5,0.0,15.100000000000001,8,plus_defense,3.9219
9,00-0039356,Ja'Tavion Sanders,TE,GB,1.5,2.45,2.5,1.0,17.928571428571427,7,plus_defense,5.3418
9,00-0039530,Brevyn Spann-Ford,TE,ARI,0.0,1.0333333333333332,0.6666666666666666,0.0,16.157142857142862,7,plus_defense,3.116
9,00-0039648,David Martin-Robinson,TE,LAC,0.0,3.55,0.5,0.5,10.525,8,plus_defense,3.1173
9,00-0039793,AJ Barner,TE,WAS,11.5,6.000000000000001,3.5,0.0,14.862499999999999,8,plus_defense,6.9388
9,00-0039847,Theo Johnson,TE,SF,11.7,8.433333333333334,5.0,0.0,11.950000000000001,8,plus_defense,8.6873
9,00-0040126,Colston Loveland,TE,CIN,29.8,5.1000000000000005,4.0,1.0,21.7125,8,plus_defense,7.8133
9,00-0040128,Tyler Warren,TE,PIT,7.6,14.833333333333334,6.333333333333333,1.6666666666666667,19.52857142857143,7,plus_defense,12.4392
9,00-0040584,Gunnar Helm,TE,LAC,2.5,7.133333333333333,3.6666666666666665,1.0,10.525,8,plus_defense,6.9791
9,00-0040739,Elijah Arroyo,TE,WAS,10.9,4.8999999999999995,3.5,1.0,14.862499999999999,8,plus_defense,6.6293
9,00-0036232,Harrison Bryant,TE,DEN,1.2,0.0,0.5,0.0,11.037500000000001,8,plus_defense,2.1689
9,00-0038558,Darnell Washington,TE,IND,8.3,9.2,5.0,1.5,16.4875,8,plus_defense,9.3517
9,00-0038046,Charlie Kolar,TE,MIA,10.3,4.0,1.0,0.5,14.9,8,plus_defense,4.127
9,00-0040189,Oronde Gadsden II,TE,TEN,11.8,20.633333333333336,7.333333333333333,2.0,11.7125,8,plus_defense,14.1999
9,00-0033357,Taysom Hill,TE,LA,3.0,3.7000000000000006,2.6666666666666665,0.3333333333333333,12.085714285714287,7,plus_defense,5.2661
9,00-0036628,John Bates,TE,SEA,4.0,2.35,1.5,0.5,15.4,7,plus_defense,4.1626
9,00-0037838,Isaiah Likely,TE,MIA,9.0,2.7,2.0,0.5,14.9,8,plus_defense,4.6622
9,00-0040737,Terrance Ferguson,TE,NO,7.4,5.05,2.0,0.5,12.9375,8,plus_defense,5.1296
9,00-0034613,Tanner Hudson,TE,CHI,6.2,6.45,3.5,1.5,14.985714285714286,7,plus_defense,7.0777
9,00-0030061,Zach Ertz,TE,SEA,8.600000000000001,11.533333333333333,6.333333333333333,0.6666666666666666,15.4,7,plus_redzone_defense,10.8337
9,00-0030506,Travis Kelce,TE,BUF,10.600000000000001,14.700000000000001,6.0,0.6666666666666666,5.657142857142857,7,plus_redzone_defense,10.3397
9,00-0032392,Austin Hooper,TE,ATL,3.0,5.466666666666666,1.6666666666666667,0.3333333333333333,4.071428571428572,7,plus_redzone_defense,3.9885
9,00-0033090,Hunter Henry,TE,ATL,9.100000000000001,6.8999999999999995,3.0,0.3333333333333333,4.071428571428572,7,plus_redzone_defense,5.4981
9,00-0033110,Tyler Higbee,TE,NO,10.3,9.45,5.0,1.0,12.9375,8,plus_redzone_defense,9.1577
9,00-0033217,Mo Alie-Cox,TE,PIT,0.0,2.1,2.0,0.5,19.52857142857143,7,plus_redzone_defense,5.0989
9,00-0033246,Johnny Mundt,TE,LV,0.0,2.1500000000000004,3.0,0.0,10.92857142857143,7,plus_redzone_defense,4.8269
9,00-0033288,George Kittle,TE,NYG,6.9,7.15,3.5,0.5,13.4075,8,plus_redzone_defense,7.0096
9,00-0033858,Jonnu Smith,TE,IND,5.5,7.1000000000000005,4.666666666666667,1.0,16.4875,8,plus_redzone_defense,8.6575
9,00-0033881,Evan Engram,TE,HOU,0.0,8.9,6.333333333333333,0.6666666666666666,11.014285714285714,7,plus_redzone_defense,9.7951
9,00-0034383,Dalton Schultz,TE,DEN,13.7,11.600000000000001,6.5,0.5,11.037500000000001,8,plus_redzone_defense,10.4636
9,00-0034753,Mark Andrews,TE,MIA,16.6,6.5,6.0,1.5,14.9,8,plus_redzone_defense,9.8733
9,00-0035229,T.J. Hockenson,TE,DET,9.1,7.45,6.0,1.5,13.214285714285714,7,plus_redzone_defense,9.9326
9,00-0035644,Noah Fant,TE,CHI,10.8,9.4,3.6666666666666665,0.3333333333333333,14.985714285714286,7,plus_redzone_defense,7.723
9,00-0035689,Dawson Knox,TE,KC,4.0,5.7,1.5,0.5,8.3,8,plus_redzone_defense,4.4159
9,00-0036040,Juwan Johnson,TE,LA,12.1,8.9,5.666666666666667,0.0,12.085714285714287,7,plus_redzone_defense,8.8651
9,00-0036290,Cole Kmet,TE,CIN,2.0,1.8,1.5,0.0,21.7125,8,plus_redzone_defense,4.4645
9,00-0036637,Noah Gray,TE,BUF,0.0,4.2,2.3333333333333335,0.3333333333333333,5.657142857142857,7,plus_redzone_defense,4.4329
9,00-0036825,Feleipe Franks,TE,NE,0.0,0.1,0.5,0.0,18.814285714285713,7,plus_redzone_defense,2.9066
9,00-0036887,Luke Farrell,TE,NYG,1.9,0.7000000000000001,0.3333333333333333,0.0,13.4075,8,plus_redzone_defense,2.3781
9,00-0036894,Pat Freiermuth,TE,IND,11.7,11.5,3.6666666666666665,0.6666666666666666,16.4875,8,plus_redzone_defense,8.5817
9,00-0036970,Kyle Pitts,TE,NE,7.800000000000001,10.966666666666667,7.666666666666667,0.6666666666666666,18.814285714285713,7,plus_redzone_defense,12.2055
9,00-0037004,Hunter Long,TE,LV,1.6,3.75,3.0,0.0,10.92857142857143,7,plus_redzone_defense,5.2008
9,00-0037005,Tommy Tremble,TE,GB,0.0,3.4333333333333336,2.0,0.0,17.928571428571427,7,plus_redzone_defense,4.9214
9,00-0037292,Andrew Ogletree,TE,PIT,0.0,0.0,0.5,0.0,19.52857142857143,7,plus_redzone_defense,2.9521
9,00-0037348,Tanner Conner,TE,BAL,0.0,2.733333333333334,2.0,0.3333333333333333,14.0,7,plus_redzone_defense,4.6017
9,00-0037744,Trey McBride,TE,DAL,16.5,25.299999999999997,12.0,4.0,12.4375,8,plus_redzone_defense,20.9874
9,00-0037809,Chig Okonkwo,TE,LAC,3.0,6.633333333333334,4.333333333333333,0.3333333333333333,10.525,8,plus_redzone_defense,7.2332
9,00-0038041,Jake Ferguson,TE,ARI,10.0,11.4,3.6666666666666665,2.0,16.157142857142862,7,plus_redzone_defense,9.4187
9,00-0038547,Luke Schoonmaker,TE,ARI,2.4000000000000004,3.15,2.5,1.0,16.157142857142862,7,plus_redzone_defense,5.7939
9,00-0038996,Tucker Kraft,TE,CAR,4.0,20.8,7.0,2.0,15.100000000000001,8,plus_redzone_defense,14.4497
9,00-0039041,Elijah Higgins,TE,DAL,6.0,3.35,1.5,0.0,12.4375,8,plus_redzone_defense,3.9315
9,00-0039065,Sam LaPorta,TE,MIN,21.700000000000003,10.5,4.5,0.5,13.842857142857143,7,plus_redzone_defense,8.7154
9,00-0039066,Michael Mayer,TE,JAX,5.6,9.0,4.5,0.5,14.400000000000002,7,plus_redzone_defense,8.4186
9,00-0039074,Davis Allen,TE,NO,6.7,1.55,1.5,0.0,12.9375,8,plus_redzone_defense,3.5591
9,00-0039144,Luke Musgrave,TE,CAR,6.4,1.6,1.5,0.0,15.100000000000001,8,plus_redzone_defense,3.7795
9,00-0039356,Ja'Tavion Sanders,TE,GB,1.5,2.45,2.5,1.0,17.928571428571427,7,plus_redzone_defense,5.8013
9,00-0039530,Brevyn Spann-Ford,TE,ARI,0.0,1.0333333333333332,0.6666666666666666,0.0,16.157142857142862,7,plus_redzone_defense,3.015
9,00-0039648,David Martin-Robinson,TE,LAC,0.0,3.55,0.5,0.5,10.525,8,plus_redzone_defense,3.2473
9,00-0039793,AJ Barner,TE,WAS,11.5,6.000000000000001,3.5,0.0,14.862499999999999,8,plus_redzone_defense,6.5467
9,00-0039847,Theo Johnson,TE,SF,11.7,8.433333333333334,5.0,0.0,11.950000000000001,8,plus_redzone_defense,8.1556
9,00-0040126,Colston Loveland,TE,CIN,29.8,5.1000000000000005,4.0,1.0,21.7125,8,plus_redzone_defense,8.1072
9,00-0040128,Tyler Warren,TE,PIT,7.6,14.833333333333334,6.333333333333333,1.6666666666666667,19.52857142857143,7,plus_redzone_defense,12.6725
9,00-0040584,Gunnar Helm,TE,LAC,2.5,7.133333333333333,3.6666666666666665,1.0,10.525,8,plus_redzone_defense,7.2089
9,00-0040739,Elijah Arroyo,TE,WAS,10.9,4.8999999999999995,3.5,1.0,14.862499999999999,8,plus_redzone_defense,6.9588
9,00-0036232,Harrison Bryant,TE,DEN,1.2,0.0,0.5,0.0,11.037500000000001,8,plus_redzone_defense,2.1326
9,00-0038558,Darnell Washington,TE,IND,8.3,9.2,5.0,1.5,16.4875,8,plus_redzone_defense,9.7765
9,00-0038046,Charlie Kolar,TE,MIA,10.3,4.0,1.0,0.5,14.9,8,plus_redzone_defense,4.2152
9,00-0040189,Oronde Gadsden II,TE,TEN,11.8,20.633333333333336,7.333333333333333,2.0,11.7125,8,plus_redzone_defense,14.3775
9,00-0033357,Taysom Hill,TE,LA,3.0,3.7000000000000006,2.6666666666666665,0.3333333333333333,12.085714285714287,7,plus_redzone_defense,5.2302
9,00-0036628,John Bates,TE,SEA,4.0,2.35,1.5,0.5,15.4,7,plus_redzone_defense,4.3183
9,00-0037838,Isaiah Likely,TE,MIA,9.0,2.7,2.0,0.5,14.9,8,plus_redzone_defense,4.7923
9,00-0040737,Terrance Ferguson,TE,NO,7.4,5.05,2.0,0.5,12.9375,8,plus_redzone_defense,5.1521
9,00-0034613,Tanner Hudson,TE,CHI,6.2,6.45,3.5,1.5,14.985714285714286,7,plus_redzone_defense,7.6675
10,00-0030061,Zach Ertz,TE,DET,9.4,8.966666666666667,5.666666666666667,0.3333333333333333,12.7,8,baseline,9.4842
10,00-0032392,Austin Hooper,TE,TB,0.0,5.966666666666666,1.6666666666666667,0.3333333333333333,13.412500000000001,8,baseline,4.9458
10,00-0033090,Hunter Henry,TE,TB,1.9,8.033333333333333,4.0,0.3333333333333333,13.412500000000001,8,baseline,7.6699
10,00-0033110,Tyler Higbee,TE,SF,6.300000000000001,7.6000000000000005,5.0,1.5,11.922222222222224,9,baseline,8.5178
10,00-0033217,Mo Alie-Cox,TE,ATL,0.0,0.8,1.5,1.0,5.075,8,baseline,3.5351
10,00-0033246,Johnny Mundt,TE,HOU,3.1,0.95,2.0,0.0,10.2,8,baseline,4.0479
10,00-0033288,George Kittle,TE,LA,23.4,7.066666666666667,4.0,1.0,12.4625,8,baseline,7.4357
10,00-0033858,Jonnu Smith,TE,LAC,1.4,7.0,4.666666666666667,1.3333333333333333,9.966666666666667,9,baseline,8.0548
10,00-0033881,Evan Engram,TE,LV,3.2,5.599999999999999,5.0,0.6666666666666666,9.762500000000001,8,baseline,8.0333
10,00-0034351,Dallas Goedert,TE,GB,8.3,11.3,3.0,1.0,15.875,8,baseline,7.5085
10,00-0034383,Dalton Schultz,TE,JAX,18.3,12.300000000000002,7.0,0.3333333333333333,18.950000000000003,8,baseline,11.5624
10,00-0034753,Mark Andrews,TE,MIN,10.4,11.5,4.0,2.0,15.087499999999999,8,baseline,8.5098
10,00-0035229,T.J. Hockenson,TE,BAL,2.8,8.0,5.0,1.3333333333333333,13.4875,8,baseline,8.6147
10,00-0035689,Dawson Knox,TE,MIA,6.7,3.25,1.0,0.0,17.233333333333334,9,baseline,3.6523
10,00-0036040,Juwan Johnson,TE,CAR,19.200000000000003,11.766666666666667,6.333333333333333,0.3333333333333333,14.57777777777778,9,baseline,10.7979
10,00-0036244,Colby Parkinson,TE,SF,14.100000000000001,5.35,2.5,1.0,11.922222222222224,9,baseline,5.5904
10,00-0036290,Cole Kmet,TE,NYG,1.5,2.3,2.0,0.0,12.895555555555555,9,baseline,4.375
10,00-0036422,Adam Trautman,TE,LV,1.2,2.25,1.0,0.0,9.762500000000001,8,baseline,3.41
10,00-0036825,Feleipe Franks,TE,IND,0.0,0.0,0.0,0.0,17.48888888888889,9,baseline,1.912
10,00-0036887,Luke Farrell,TE,LA,9.5,1.3333333333333333,0.6666666666666666,0.0,12.4625,8,baseline,2.8703
10,00-0036894,Pat Freiermuth,TE,LAC,6.300000000000001,14.699999999999998,4.666666666666667,1.3333333333333333,9.966666666666667,9,baseline,9.9204
10,00-0036970,Kyle Pitts,TE,IND,5.800000000000001,11.966666666666669,8.666666666666666,0.6666666666666666,17.48888888888889,9,baseline,13.0698
10,00-0037292,Andrew Ogletree,TE,ATL,0.0,0.0,0.3333333333333333,0.0,5.075,8,baseline,2.2296
10,00-0037744,Trey McBride,TE,SEA,27.700000000000003,22.95,11.0,3.0,15.05,8,baseline,17.9543
10,00-0037805,Jeremy Ruckert,TE,CLE,1.0,1.7000000000000002,1.0,0.0,11.9,8,baseline,3.2767
10,00-0038115,Daniel Bellinger,TE,CHI,1.8,10.450000000000001,2.5,0.5,15.2375,8,baseline,6.8261
10,00-0038129,Cade Otton,TE,NE,17.200000000000003,10.75,7.0,0.5,17.4375,8,baseline,11.1868
10,00-0038933,Dalton Kincaid,TE,MIA,5.7,12.700000000000001,4.5,0.0,17.233333333333334,9,baseline,9.277
10,00-0039041,Elijah Higgins,TE,SEA,3.9000000000000004,3.65,2.0,0.0,15.05,8,baseline,4.7021
10,00-0039065,Sam LaPorta,TE,WAS,10.3,13.100000000000001,5.5,0.0,15.699999999999998,9,baseline,10.3268
10,00-0039066,Michael Mayer,TE,DEN,5.2,3.8,4.5,0.5,11.466666666666669,9,baseline,7.1207
10,00-0039074,Davis Allen,TE,SF,8.8,4.05,2.5,1.0,11.922222222222224,9,baseline,5.2755
10,00-0039144,Luke Musgrave,TE,PHI,5.300000000000001,3.95,2.0,0.0,8.012500000000001,8,baseline,4.7748
10,00-0039356,Ja'Tavion Sanders,TE,NO,8.2,2.1333333333333333,2.0,1.0,14.544444444444444,9,baseline,4.3346
10,00-0039793,AJ Barner,TE,ARI,0.30000000000000004,6.7,4.5,1.0,15.6875,8,baseline,7.8233
10,00-0039847,Theo Johnson,TE,CHI,14.5,10.766666666666666,5.666666666666667,0.3333333333333333,15.2375,8,baseline,9.9203
10,00-0040126,Colston Loveland,TE,NYG,9.5,14.0,5.333333333333333,1.3333333333333333,12.895555555555555,9,baseline,10.3861
10,00-0040128,Tyler Warren,TE,ATL,17.9,11.266666666666666,5.666666666666667,1.6666666666666667,5.075,8,baseline,10.0415
10,00-0040194,Jackson Hawes,TE,MIA,9.6,3.15,2.5,0.5,17.233333333333334,9,baseline,5.0574
10,00-0040663,Harold Fannin Jr.,TE,NYJ,8.4,13.0,7.0,1.0,13.975000000000001,8,baseline,11.732
10,00-0040736,Mason Taylor,TE,CLE,1.4,10.25,6.5,2.5,11.9,8,baseline,10.5892
10,00-0040739,Elijah Arroyo,TE,ARI,1.5,9.55,3.5,1.0,15.6875,8,baseline,7.5609
10,00-0036754,Brock Wright,TE,WAS,0.0,3.7,2.0,0.0,15.699999999999998,9,baseline,4.7142
10,00-0038558,Darnell Washington,TE,LAC,2.5,8.75,5.5,3.0,9.966666666666667,9,baseline,9.2729
10,00-0040509,Ben Yurosek,TE,BAL,0.0,0.75,1.0,0.0,13.4875,8,baseline,3.0466
10,00-0038046,Charlie Kolar,TE,MIN,3.3000000000000003,9.15,1.5,1.0,15.087499999999999,8,baseline,5.5582
10,00-0040189,Oronde Gadsden II,TE,PIT,4.3,19.96666666666667,6.333333333333333,1.3333333333333333,18.037499999999998,8,baseline,12.7846
10,00-0033357,Taysom Hill,TE,CAR,2.0,2.6666666666666665,4.0,0.6666666666666666,14.57777777777778,9,baseline,6.3697
10,00-0036628,John Bates,TE,DET,1.6,2.9,2.3333333333333335,0.3333333333333333,12.7,8,baseline,4.838
10,00-0037838,Isaiah Likely,TE,MIN,3.7,5.9,3.0,1.0,15.087499999999999,8,baseline,6.2001
10,00-0040737,Terrance Ferguson,TE,SF,4.2,8.75,3.0,0.0,11.922222222222224,9,baseline,6.8906
10,00-0030061,Zach Ertz,TE,DET,9.4,8.966666666666667,5.666666666666667,0.3333333333333333,12.7,8,plus_defense,9.4212
10,00-0032392,Austin Hooper,TE,TB,0.0,5.966666666666666,1.6666666666666667,0.3333333333333333,13.412500000000001,8,plus_defense,5.07
10,00-0033090,Hunter Henry,TE,TB,1.9,8.033333333333333,4.0,0.3333333333333333,13.412500000000001,8,plus_defense,7.7388
10,00-0033110,Tyler Higbee,TE,SF,6.300000000000001,7.6000000000000005,5.0,1.5,11.922222222222224,9,plus_defense,8.3667
10,00-0033217,Mo Alie-Cox,TE,ATL,0.0,0.8,1.5,1.0,5.075,8,plus_defense,2.6067
10,00-0033246,Johnny Mundt,TE,HOU,3.1,0.95,2.0,0.0,10.2,8,plus_defense,3.6981
10,00-0033288,George Kittle,TE,LA,23.4,7.066666666666667,4.0,1.0,12.4625,8,plus_defense,7.3773
10,00-0033858,Jonnu Smith,TE,LAC,1.4,7.0,4.666666666666667,1.3333333333333333,9.966666666666667,9,plus_defense,7.679
10,00-0033881,Evan Engram,TE,LV,3.2,5.599999999999999,5.0,0.6666666666666666,9.762500000000001,8,plus_defense,7.5962
10,00-0034351,Dallas Goedert,TE,GB,8.3,11.3,3.0,1.0,15.875,8,plus_defense,7.9597
10,00-0034383,Dalton Schultz,TE,JAX,18.3,12.300000000000002,7.0,0.3333333333333333,18.950000000000003,8,plus_defense,12.2317
10,00-0034753,Mark Andrews,TE,MIN,10.4,11.5,4.0,2.0,15.087499999999999,8,plus_defense,8.8339
10,00-0035229,T.J. Hockenson,TE,BAL,2.8,8.0,5.0,1.3333333333333333,13.4875,8,plus_defense,8.6525
10,00-0035689,Dawson Knox,TE,MIA,6.7,3.25,1.0,0.0,17.233333333333334,9,plus_defense,4.1992
10,00-0036040,Juwan Johnson,TE,CAR,19.200000000000003,11.766666666666667,6.333333333333333,0.3333333333333333,14.57777777777778,9,plus_defense,10.9759
10,00-0036244,Colby Parkinson,TE,SF,14.100000000000001,5.35,2.5,1.0,11.922222222222224,9,plus_defense,5.498
10,00-0036290,Cole Kmet,TE,NYG,1.5,2.3,2.0,0.0,12.895555555555555,9,plus_defense,4.3621
10,00-0036422,Adam Trautman,TE,LV,1.2,2.25,1.0,0.0,9.762500000000001,8,plus_defense,3.0712
10,00-0036825,Feleipe Franks,TE,IND,0.0,0.0,0.0,0.0,17.48888888888889,9,plus_defense,2.4711
10,00-0036887,Luke Farrell,TE,LA,9.5,1.3333333333333333,0.6666666666666666,0.0,12.4625,8,plus_defense,2.8424
10,00-0036894,Pat Freiermuth,TE,LAC,6.300000000000001,14.699999999999998,4.666666666666667,1.3333333333333333,9.966666666666667,9,plus_defense,9.679
10,00-0036970,Kyle Pitts,TE,IND,5.800000000000001,11.966666666666669,8.666666666666666,0.6666666666666666,17.48888888888889,9,plus_defense,13.4982
10,00-0037292,Andrew Ogletree,TE,ATL,0.0,0.0,0.3333333333333333,0.0,5.075,8,plus_defense,1.3329
10,00-0037744,Trey McBride,TE,SEA,27.700000000000003,22.95,11.0,3.0,15.05,8,plus_defense,18.1995
10,00-0037805,Jeremy Ruckert,TE,CLE,1.0,1.7000000000000002,1.0,0.0,11.9,8,plus_defense,3.1768
10,00-0038115,Daniel Bellinger,TE,CHI,1.8,10.450000000000001,2.5,0.5,15.2375,8,plus_defense,7.208
10,00-0038129,Cade Otton,TE,NE,17.200000000000003,10.75,7.0,0.5,17.4375,8,plus_defense,11.6533
10,00-0038933,Dalton Kincaid,TE,MIA,5.7,12.700000000000001,4.5,0.0,17.233333333333334,9,plus_defense,9.8518
10,00-0039041,Elijah Higgins,TE,SEA,3.9000000000000004,3.65,2.0,0.0,15.05,8,plus_defense,4.9631
10,00-0039065,Sam LaPorta,TE,WAS,10.3,13.100000000000001,5.5,0.0,15.699999999999998,9,plus_defense,10.6912
10,00-0039066,Michael Mayer,TE,DEN,5.2,3.8,4.5,0.5,11.466666666666669,9,plus_defense,6.8699
10,00-0039074,Davis Allen,TE,SF,8.8,4.05,2.5,1.0,11.922222222222224,9,plus_defense,5.1603
10,00-0039144,Luke Musgrave,TE,PHI,5.300000000000001,3.95,2.0,0.0,8.012500000000001,8,plus_defense,4.2231
10,00-0039356,Ja'Tavion Sanders,TE,NO,8.2,2.1333333333333333,2.0,1.0,14.544444444444444,9,plus_defense,4.5104
10,00-0039793,AJ Barner,TE,ARI,0.30000000000000004,6.7,4.5,1.0,15.6875,8,plus_defense,8.1137
10,00-0039847,Theo Johnson,TE,CHI,14.5,10.766666666666666,5.666666666666667,0.3333333333333333,15.2375,8,plus_defense,10.1837
10,00-0040126,Colston Loveland,TE,NYG,9.5,14.0,5.333333333333333,1.3333333333333333,12.895555555555555,9,plus_defense,10.4467
10,00-0040128,Tyler Warren,TE,ATL,17.9,11.266666666666666,5.666666666666667,1.6666666666666667,5.075,8,plus_defense,9.1324
10,00-0040194,Jackson Hawes,TE,MIA,9.6,3.15,2.5,0.5,17.233333333333334,9,plus_defense,5.5438
10,00-0040663,Harold Fannin Jr.,TE,NYJ,8.4,13.0,7.0,1.0,13.975000000000001,8,plus_defense,11.8353
10,00-0040736,Mason Taylor,TE,CLE,1.4,10.25,6.5,2.5,11.9,8,plus_defense,10.423
10,00-0040739,Elijah Arroyo,TE,ARI,1.5,9.55,3.5,1.0,15.6875,8,plus_defense,7.9402
10,00-0036754,Brock Wright,TE,WAS,0.0,3.7,2.0,0.0,15.699999999999998,9,plus_defense,5.0516
10,00-0038558,Darnell Washington,TE,LAC,2.5,8.75,5.5,3.0,9.966666666666667,9,plus_defense,8.895
10,00-0040509,Ben Yurosek,TE,BAL,0.0,0.75,1.0,0.0,13.4875,8,plus_defense,3.1146
10,00-0038046,Charlie Kolar,TE,MIN,3.3000000000000003,9.15,1.5,1.0,15.087499999999999,8,plus_defense,5.9392
10,00-0040189,Oronde Gadsden II,TE,PIT,4.3,19.96666666666667,6.333333333333333,1.3333333333333333,18.037499999999998,8,plus_defense,13.5078
10,00-0033357,Taysom Hill,TE,CAR,2.0,2.6666666666666665,4.0,0.6666666666666666,14.57777777777778,9,plus_defense,6.4802
10,00-0036628,John Bates,TE,DET,1.6,2.9,2.3333333333333335,0.3333333333333333,12.7,8,plus_defense,4.7998
10,00-0037838,Isaiah Likely,TE,MIN,3.7,5.9,3.0,1.0,15.087499999999999,8,plus_defense,6.4656
10,00-0040737,Terrance Ferguson,TE,SF,4.2,8.75,3.0,0.0,11.922222222222224,9,plus_defense,6.838
10,00-0030061,Zach Ertz,TE,DET,9.4,8.966666666666667,5.666666666666667,0.3333333333333333,12.7,8,plus_redzone_defense,9.1822
10,00-0032392,Austin Hooper,TE,TB,0.0,5.966666666666666,1.6666666666666667,0.3333333333333333,13.412500000000001,8,plus_redzone_defense,4.9849
10,00-0033090,Hunter Henry,TE,TB,1.9,8.033333333333333,4.0,0.3333333333333333,13.412500000000001,8,plus_redzone_defense,7.5518
10,00-0033110,Tyler Higbee,TE,SF,6.300000000000001,7.6000000000000005,5.0,1.5,11.922222222222224,9,plus_redzone_defense,8.7046
10,00-0033217,Mo Alie-Cox,TE,ATL,0.0,0.8,1.5,1.0,5.075,8,plus_redzone_defense,3.0235
10,00-0033246,Johnny Mundt,TE,HOU,3.1,0.95,2.0,0.0,10.2,8,plus_redzone_defense,3.6383
10,00-0033288,George Kittle,TE,LA,23.4,7.066666666666667,4.0,1.0,12.4625,8,plus_redzone_defense,7.5226
10,00-0033858,Jonnu Smith,TE,LAC,1.4,7.0,4.666666666666667,1.3333333333333333,9.966666666666667,9,plus_redzone_defense,7.9748
10,00-0033881,Evan Engram,TE,LV,3.2,5.599999999999999,5.0,0.6666666666666666,9.762500000000001,8,plus_redzone_defense,7.6377
10,00-0034351,Dallas Goedert,TE,GB,8.3,11.3,3.0,1.0,15.875,8,plus_redzone_defense,7.9662
10,00-0034383,Dalton Schultz,TE,JAX,18.3,12.300000000000002,7.0,0.3333333333333333,18.950000000000003,8,plus_redzone_defense,11.8394
10,00-0034753,Mark Andrews,TE,MIN,10.4,11.5,4.0,2.0,15.087499999999999,8,plus_redzone_defense,9.2674
10,00-0035229,T.J. Hockenson,TE,BAL,2.8,8.0,5.0,1.3333333333333333,13.4875,8,plus_redzone_defense,8.897
10,00-0035689,Dawson Knox,TE,MIA,6.7,3.25,1.0,0.0,17.233333333333334,9,plus_redzone_defense,4.0509
10,00-0036040,Juwan Johnson,TE,CAR,19.200000000000003,11.766666666666667,6.333333333333333,0.3333333333333333,14.57777777777778,9,plus_redzone_defense,10.6274
10,00-0036244,Colby Parkinson,TE,SF,14.100000000000001,5.35,2.5,1.0,11.922222222222224,9,plus_redzone_defense,5.7238
10,00-0036290,Cole Kmet,TE,NYG,1.5,2.3,2.0,0.0,12.895555555555555,9,plus_redzone_defense,4.2473
10,00-0036422,Adam Trautman,TE,LV,1.2,2.25,1.0,0.0,9.762500000000001,8,plus_redzone_defense,2.9844
10,00-0036825,Feleipe Franks,TE,IND,0.0,0.0,0.0,0.0,17.48888888888889,9,plus_redzone_defense,2.4437
10,00-0036887,Luke Farrell,TE,LA,9.5,1.3333333333333333,0.6666666666666666,0.0,12.4625,8,plus_redzone_defense,2.7804
10,00-0036894,Pat Freiermuth,TE,LAC,6.300000000000001,14.699999999999998,4.666666666666667,1.3333333333333333,9.966666666666667,9,plus_redzone_defense,9.7199
10,00-0036970,Kyle Pitts,TE,IND,5.800000000000001,11.966666666666669,8.666666666666666,0.6666666666666666,17.48888888888889,9,plus_redzone_defense,13.2468
10,00-0037292,Andrew Ogletree,TE,ATL,0.0,0.0,0.3333333333333333,0.0,5.075,8,plus_redzone_defense,1.348
10,00-0037744,Trey McBride,TE,SEA,27.700000000000003,22.95,11.0,3.0,15.05,8,plus_redzone_defense,18.5986
10,00-0037805,Jeremy Ruckert,TE,CLE,1.0,1.7000000000000002,1.0,0.0,11.9,8,plus_redzone_defense,3.1001
10,00-0038115,Daniel Bellinger,TE,CHI,1.8,10.450000000000001,2.5,0.5,15.2375,8,plus_redzone_defense,7.0298
10,00-0038129,Cade Otton,TE,NE,17.200000000000003,10.75,7.0,0.5,17.4375,8,plus_redzone_defense,11.3922
10,00-0038933,Dalton Kincaid,TE,MIA,5.7,12.700000000000001,4.5,0.0,17.233333333333334,9,plus_redzone_defense,9.3403
10,00-0039041,Elijah Higgins,TE,SEA,3.9000000000000004,3.65,2.0,0.0,15.05,8,plus_redzone_defense,4.7954
10,00-0039065,Sam LaPorta,TE,WAS,10.3,13.100000000000001,5.5,0.0,15.699999999999998,9,plus_redzone_defense,10.158
10,00-0039066,Michael Mayer,TE,DEN,5.2,3.8,4.5,0.5,11.466666666666669,9,plus_redzone_defense,6.8975
10,00-0039074,Davis Allen,TE,SF,8.8,4.05,2.5,1.0,11.922222222222224,9,plus_redzone_defense,5.4291
10,00-0039144,Luke Musgrave,TE,PHI,5.300000000000001,3.95,2.0,0.0,8.012500000000001,8,plus_redzone_defense,4.0723
10,00-0039356,Ja'Tavion Sanders,TE,NO,8.2,2.1333333333333333,2.0,1.0,14.544444444444444,9,plus_redzone_defense,4.8398
10,00-0039793,AJ Barner,TE,ARI,0.30000000000000004,6.7,4.5,1.0,15.6875,8,plus_redzone_defense,8.2517
10,00-0039847,Theo Johnson,TE,CHI,14.5,10.766666666666666,5.666666666666667,0.3333333333333333,15.2375,8,plus_redzone_defense,9.8754
10,00-0040126,Colston Loveland,TE,NYG,9.5,14.0,5.333333333333333,1.3333333333333333,12.895555555555555,9,plus_redzone_defense,10.4901
10,00-0040128,Tyler Warren,TE,ATL,17.9,11.266666666666666,5.666666666666667,1.6666666666666667,5.075,8,plus_redzone_defense,9.4396
10,00-0040194,Jackson Hawes,TE,MIA,9.6,3.15,2.5,0.5,17.233333333333334,9,plus_redzone_defense,5.5997
10,00-0040663,Harold Fannin Jr.,TE,NYJ,8.4,13.0,7.0,1.0,13.975000000000001,8,plus_redzone_defense,11.7354
10,00-0040736,Mason Taylor,TE,CLE,1.4,10.25,6.5,2.5,11.9,8,plus_redzone_defense,11.0966
10,00-0040739,Elijah Arroyo,TE,ARI,1.5,9.55,3.5,1.0,15.6875,8,plus_redzone_defense,7.9982
10,00-0036754,Brock Wright,TE,WAS,0.0,3.7,2.0,0.0,15.699999999999998,9,plus_redzone_defense,4.8798
10,00-0038558,Darnell Washington,TE,LAC,2.5,8.75,5.5,3.0,9.966666666666667,9,plus_redzone_defense,9.8625
10,00-0040509,Ben Yurosek,TE,BAL,0.0,0.75,1.0,0.0,13.4875,8,plus_redzone_defense,3.0632
10,00-0038046,Charlie Kolar,TE,MIN,3.3000000000000003,9.15,1.5,1.0,15.087499999999999,8,plus_redzone_defense,6.0414
10,00-0040189,Oronde Gadsden II,TE,PIT,4.3,19.96666666666667,6.333333333333333,1.3333333333333333,18.037499999999998,8,plus_redzone_defense,13.3197
10,00-0033357,Taysom Hill,TE,CAR,2.0,2.6666666666666665,4.0,0.6666666666666666,14.57777777777778,9,plus_redzone_defense,6.6149
10,00-0036628,John Bates,TE,DET,1.6,2.9,2.3333333333333335,0.3333333333333333,12.7,8,plus_redzone_defense,4.8094
10,00-0037838,Isaiah Likely,TE,MIN,3.7,5.9,3.0,1.0,15.087499999999999,8,plus_redzone_defense,6.6539
10,00-0040737,Terrance Ferguson,TE,SF,4.2,8.75,3.0,0.0,11.922222222222224,9,plus_redzone_defense,6.499
11,00-0030061,Zach Ertz,TE,MIA,8.2,7.866666666666667,5.0,0.3333333333333333,17.71,10,baseline,8.5055
11,00-0030506,Travis Kelce,TE,DEN,24.1,16.25,6.5,1.5,11.210000000000003,10,baseline,11.9681
11,00-0033090,Hunter Henry,TE,NYJ,8.5,6.233333333333333,3.6666666666666665,0.6666666666666666,14.47777777777778,9,baseline,6.8079
11,00-0033110,Tyler Higbee,TE,SEA,3.3000000000000003,8.3,3.5,1.0,16.88888888888889,9,baseline,7.1345
11,00-0033246,Johnny Mundt,TE,LAC,4.5,1.55,1.0,0.0,9.99,10,baseline,3.0767
11,00-0033288,George Kittle,TE,ARI,24.7,14.866666666666667,6.333333333333333,2.3333333333333335,14.144444444444444,9,baseline,11.4762
11,00-0033858,Jonnu Smith,TE,CIN,0.0,3.533333333333333,3.3333333333333335,0.6666666666666666,22.833333333333332,9,baseline,5.8398
11,00-0033881,Evan Engram,TE,KC,7.300000000000001,3.6,4.0,1.0,10.58888888888889,9,baseline,6.5107
11,00-0033885,David Njoku,TE,BAL,1.7000000000000002,11.899999999999999,3.5,1.0,12.3,9,baseline,7.9885
11,00-0034351,Dallas Goedert,TE,DET,4.4,13.05,4.5,1.0,13.333333333333334,9,baseline,9.2439
11,00-0034383,Dalton Schultz,TE,TEN,11.100000000000001,12.133333333333335,7.333333333333333,0.3333333333333333,11.966666666666667,9,baseline,11.8103
11,00-0034753,Mark Andrews,TE,CLE,15.7,11.133333333333333,4.333333333333333,1.6666666666666667,10.844444444444445,9,baseline,8.6254
11,00-0035229,T.J. Hockenson,TE,CHI,6.9,5.5,2.6666666666666665,0.3333333333333333,15.355555555555558,9,baseline,5.6514
11,00-0035644,Noah Fant,TE,PIT,8.6,8.950000000000001,3.0,0.0,16.944444444444443,9,baseline,6.7974
11,00-0035689,Dawson Knox,TE,TB,3.3000000000000003,4.3999999999999995,2.0,0.3333333333333333,12.133333333333335,9,baseline,4.7354
11,00-0036244,Colby Parkinson,TE,SEA,9.4,8.55,3.5,2.0,16.88888888888889,9,baseline,7.1938
11,00-0036290,Cole Kmet,TE,MIN,9.5,1.75,2.5,0.5,15.344444444444443,9,baseline,4.598
11,00-0036422,Adam Trautman,TE,KC,1.8,1.9000000000000001,1.0,0.0,10.58888888888889,9,baseline,3.1598
11,00-0036637,Noah Gray,TE,DEN,2.9,2.1500000000000004,2.5,0.5,11.210000000000003,10,baseline,4.6929
11,00-0036825,Feleipe Franks,TE,CAR,0.0,0.0,0.0,0.0,15.840000000000003,10,baseline,1.7265
11,00-0036887,Luke Farrell,TE,ARI,0.0,3.8000000000000003,1.0,0.3333333333333333,14.144444444444444,9,baseline,3.6105
11,00-0036894,Pat Freiermuth,TE,CIN,2.9000000000000004,7.433333333333334,3.6666666666666665,0.6666666666666666,22.833333333333332,9,baseline,7.0926
11,00-0036970,Kyle Pitts,TE,CAR,3.4000000000000004,9.500000000000002,7.0,0.6666666666666666,15.840000000000003,10,baseline,10.858
11,00-0037005,Tommy Tremble,TE,ATL,6.4,0.7,1.0,0.0,6.5,9,baseline,2.8751
11,00-0037744,Trey McBride,TE,SF,27.5,22.1,11.0,3.0,14.070000000000002,10,baseline,17.7774
11,00-0037805,Jeremy Ruckert,TE,NE,6.300000000000001,2.2,1.0,0.0,17.41111111111111,9,baseline,3.2309
11,00-0037809,Chig Okonkwo,TE,HOU,8.600000000000001,6.15,3.5,0.0,9.41111111111111,9,baseline,6.6244
11,00-0038041,Jake Ferguson,TE,LV,11.6,5.0,4.0,1.5,9.166666666666668,9,baseline,6.8428
11,00-0038115,Daniel Bellinger,TE,GB,0.0,2.45,1.5,1.0,15.033333333333335,9,baseline,3.7815
11,00-0038129,Cade Otton,TE,BUF,4.800000000000001,12.600000000000001,8.5,0.0,5.933333333333334,9,baseline,13.0673
11,00-0039041,Elijah Higgins,TE,SF,3.1,4.95,3.0,0.5,14.070000000000002,10,baseline,5.8484
11,00-0039066,Michael Mayer,TE,DAL,4.3,5.4,5.5,1.0,13.555555555555555,9,baseline,8.4115
11,00-0039144,Luke Musgrave,TE,NYG,0.9,4.4,2.3333333333333335,0.0,12.706,10,baseline,5.0629
11,00-0039338,Brock Bowers,TE,DAL,14.2,23.5,9.0,2.5,13.555555555555555,9,baseline,16.1445
11,00-0039356,Ja'Tavion Sanders,TE,ATL,6.2,4.866666666666666,3.0,0.6666666666666666,6.5,9,baseline,5.8287
11,00-0039530,Brevyn Spann-Ford,TE,LV,1.4,0.95,0.5,0.0,9.166666666666668,9,baseline,2.4431
11,00-0039648,David Martin-Robinson,TE,HOU,0.0,0.0,0.0,0.0,9.41111111111111,9,baseline,1.7265
11,00-0039793,AJ Barner,TE,LA,17.1,5.9,3.5,1.0,14.733333333333333,9,baseline,6.5651
11,00-0039847,Theo Johnson,TE,GB,6.6,10.4,6.0,0.6666666666666666,15.033333333333335,9,baseline,10.089
11,00-0040126,Colston Loveland,TE,MIN,7.0,15.366666666666667,5.333333333333333,1.0,15.344444444444443,9,baseline,10.6123
11,00-0040584,Gunnar Helm,TE,HOU,6.9,6.4,2.0,1.0,9.41111111111111,9,baseline,5.2099
11,00-0040663,Harold Fannin Jr.,TE,BAL,4.6,13.399999999999999,8.0,1.0,12.3,9,baseline,12.7658
11,00-0040736,Mason Taylor,TE,NE,7.0,7.9,5.0,2.5,17.41111111111111,9,baseline,8.5134
11,00-0040739,Elijah Arroyo,TE,LA,0.0,6.2,1.5,0.0,14.733333333333333,9,baseline,4.6712
11,00-0036754,Brock Wright,TE,PHI,2.8,1.05,1.0,0.0,7.711111111111112,9,baseline,2.9581
11,00-0038558,Darnell Washington,TE,CIN,10.7,5.4,3.5,1.5,22.833333333333332,9,baseline,6.4465
11,00-0038046,Charlie Kolar,TE,CLE,0.0,7.2,1.6666666666666667,0.6666666666666666,10.844444444444445,9,baseline,5.0722
11,00-0040189,Oronde Gadsden II,TE,JAX,6.1000000000000005,11.6,5.333333333333333,1.6666666666666667,18.87777777777778,9,baseline,9.7187
11,00-0037838,Isaiah Likely,TE,CLE,3.5,5.166666666666667,3.3333333333333335,0.6666666666666666,10.844444444444445,9,baseline,6.2273
11,00-0034613,Tanner Hudson,TE,PIT,5.2,4.05,2.0,0.5,16.944444444444443,9,baseline,4.6524
11,00-0037252,Greg Dulcich,TE,WAS,3.8,6.550000000000001,4.5,0.0,15.16,10,baseline,7.7018
11,00-0039305,Jack Westover,TE,NYJ,0.0,0.0,0.5,0.0,14.47777777777778,9,baseline,2.2177
11,00-0030061,Zach Ertz,TE,MIA,8.2,7.866666666666667,5.0,0.3333333333333333,17.71,10,plus_defense,8.9799
11,00-0030506,Travis Kelce,TE,DEN,24.1,16.25,6.5,1.5,11.210000000000003,10,plus_defense,11.7923
11,00-0033090,Hunter Henry,TE,NYJ,8.5,6.233333333333333,3.6666666666666665,0.6666666666666666,14.47777777777778,9,plus_defense,6.963
11,00-0033110,Tyler Higbee,TE,SEA,3.3000000000000003,8.3,3.5,1.0,16.88888888888889,9,plus_defense,7.5692
11,00-0033246,Johnny Mundt,TE,LAC,4.5,1.55,1.0,0.0,9.99,10,plus_defense,2.7888
11,00-0033288,George Kittle,TE,ARI,24.7,14.866666666666667,6.333333333333333,2.3333333333333335,14.144444444444444,9,plus_defense,11.6023
11,00-0033858,Jonnu Smith,TE,CIN,0.0,3.533333333333333,3.3333333333333335,0.6666666666666666,22.833333333333332,9,plus_defense,6.8625
11,00-0033881,Evan Engram,TE,KC,7.300000000000001,3.6,4.0,1.0,10.58888888888889,9,plus_defense,6.2196
11,00-0033885,David Njoku,TE,BAL,1.7000000000000002,11.899999999999999,3.5,1.0,12.3,9,plus_defense,7.9724
11,00-0034351,Dallas Goedert,TE,DET,4.4,13.05,4.5,1.0,13.333333333333334,9,plus_defense,9.3194
11,00-0034383,Dalton Schultz,TE,TEN,11.100000000000001,12.133333333333335,7.333333333333333,0.3333333333333333,11.966666666666667,9,plus_defense,11.6511
11,00-0034753,Mark Andrews,TE,CLE,15.7,11.133333333333333,4.333333333333333,1.6666666666666667,10.844444444444445,9,plus_defense,8.4241
11,00-0035229,T.J. Hockenson,TE,CHI,6.9,5.5,2.6666666666666665,0.3333333333333333,15.355555555555558,9,plus_defense,5.9211
11,00-0035644,Noah Fant,TE,PIT,8.6,8.950000000000001,3.0,0.0,16.944444444444443,9,plus_defense,7.2586
11,00-0035689,Dawson Knox,TE,TB,3.3000000000000003,4.3999999999999995,2.0,0.3333333333333333,12.133333333333335,9,plus_defense,4.6728
11,00-0036244,Colby Parkinson,TE,SEA,9.4,8.55,3.5,2.0,16.88888888888889,9,plus_defense,7.6309
11,00-0036290,Cole Kmet,TE,MIN,9.5,1.75,2.5,0.5,15.344444444444443,9,plus_defense,4.8353
11,00-0036422,Adam Trautman,TE,KC,1.8,1.9000000000000001,1.0,0.0,10.58888888888889,9,plus_defense,2.9385
11,00-0036637,Noah Gray,TE,DEN,2.9,2.1500000000000004,2.5,0.5,11.210000000000003,10,plus_defense,4.4967
11,00-0036825,Feleipe Franks,TE,CAR,0.0,0.0,0.0,0.0,15.840000000000003,10,plus_defense,2.0712
11,00-0036887,Luke Farrell,TE,ARI,0.0,3.8000000000000003,1.0,0.3333333333333333,14.144444444444444,9,plus_defense,3.7836
11,00-0036894,Pat Freiermuth,TE,CIN,2.9000000000000004,7.433333333333334,3.6666666666666665,0.6666666666666666,22.833333333333332,9,plus_defense,8.1431
11,00-0036970,Kyle Pitts,TE,CAR,3.4000000000000004,9.500000000000002,7.0,0.6666666666666666,15.840000000000003,10,plus_defense,11.0929
11,00-0037005,Tommy Tremble,TE,ATL,6.4,0.7,1.0,0.0,6.5,9,plus_defense,2.2098
11,00-0037744,Trey McBride,TE,SF,27.5,22.1,11.0,3.0,14.070000000000002,10,plus_defense,17.831
11,00-0037805,Jeremy Ruckert,TE,NE,6.300000000000001,2.2,1.0,0.0,17.41111111111111,9,plus_defense,3.7342
11,00-0037809,Chig Okonkwo,TE,HOU,8.600000000000001,6.15,3.5,0.0,9.41111111111111,9,plus_defense,6.2475
11,00-0038041,Jake Ferguson,TE,LV,11.6,5.0,4.0,1.5,9.166666666666668,9,plus_defense,6.4147
11,00-0038115,Daniel Bellinger,TE,GB,0.0,2.45,1.5,1.0,15.033333333333335,9,plus_defense,4.0213
11,00-0038129,Cade Otton,TE,BUF,4.800000000000001,12.600000000000001,8.5,0.0,5.933333333333334,9,plus_defense,12.2408
11,00-0039041,Elijah Higgins,TE,SF,3.1,4.95,3.0,0.5,14.070000000000002,10,plus_defense,5.9672
11,00-0039066,Michael Mayer,TE,DAL,4.3,5.4,5.5,1.0,13.555555555555555,9,plus_defense,8.4085
11,00-0039144,Luke Musgrave,TE,NYG,0.9,4.4,2.3333333333333335,0.0,12.706,10,plus_defense,5.0513
11,00-0039338,Brock Bowers,TE,DAL,14.2,23.5,9.0,2.5,13.555555555555555,9,plus_defense,16.2145
11,00-0039356,Ja'Tavion Sanders,TE,ATL,6.2,4.866666666666666,3.0,0.6666666666666666,6.5,9,plus_defense,5.1459
11,00-0039530,Brevyn Spann-Ford,TE,LV,1.4,0.95,0.5,0.0,9.166666666666668,9,plus_defense,2.0767
11,00-0039648,David Martin-Robinson,TE,HOU,0.0,0.0,0.0,0.0,9.41111111111111,9,plus_defense,1.3911
11,00-0039793,AJ Barner,TE,LA,17.1,5.9,3.5,1.0,14.733333333333333,9,plus_defense,6.7488
11,00-0039847,Theo Johnson,TE,GB,6.6,10.4,6.0,0.6666666666666666,15.033333333333335,9,plus_defense,10.2759
11,00-0040126,Colston Loveland,TE,MIN,7.0,15.366666666666667,5.333333333333333,1.0,15.344444444444443,9,plus_defense,10.8988
11,00-0040584,Gunnar Helm,TE,HOU,6.9,6.4,2.0,1.0,9.41111111111111,9,plus_defense,4.8785
11,00-0040663,Harold Fannin Jr.,TE,BAL,4.6,13.399999999999999,8.0,1.0,12.3,9,plus_defense,12.6349
11,00-0040736,Mason Taylor,TE,NE,7.0,7.9,5.0,2.5,17.41111111111111,9,plus_defense,8.9565
11,00-0040739,Elijah Arroyo,TE,LA,0.0,6.2,1.5,0.0,14.733333333333333,9,plus_defense,4.9152
11,00-0036754,Brock Wright,TE,PHI,2.8,1.05,1.0,0.0,7.711111111111112,9,plus_defense,2.4243
11,00-0038558,Darnell Washington,TE,CIN,10.7,5.4,3.5,1.5,22.833333333333332,9,plus_defense,7.4822
11,00-0038046,Charlie Kolar,TE,CLE,0.0,7.2,1.6666666666666667,0.6666666666666666,10.844444444444445,9,plus_defense,4.9096
11,00-0040189,Oronde Gadsden II,TE,JAX,6.1000000000000005,11.6,5.333333333333333,1.6666666666666667,18.87777777777778,9,plus_defense,10.3428
11,00-0037838,Isaiah Likely,TE,CLE,3.5,5.166666666666667,3.3333333333333335,0.6666666666666666,10.844444444444445,9,plus_defense,5.9975
11,00-0034613,Tanner Hudson,TE,PIT,5.2,4.05,2.0,0.5,16.944444444444443,9,plus_defense,5.0953
11,00-0037252,Greg Dulcich,TE,WAS,3.8,6.550000000000001,4.5,0.0,15.16,10,plus_defense,7.9082
11,00-0039305,Jack Westover,TE,NYJ,0.0,0.0,0.5,0.0,14.47777777777778,9,plus_defense,2.404
11,00-0030061,Zach Ertz,TE,MIA,8.2,7.866666666666667,5.0,0.3333333333333333,17.71,10,plus_redzone_defense,8.8811
11,00-0030506,Travis Kelce,TE,DEN,24.1,16.25,6.5,1.5,11.210000000000003,10,plus_redzone_defense,11.8083
11,00-0033090,Hunter Henry,TE,NYJ,8.5,6.233333333333333,3.6666666666666665,0.6666666666666666,14.47777777777778,9,plus_redzone_defense,6.9745
11,00-0033110,Tyler Higbee,TE,SEA,3.3000000000000003,8.3,3.5,1.0,16.88888888888889,9,plus_redzone_defense,7.6244
11,00-0033246,Johnny Mundt,TE,LAC,4.5,1.55,1.0,0.0,9.99,10,plus_redzone_defense,2.7509
11,00-0033288,George Kittle,TE,ARI,24.7,14.866666666666667,6.333333333333333,2.3333333333333335,14.144444444444444,9,plus_redzone_defense,11.8226
11,00-0033858,Jonnu Smith,TE,CIN,0.0,3.533333333333333,3.3333333333333335,0.6666666666666666,22.833333333333332,9,plus_redzone_defense,6.9177
11,00-0033881,Evan Engram,TE,KC,7.300000000000001,3.6,4.0,1.0,10.58888888888889,9,plus_redzone_defense,6.3399
11,00-0033885,David Njoku,TE,BAL,1.7000000000000002,11.899999999999999,3.5,1.0,12.3,9,plus_redzone_defense,7.9738
11,00-0034351,Dallas Goedert,TE,DET,4.4,13.05,4.5,1.0,13.333333333333334,9,plus_redzone_defense,9.2937
11,00-0034383,Dalton Schultz,TE,TEN,11.100000000000001,12.133333333333335,7.333333333333333,0.3333333333333333,11.966666666666667,9,plus_redzone_defense,11.4655
11,00-0034753,Mark Andrews,TE,CLE,15.7,11.133333333333333,4.333333333333333,1.6666666666666667,10.844444444444445,9,plus_redzone_defense,8.5742
11,00-0035229,T.J. Hockenson,TE,CHI,6.9,5.5,2.6666666666666665,0.3333333333333333,15.355555555555558,9,plus_redzone_defense,5.8806
11,00-0035644,Noah Fant,TE,PIT,8.6,8.950000000000001,3.0,0.0,16.944444444444443,9,plus_redzone_defense,7.0906
11,00-0035689,Dawson Knox,TE,TB,3.3000000000000003,4.3999999999999995,2.0,0.3333333333333333,12.133333333333335,9,plus_redzone_defense,4.6553
11,00-0036244,Colby Parkinson,TE,SEA,9.4,8.55,3.5,2.0,16.88888888888889,9,plus_redzone_defense,7.9007
11,00-0036290,Cole Kmet,TE,MIN,9.5,1.75,2.5,0.5,15.344444444444443,9,plus_redzone_defense,4.8888
11,00-0036422,Adam Trautman,TE,KC,1.8,1.9000000000000001,1.0,0.0,10.58888888888889,9,plus_redzone_defense,2.8954
11,00-0036637,Noah Gray,TE,DEN,2.9,2.1500000000000004,2.5,0.5,11.210000000000003,10,plus_redzone_defense,4.5442
11,00-0036825,Feleipe Franks,TE,CAR,0.0,0.0,0.0,0.0,15.840000000000003,10,plus_redzone_defense,2.0664
11,00-0036887,Luke Farrell,TE,ARI,0.0,3.8000000000000003,1.0,0.3333333333333333,14.144444444444444,9,plus_redzone_defense,3.785
11,00-0036894,Pat Freiermuth,TE,CIN,2.9000000000000004,7.433333333333334,3.6666666666666665,0.6666666666666666,22.833333333333332,9,plus_redzone_defense,8.1368
11,00-0036970,Kyle Pitts,TE,CAR,3.4000000000000004,9.500000000000002,7.0,0.6666666666666666,15.840000000000003,10,plus_redzone_defense,11.0227
11,00-0037005,Tommy Tremble,TE,ATL,6.4,0.7,1.0,0.0,6.5,9,plus_redzone_defense,2.1846
11,00-0037744,Trey McBride,TE,SF,27.5,22.1,11.0,3.0,14.070000000000002,10,plus_redzone_defense,18.0429
11,00-0037805,Jeremy Ruckert,TE,NE,6.300000000000001,2.2,1.0,0.0,17.41111111111111,9,plus_redzone_defense,3.6867
11,00-0037809,Chig Okonkwo,TE,HOU,8.600000000000001,6.15,3.5,0.0,9.41111111111111,9,plus_redzone_defense,6.1163
11,00-0038041,Jake Ferguson,TE,LV,11.6,5.0,4.0,1.5,9.166666666666668,9,plus_redzone_defense,6.6233
11,00-0038115,Daniel Bellinger,TE,GB,0.0,2.45,1.5,1.0,15.033333333333335,9,plus_redzone_defense,4.1835
11,00-0038129,Cade Otton,TE,BUF,4.800000000000001,12.600000000000001,8.5,0.0,5.933333333333334,9,plus_redzone_defense,11.9639
11,00-0039041,Elijah Higgins,TE,SF,3.1,4.95,3.0,0.5,14.070000000000002,10,plus_redzone_defense,5.9681
11,00-0039066,Michael Mayer,TE,DAL,4.3,5.4,5.5,1.0,13.555555555555555,9,plus_redzone_defense,8.4871
11,00-0039144,Luke Musgrave,TE,NYG,0.9,4.4,2.3333333333333335,0.0,12.706,10,plus_redzone_defense,4.9578
11,00-0039338,Brock Bowers,TE,DAL,14.2,23.5,9.0,2.5,13.555555555555555,9,plus_redzone_defense,16.316
11,00-0039356,Ja'Tavion Sanders,TE,ATL,6.2,4.866666666666666,3.0,0.6666666666666666,6.5,9,plus_redzone_defense,5.1843
11,00-0039530,Brevyn Spann-Ford,TE,LV,1.4,0.95,0.5,0.0,9.166666666666668,9,plus_redzone_defense,2.0527
11,00-0039648,David Martin-Robinson,TE,HOU,0.0,0.0,0.0,0.0,9.41111111111111,9,plus_redzone_defense,1.3863
11,00-0039793,AJ Barner,TE,LA,17.1,5.9,3.5,1.0,14.733333333333333,9,plus_redzone_defense,6.8398
11,00-0039847,Theo Johnson,TE,GB,6.6,10.4,6.0,0.6666666666666666,15.033333333333335,9,plus_redzone_defense,10.2021
11,00-0040126,Colston Loveland,TE,MIN,7.0,15.366666666666667,5.333333333333333,1.0,15.344444444444443,9,plus_redzone_defense,10.8304
11,00-0040584,Gunnar Helm,TE,HOU,6.9,6.4,2.0,1.0,9.41111111111111,9,plus_redzone_defense,4.9768
11,00-0040663,Harold Fannin Jr.,TE,BAL,4.6,13.399999999999999,8.0,1.0,12.3,9,plus_redzone_defense,12.5694
11,00-0040736,Mason Taylor,TE,NE,7.0,7.9,5.0,2.5,17.41111111111111,9,plus_redzone_defense,9.3304
11,00-0040739,Elijah Arroyo,TE,LA,0.0,6.2,1.5,0.0,14.733333333333333,9,plus_redzone_defense,4.803
11,00-0036754,Brock Wright,TE,PHI,2.8,1.05,1.0,0.0,7.711111111111112,9,plus_redzone_defense,2.3939
11,00-0038558,Darnell Washington,TE,CIN,10.7,5.4,3.5,1.5,22.833333333333332,9,plus_redzone_defense,7.6899
11,00-0038046,Charlie Kolar,TE,CLE,0.0,7.2,1.6666666666666667,0.6666666666666666,10.844444444444445,9,plus_redzone_defense,4.9265
11,00-0040189,Oronde Gadsden II,TE,JAX,6.1000000000000005,11.6,5.333333333333333,1.6666666666666667,18.87777777777778,9,plus_redzone_defense,10.4762
11,00-0037838,Isaiah Likely,TE,CLE,3.5,5.166666666666667,3.3333333333333335,0.6666666666666666,10.844444444444445,9,plus_redzone_defense,6.0282
11,00-0034613,Tanner Hudson,TE,PIT,5.2,4.05,2.0,0.5,16.944444444444443,9,plus_redzone_defense,5.1195
11,00-0037252,Greg Dulcich,TE,WAS,3.8,6.550000000000001,4.5,0.0,15.16,10,plus_redzone_defense,7.7612
11,00-0039305,Jack Westover,TE,NYJ,0.0,0.0,0.5,0.0,14.47777777777778,9,plus_redzone_defense,2.3942
12,00-0030506,Travis Kelce,TE,IND,8.399999999999999,17.35,9.0,1.0,16.56,10,baseline,14.7457
12,00-0032392,Austin Hooper,TE,CIN,6.9,1.5,1.0,0.0,21.91,10,baseline,2.9491
12,00-0033090,Hunter Henry,TE,CIN,24.5,6.5,5.333333333333333,0.6666666666666666,21.91,10,baseline,8.4078
12,00-0033217,Mo Alie-Cox,TE,KC,1.9,0.0,1.0,0.5,10.440000000000001,10,baseline,2.5596
12,00-0033246,Johnny Mundt,TE,ARI,2.2,2.533333333333333,1.6666666666666667,0.3333333333333333,15.2,10,baseline,3.8575
12,00-0033288,George Kittle,TE,CAR,13.8,18.333333333333332,6.666666666666667,2.6666666666666665,14.709090909090913,11,baseline,12.761
12,00-0033858,Jonnu Smith,TE,CHI,5.800000000000001,2.3000000000000003,3.0,0.3333333333333333,14.580000000000002,10,baseline,5.077
12,00-0034351,Dallas Goedert,TE,DAL,4.0,6.3500000000000005,5.5,0.0,14.35,10,baseline,8.5289
12,00-0034383,Dalton Schultz,TE,BUF,1.8,14.366666666666667,9.333333333333334,0.6666666666666666,5.82,10,baseline,14.291
12,00-0034753,Mark Andrews,TE,NYJ,2.1,14.233333333333334,5.333333333333333,2.0,13.88,10,baseline,10.4162
12,00-0035229,T.J. Hockenson,TE,GB,5.9,6.266666666666666,3.6666666666666665,0.3333333333333333,14.190000000000001,10,baseline,6.7471
12,00-0035644,Noah Fant,TE,NE,1.9,9.7,4.5,0.0,17.0,10,baseline,8.4388
12,00-0035689,Dawson Knox,TE,HOU,4.7,4.666666666666667,2.6666666666666665,0.3333333333333333,10.02,10,baseline,5.3716
12,00-0036040,Juwan Johnson,TE,ATL,10.600000000000001,15.650000000000002,4.0,1.0,7.590000000000001,10,baseline,9.504
12,00-0036244,Colby Parkinson,TE,TB,14.100000000000001,8.833333333333334,3.0,1.6666666666666667,11.390000000000002,10,baseline,6.7737
12,00-0036290,Cole Kmet,TE,PIT,1.3,4.333333333333333,3.3333333333333335,0.3333333333333333,16.63,10,baseline,5.925
12,00-0036637,Noah Gray,TE,IND,5.5,1.45,2.0,0.0,16.56,10,baseline,3.8962
12,00-0036825,Feleipe Franks,TE,NO,0.2,0.0,0.0,0.0,13.91,10,baseline,1.5995
12,00-0036887,Luke Farrell,TE,CAR,1.3,3.8000000000000003,1.0,0.3333333333333333,14.709090909090913,11,baseline,3.5464
12,00-0036894,Pat Freiermuth,TE,CHI,10.9,6.966666666666666,2.6666666666666665,0.6666666666666666,14.580000000000002,10,baseline,5.9689
12,00-0036970,Kyle Pitts,TE,NO,4.5,5.666666666666667,5.0,0.6666666666666666,13.91,10,baseline,7.8714
12,00-0037292,Andrew Ogletree,TE,KC,8.8,0.0,0.0,0.0,10.440000000000001,10,baseline,1.5995
12,00-0037744,Trey McBride,TE,JAX,16.9,23.900000000000002,11.0,3.0,17.6,10,baseline,18.3669
12,00-0037809,Chig Okonkwo,TE,SEA,7.0,5.800000000000001,2.5,0.0,16.47,10,baseline,5.5059
12,00-0038041,Jake Ferguson,TE,PHI,11.1,10.8,6.0,2.5,7.220000000000001,10,baseline,10.1646
12,00-0038115,Daniel Bellinger,TE,DET,0.0,0.9,1.5,1.0,12.58,10,baseline,3.2733
12,00-0038129,Cade Otton,TE,LA,6.1,11.000000000000002,8.5,0.5,14.969999999999999,10,baseline,12.6166
12,00-0039041,Elijah Higgins,TE,JAX,0.0,4.333333333333333,3.0,0.6666666666666666,17.6,10,baseline,5.605
12,00-0039066,Michael Mayer,TE,CLE,2.4000000000000004,5.033333333333334,5.0,0.6666666666666666,11.680000000000001,10,baseline,7.7069
12,00-0039074,Davis Allen,TE,TB,5.9,7.75,3.0,1.5,11.390000000000002,10,baseline,6.4923
12,00-0039144,Luke Musgrave,TE,MIN,1.7000000000000002,4.2,2.6666666666666665,0.0,15.64,10,baseline,5.2504
12,00-0039338,Brock Bowers,TE,CLE,11.5,20.400000000000002,10.0,2.3333333333333335,11.680000000000001,10,baseline,16.4979
12,00-0039356,Ja'Tavion Sanders,TE,SF,1.6,5.3,3.3333333333333335,0.6666666666666666,15.572727272727274,11,baseline,6.1761
12,00-0039530,Brevyn Spann-Ford,TE,PHI,7.4,0.7,0.5,0.5,7.220000000000001,10,baseline,2.2613
12,00-0039793,AJ Barner,TE,TEN,3.8,9.633333333333335,6.666666666666667,1.3333333333333333,11.88,10,baseline,10.5016
12,00-0039847,Theo Johnson,TE,DET,10.7,10.933333333333332,6.0,0.6666666666666666,12.58,10,baseline,10.1992
12,00-0040126,Colston Loveland,TE,PIT,14.9,15.433333333333332,5.0,1.0,16.63,10,baseline,10.4078
12,00-0040128,Tyler Warren,TE,KC,9.5,12.75,8.5,2.0,10.440000000000001,10,baseline,13.0711
12,00-0040194,Jackson Hawes,TE,HOU,4.6,6.199999999999999,2.0,0.0,10.02,10,baseline,5.1297
12,00-0040584,Gunnar Helm,TE,SEA,11.100000000000001,4.7,3.0,0.0,16.47,10,baseline,5.7002
12,00-0040663,Harold Fannin Jr.,TE,LV,8.4,6.5,6.0,0.5,9.55,10,baseline,9.0478
12,00-0040736,Mason Taylor,TE,BAL,5.1,4.2,3.0,0.0,11.7,10,baseline,5.5704
12,00-0040739,Elijah Arroyo,TE,TEN,1.5,4.133333333333334,1.6666666666666667,0.0,11.88,10,baseline,4.273
12,00-0034365,Ian Thomas,TE,CLE,7.6,2.45,1.0,0.0,11.680000000000001,10,baseline,3.1958
12,00-0036754,Brock Wright,TE,NYG,5.9,1.6333333333333335,3.0,0.0,12.423636363636364,11,baseline,4.9038
12,00-0038558,Darnell Washington,TE,CHI,4.2,7.166666666666667,4.0,1.0,14.580000000000002,10,baseline,7.3009
12,00-0040187,Mitchell Evans,TE,SF,0.0,2.4000000000000004,1.5,0.0,15.572727272727274,11,baseline,3.6629
12,00-0038046,Charlie Kolar,TE,NYJ,0.0,4.533333333333334,1.6666666666666667,0.6666666666666666,13.88,10,baseline,4.3769
12,00-0033357,Taysom Hill,TE,ATL,1.7000000000000002,2.5,7.0,2.5,7.590000000000001,10,baseline,8.9691
12,00-0037838,Isaiah Likely,TE,NYJ,2.0,5.3999999999999995,3.6666666666666665,0.6666666666666666,13.88,10,baseline,6.5221
12,00-0040737,Terrance Ferguson,TE,TB,0.0,5.800000000000001,3.5,0.0,11.390000000000002,10,baseline,6.4659
12,00-0034613,Tanner Hudson,TE,NE,1.9,5.7,2.5,0.0,17.0,10,baseline,5.4799
12,00-0034798,Durham Smythe,TE,PIT,1.4,0.9,1.5,0.0,16.63,10,baseline,3.2733
12,00-0030506,Travis Kelce,TE,IND,8.399999999999999,17.35,9.0,1.0,16.56,10,plus_defense,14.9767
12,00-0032392,Austin Hooper,TE,CIN,6.9,1.5,1.0,0.0,21.91,10,plus_defense,3.6577
12,00-0033090,Hunter Henry,TE,CIN,24.5,6.5,5.333333333333333,0.6666666666666666,21.91,10,plus_defense,9.062
12,00-0033217,Mo Alie-Cox,TE,KC,1.9,0.0,1.0,0.5,10.440000000000001,10,plus_defense,2.37
12,00-0033246,Johnny Mundt,TE,ARI,2.2,2.533333333333333,1.6666666666666667,0.3333333333333333,15.2,10,plus_defense,4.0388
12,00-0033288,George Kittle,TE,CAR,13.8,18.333333333333332,6.666666666666667,2.6666666666666665,14.709090909090913,11,plus_defense,12.8987
12,00-0033858,Jonnu Smith,TE,CHI,5.800000000000001,2.3000000000000003,3.0,0.3333333333333333,14.580000000000002,10,plus_defense,5.1833
12,00-0034351,Dallas Goedert,TE,DAL,4.0,6.3500000000000005,5.5,0.0,14.35,10,plus_defense,8.5927
12,00-0034383,Dalton Schultz,TE,BUF,1.8,14.366666666666667,9.333333333333334,0.6666666666666666,5.82,10,plus_defense,13.6656
12,00-0034753,Mark Andrews,TE,NYJ,2.1,14.233333333333334,5.333333333333333,2.0,13.88,10,plus_defense,10.4917
12,00-0035229,T.J. Hockenson,TE,GB,5.9,6.266666666666666,3.6666666666666665,0.3333333333333333,14.190000000000001,10,plus_defense,6.8331
12,00-0035644,Noah Fant,TE,NE,1.9,9.7,4.5,0.0,17.0,10,plus_defense,8.7464
12,00-0035689,Dawson Knox,TE,HOU,4.7,4.666666666666667,2.6666666666666665,0.3333333333333333,10.02,10,plus_defense,5.1442
12,00-0036040,Juwan Johnson,TE,ATL,10.600000000000001,15.650000000000002,4.0,1.0,7.590000000000001,10,plus_defense,9.1253
12,00-0036244,Colby Parkinson,TE,TB,14.100000000000001,8.833333333333334,3.0,1.6666666666666667,11.390000000000002,10,plus_defense,6.6699
12,00-0036290,Cole Kmet,TE,PIT,1.3,4.333333333333333,3.3333333333333335,0.3333333333333333,16.63,10,plus_defense,6.1956
12,00-0036637,Noah Gray,TE,IND,5.5,1.45,2.0,0.0,16.56,10,plus_defense,4.1704
12,00-0036825,Feleipe Franks,TE,NO,0.2,0.0,0.0,0.0,13.91,10,plus_defense,1.6982
12,00-0036887,Luke Farrell,TE,CAR,1.3,3.8000000000000003,1.0,0.3333333333333333,14.709090909090913,11,plus_defense,3.7097
12,00-0036894,Pat Freiermuth,TE,CHI,10.9,6.966666666666666,2.6666666666666665,0.6666666666666666,14.580000000000002,10,plus_defense,6.1083
12,00-0036970,Kyle Pitts,TE,NO,4.5,5.666666666666667,5.0,0.6666666666666666,13.91,10,plus_defense,7.9067
12,00-0037292,Andrew Ogletree,TE,KC,8.8,0.0,0.0,0.0,10.440000000000001,10,plus_defense,1.4291
12,00-0037744,Trey McBride,TE,JAX,16.9,23.900000000000002,11.0,3.0,17.6,10,plus_defense,18.6776
12,00-0037809,Chig Okonkwo,TE,SEA,7.0,5.800000000000001,2.5,0.0,16.47,10,plus_defense,5.7884
12,00-0038041,Jake Ferguson,TE,PHI,11.1,10.8,6.0,2.5,7.220000000000001,10,plus_defense,9.6912
12,00-0038115,Daniel Bellinger,TE,DET,0.0,0.9,1.5,1.0,12.58,10,plus_defense,3.2453
12,00-0038129,Cade Otton,TE,LA,6.1,11.000000000000002,8.5,0.5,14.969999999999999,10,plus_defense,12.6976
12,00-0039041,Elijah Higgins,TE,JAX,0.0,4.333333333333333,3.0,0.6666666666666666,17.6,10,plus_defense,5.9572
12,00-0039066,Michael Mayer,TE,CLE,2.4000000000000004,5.033333333333334,5.0,0.6666666666666666,11.680000000000001,10,plus_defense,7.5657
12,00-0039074,Davis Allen,TE,TB,5.9,7.75,3.0,1.5,11.390000000000002,10,plus_defense,6.3824
12,00-0039144,Luke Musgrave,TE,MIN,1.7000000000000002,4.2,2.6666666666666665,0.0,15.64,10,plus_defense,5.4562
12,00-0039338,Brock Bowers,TE,CLE,11.5,20.400000000000002,10.0,2.3333333333333335,11.680000000000001,10,plus_defense,16.3486
12,00-0039356,Ja'Tavion Sanders,TE,SF,1.6,5.3,3.3333333333333335,0.6666666666666666,15.572727272727274,11,plus_defense,6.3702
12,00-0039530,Brevyn Spann-Ford,TE,PHI,7.4,0.7,0.5,0.5,7.220000000000001,10,plus_defense,1.8356
12,00-0039793,AJ Barner,TE,TEN,3.8,9.633333333333335,6.666666666666667,1.3333333333333333,11.88,10,plus_defense,10.3702
12,00-0039847,Theo Johnson,TE,DET,10.7,10.933333333333332,6.0,0.6666666666666666,12.58,10,plus_defense,10.1423
12,00-0040126,Colston Loveland,TE,PIT,14.9,15.433333333333332,5.0,1.0,16.63,10,plus_defense,10.7098
12,00-0040128,Tyler Warren,TE,KC,9.5,12.75,8.5,2.0,10.440000000000001,10,plus_defense,12.8107
12,00-0040194,Jackson Hawes,TE,HOU,4.6,6.199999999999999,2.0,0.0,10.02,10,plus_defense,4.9238
12,00-0040584,Gunnar Helm,TE,SEA,11.100000000000001,4.7,3.0,0.0,16.47,10,plus_defense,5.9669
12,00-0040663,Harold Fannin Jr.,TE,LV,8.4,6.5,6.0,0.5,9.55,10,plus_defense,8.7306
12,00-0040736,Mason Taylor,TE,BAL,5.1,4.2,3.0,0.0,11.7,10,plus_defense,5.4642
12,00-0040739,Elijah Arroyo,TE,TEN,1.5,4.133333333333334,1.6666666666666667,0.0,11.88,10,plus_defense,4.206
12,00-0034365,Ian Thomas,TE,CLE,7.6,2.45,1.0,0.0,11.680000000000001,10,plus_defense,3.1164
12,00-0036754,Brock Wright,TE,NYG,5.9,1.6333333333333335,3.0,0.0,12.423636363636364,11,plus_defense,4.8392
12,00-0038558,Darnell Washington,TE,CHI,4.2,7.166666666666667,4.0,1.0,14.580000000000002,10,plus_defense,7.4159
12,00-0040187,Mitchell Evans,TE,SF,0.0,2.4000000000000004,1.5,0.0,15.572727272727274,11,plus_defense,3.8755
12,00-0038046,Charlie Kolar,TE,NYJ,0.0,4.533333333333334,1.6666666666666667,0.6666666666666666,13.88,10,plus_defense,4.4673
12,00-0033357,Taysom Hill,TE,ATL,1.7000000000000002,2.5,7.0,2.5,7.590000000000001,10,plus_defense,8.4579
12,00-0037838,Isaiah Likely,TE,NYJ,2.0,5.3999999999999995,3.6666666666666665,0.6666666666666666,13.88,10,plus_defense,6.5791
12,00-0040737,Terrance Ferguson,TE,TB,0.0,5.800000000000001,3.5,0.0,11.390000000000002,10,plus_defense,6.3353
12,00-0034613,Tanner Hudson,TE,NE,1.9,5.7,2.5,0.0,17.0,10,plus_defense,5.803
12,00-0034798,Durham Smythe,TE,PIT,1.4,0.9,1.5,0.0,16.63,10,plus_defense,3.5594
12,00-0030506,Travis Kelce,TE,IND,8.399999999999999,17.35,9.0,1.0,16.56,10,plus_redzone_defense,14.5045
12,00-0032392,Austin Hooper,TE,CIN,6.9,1.5,1.0,0.0,21.91,10,plus_redzone_defense,3.5007
12,00-0033090,Hunter Henry,TE,CIN,24.5,6.5,5.333333333333333,0.6666666666666666,21.91,10,plus_redzone_defense,8.9972
12,00-0033217,Mo Alie-Cox,TE,KC,1.9,0.0,1.0,0.5,10.440000000000001,10,plus_redzone_defense,2.6901
12,00-0033246,Johnny Mundt,TE,ARI,2.2,2.533333333333333,1.6666666666666667,0.3333333333333333,15.2,10,plus_redzone_defense,4.0724
12,00-0033288,George Kittle,TE,CAR,13.8,18.333333333333332,6.666666666666667,2.6666666666666665,14.709090909090913,11,plus_redzone_defense,13.6606
12,00-0033858,Jonnu Smith,TE,CHI,5.800000000000001,2.3000000000000003,3.0,0.3333333333333333,14.580000000000002,10,plus_redzone_defense,5.1892
12,00-0034351,Dallas Goedert,TE,DAL,4.0,6.3500000000000005,5.5,0.0,14.35,10,plus_redzone_defense,8.0742
12,00-0034383,Dalton Schultz,TE,BUF,1.8,14.366666666666667,9.333333333333334,0.6666666666666666,5.82,10,plus_redzone_defense,13.1305
12,00-0034753,Mark Andrews,TE,NYJ,2.1,14.233333333333334,5.333333333333333,2.0,13.88,10,plus_redzone_defense,11.0247
12,00-0035229,T.J. Hockenson,TE,GB,5.9,6.266666666666666,3.6666666666666665,0.3333333333333333,14.190000000000001,10,plus_redzone_defense,6.6177
12,00-0035644,Noah Fant,TE,NE,1.9,9.7,4.5,0.0,17.0,10,plus_redzone_defense,8.0796
12,00-0035689,Dawson Knox,TE,HOU,4.7,4.666666666666667,2.6666666666666665,0.3333333333333333,10.02,10,plus_redzone_defense,5.0556
12,00-0036040,Juwan Johnson,TE,ATL,10.600000000000001,15.650000000000002,4.0,1.0,7.590000000000001,10,plus_redzone_defense,8.9264
12,00-0036244,Colby Parkinson,TE,TB,14.100000000000001,8.833333333333334,3.0,1.6666666666666667,11.390000000000002,10,plus_redzone_defense,7.3182
12,00-0036290,Cole Kmet,TE,PIT,1.3,4.333333333333333,3.3333333333333335,0.3333333333333333,16.63,10,plus_redzone_defense,6.0806
12,00-0036637,Noah Gray,TE,IND,5.5,1.45,2.0,0.0,16.56,10,plus_redzone_defense,4.003
12,00-0036825,Feleipe Franks,TE,NO,0.2,0.0,0.0,0.0,13.91,10,plus_redzone_defense,1.6762
12,00-0036887,Luke Farrell,TE,CAR,1.3,3.8000000000000003,1.0,0.3333333333333333,14.709090909090913,11,plus_redzone_defense,3.7012
12,00-0036894,Pat Freiermuth,TE,CHI,10.9,6.966666666666666,2.6666666666666665,0.6666666666666666,14.580000000000002,10,plus_redzone_defense,6.1281
12,00-0036970,Kyle Pitts,TE,NO,4.5,5.666666666666667,5.0,0.6666666666666666,13.91,10,plus_redzone_defense,7.9221
12,00-0037292,Andrew Ogletree,TE,KC,8.8,0.0,0.0,0.0,10.440000000000001,10,plus_redzone_defense,1.4189
12,00-0037744,Trey McBride,TE,JAX,16.9,23.900000000000002,11.0,3.0,17.6,10,plus_redzone_defense,19.252
12,00-0037809,Chig Okonkwo,TE,SEA,7.0,5.800000000000001,2.5,0.0,16.47,10,plus_redzone_defense,5.3843
12,00-0038041,Jake Ferguson,TE,PHI,11.1,10.8,6.0,2.5,7.220000000000001,10,plus_redzone_defense,10.7624
12,00-0038115,Daniel Bellinger,TE,DET,0.0,0.9,1.5,1.0,12.58,10,plus_redzone_defense,3.8581
12,00-0038129,Cade Otton,TE,LA,6.1,11.000000000000002,8.5,0.5,14.969999999999999,10,plus_redzone_defense,12.2082
12,00-0039041,Elijah Higgins,TE,JAX,0.0,4.333333333333333,3.0,0.6666666666666666,17.6,10,plus_redzone_defense,6.0903
12,00-0039066,Michael Mayer,TE,CLE,2.4000000000000004,5.033333333333334,5.0,0.6666666666666666,11.680000000000001,10,plus_redzone_defense,7.6209
12,00-0039074,Davis Allen,TE,TB,5.9,7.75,3.0,1.5,11.390000000000002,10,plus_redzone_defense,6.9653
12,00-0039144,Luke Musgrave,TE,MIN,1.7000000000000002,4.2,2.6666666666666665,0.0,15.64,10,plus_redzone_defense,5.1312
12,00-0039338,Brock Bowers,TE,CLE,11.5,20.400000000000002,10.0,2.3333333333333335,11.680000000000001,10,plus_redzone_defense,16.6706
12,00-0039356,Ja'Tavion Sanders,TE,SF,1.6,5.3,3.3333333333333335,0.6666666666666666,15.572727272727274,11,plus_redzone_defense,6.4506
12,00-0039530,Brevyn Spann-Ford,TE,PHI,7.4,0.7,0.5,0.5,7.220000000000001,10,plus_redzone_defense,2.1467
12,00-0039793,AJ Barner,TE,TEN,3.8,9.633333333333335,6.666666666666667,1.3333333333333333,11.88,10,plus_redzone_defense,10.6206
12,00-0039847,Theo Johnson,TE,DET,10.7,10.933333333333332,6.0,0.6666666666666666,12.58,10,plus_redzone_defense,9.863
12,00-0040126,Colston Loveland,TE,PIT,14.9,15.433333333333332,5.0,1.0,16.63,10,plus_redzone_defense,10.4598
12,00-0040128,Tyler Warren,TE,KC,9.5,12.75,8.5,2.0,10.440000000000001,10,plus_redzone_defense,13.3321
12,00-0040194,Jackson Hawes,TE,HOU,4.6,6.199999999999999,2.0,0.0,10.02,10,plus_redzone_defense,4.5371
12,00-0040584,Gunnar Helm,TE,SEA,11.100000000000001,4.7,3.0,0.0,16.47,10,plus_redzone_defense,5.6032
12,00-0040663,Harold Fannin Jr.,TE,LV,8.4,6.5,6.0,0.5,9.55,10,plus_redzone_defense,8.5668
12,00-0040736,Mason Taylor,TE,BAL,5.1,4.2,3.0,0.0,11.7,10,plus_redzone_defense,5.1423
12,00-0040739,Elijah Arroyo,TE,TEN,1.5,4.133333333333334,1.6666666666666667,0.0,11.88,10,plus_redzone_defense,3.9285
12,00-0034365,Ian Thomas,TE,CLE,7.6,2.45,1.0,0.0,11.680000000000001,10,plus_redzone_defense,2.9461
12,00-0036754,Brock Wright,TE,NYG,5.9,1.6333333333333335,3.0,0.0,12.423636363636364,11,plus_redzone_defense,4.6454
12,00-0038558,Darnell Washington,TE,CHI,4.2,7.166666666666667,4.0,1.0,14.580000000000002,10,plus_redzone_defense,7.6249
12,00-0040187,Mitchell Evans,TE,SF,0.0,2.4000000000000004,1.5,0.0,15.572727272727274,11,plus_redzone_defense,3.6788
12,00-0038046,Charlie Kolar,TE,NYJ,0.0,4.533333333333334,1.6666666666666667,0.6666666666666666,13.88,10,plus_redzone_defense,4.6445
12,00-0033357,Taysom Hill,TE,ATL,1.7000000000000002,2.5,7.0,2.5,7.590000000000001,10,plus_redzone_defense,9.919
12,00-0037838,Isaiah Likely,TE,NYJ,2.0,5.3999999999999995,3.6666666666666665,0.6666666666666666,13.88,10,plus_redzone_defense,6.6498
12,00-0040737,Terrance Ferguson,TE,TB,0.0,5.800000000000001,3.5,0.0,11.390000000000002,10,plus_redzone_defense,5.9174
12,00-0034613,Tanner Hudson,TE,NE,1.9,5.7,2.5,0.0,17.0,10,plus_redzone_defense,5.4022
12,00-0034798,Durham Smythe,TE,PIT,1.4,0.9,1.5,0.0,16.63,10,plus_redzone_defense,3.4354
13,00-0030061,Zach Ertz,TE,DEN,20.6,8.8,6.5,1.0,12.745454545454548,11,baseline,9.5847
13,00-0030506,Travis Kelce,TE,DAL,15.5,16.25,10.0,1.0,13.572727272727274,11,baseline,14.6099
13,00-0033090,Hunter Henry,TE,NYG,11.3,11.633333333333333,6.666666666666667,1.6666666666666667,11.88,12,baseline,10.5689
13,00-0033288,George Kittle,TE,CLE,10.7,20.63333333333333,8.333333333333334,2.0,12.572727272727274,11,baseline,14.6005
13,00-0033858,Jonnu Smith,TE,BUF,1.6,2.4000000000000004,3.0,0.6666666666666666,5.454545454545454,11,baseline,4.8751
13,00-0033881,Evan Engram,TE,WAS,13.9,5.25,5.0,1.0,14.345454545454544,11,baseline,7.3237
13,00-0033885,David Njoku,TE,SF,2.4,5.9,2.0,0.5,14.408333333333333,12,baseline,5.1309
13,00-0034351,Dallas Goedert,TE,CHI,4.7,5.566666666666667,4.333333333333333,0.0,15.154545454545456,11,baseline,6.8882
13,00-0034383,Dalton Schultz,TE,IND,12.5,10.4,8.0,1.3333333333333333,16.318181818181817,11,baseline,11.2596
13,00-0034753,Mark Andrews,TE,CIN,8.7,9.4,5.333333333333333,1.3333333333333333,22.772727272727273,11,baseline,8.8363
13,00-0035229,T.J. Hockenson,TE,SEA,11.9,5.2,4.333333333333333,0.3333333333333333,16.618181818181817,11,baseline,6.778
13,00-0035644,Noah Fant,TE,BAL,1.3,5.25,3.5,0.0,11.1,11,baseline,6.1296
13,00-0035689,Dawson Knox,TE,PIT,5.800000000000001,4.8999999999999995,3.6666666666666665,0.3333333333333333,16.718181818181815,11,baseline,6.1571
13,00-0036040,Juwan Johnson,TE,MIA,8.9,14.900000000000002,5.5,0.5,16.972727272727273,11,baseline,10.6219
13,00-0036244,Colby Parkinson,TE,CAR,6.7,12.533333333333333,3.6666666666666665,2.0,14.741666666666669,12,baseline,8.4512
13,00-0036290,Cole Kmet,TE,PHI,12.6,4.1000000000000005,2.6666666666666665,0.3333333333333333,8.245454545454546,11,baseline,5.1207
13,00-0036422,Adam Trautman,TE,WAS,7.7,1.5,1.0,0.0,14.345454545454544,11,baseline,3.0125
13,00-0036887,Luke Farrell,TE,CLE,0.0,3.6,1.0,0.3333333333333333,12.572727272727274,11,baseline,3.6436
13,00-0036970,Kyle Pitts,TE,NYJ,15.200000000000001,4.566666666666667,4.333333333333333,0.0,12.990909090909092,11,baseline,6.5877
13,00-0037292,Andrew Ogletree,TE,HOU,1.8,4.4,1.0,0.5,9.954545454545453,11,baseline,3.8841
13,00-0037306,John FitzPatrick,TE,DET,0.0,1.8,1.0,0.5,12.409090909090908,11,baseline,3.1027
13,00-0037744,Trey McBride,TE,TB,22.200000000000003,24.03333333333333,11.333333333333334,2.0,12.172727272727276,11,baseline,18.0104
13,00-0037805,Jeremy Ruckert,TE,ATL,3.2,3.6500000000000004,3.0,0.5,8.172727272727274,11,baseline,5.2508
13,00-0037809,Chig Okonkwo,TE,JAX,6.9,7.800000000000001,3.5,0.0,17.681818181818183,11,baseline,6.896
13,00-0038041,Jake Ferguson,TE,KC,8.6,11.35,6.0,2.5,11.327272727272728,11,baseline,9.953
13,00-0038129,Cade Otton,TE,ARI,2.9,9.366666666666667,8.0,0.3333333333333333,15.318181818181818,11,baseline,10.9491
13,00-0039041,Elijah Higgins,TE,TB,3.7,2.3333333333333335,2.0,0.6666666666666666,12.172727272727276,11,baseline,4.059
13,00-0039074,Davis Allen,TE,CAR,1.4,7.3500000000000005,3.0,0.5,14.741666666666669,12,baseline,6.3627
13,00-0039144,Luke Musgrave,TE,DET,3.3000000000000003,2.6333333333333337,2.3333333333333335,0.0,12.409090909090908,11,baseline,4.4145
13,00-0039338,Brock Bowers,TE,LAC,22.3,9.799999999999999,8.333333333333334,1.0,9.681818181818182,11,baseline,11.3447
13,00-0039356,Ja'Tavion Sanders,TE,LA,0.0,5.333333333333333,3.3333333333333335,0.3333333333333333,14.163636363636362,11,baseline,6.022
13,00-0039530,Brevyn Spann-Ford,TE,KC,0.0,4.4,1.0,1.0,11.327272727272728,11,baseline,3.8841
13,00-0039793,AJ Barner,TE,MIN,7.7,7.066666666666667,6.333333333333333,1.0,14.663636363636364,11,baseline,8.9311
13,00-0039847,Theo Johnson,TE,NE,5.9,10.6,5.666666666666667,1.0,16.572727272727274,11,baseline,9.4623
13,00-0040126,Colston Loveland,TE,PHI,5.800000000000001,10.466666666666667,4.333333333333333,0.6666666666666666,8.245454545454546,11,baseline,8.3608
13,00-0040128,Tyler Warren,TE,HOU,11.2,13.7,8.5,1.0,9.954545454545453,11,baseline,12.6494
13,00-0040194,Jackson Hawes,TE,PIT,2.0,7.1,2.0,0.0,16.718181818181815,11,baseline,5.4916
13,00-0040584,Gunnar Helm,TE,JAX,8.3,9.0,6.0,0.0,17.681818181818183,11,baseline,9.2468
13,00-0040663,Harold Fannin Jr.,TE,SF,13.3,7.133333333333333,6.333333333333333,0.3333333333333333,14.408333333333333,12,baseline,8.9511
13,00-0040736,Mason Taylor,TE,ATL,4.1,4.5,3.6666666666666665,0.0,8.172727272727274,11,baseline,6.0369
13,00-0040739,Elijah Arroyo,TE,MIN,0.0,1.0,1.3333333333333333,0.0,14.663636363636364,11,baseline,3.1276
13,00-0034365,Ian Thomas,TE,LAC,1.8,5.3,2.5,0.0,9.681818181818182,11,baseline,5.3486
13,00-0036590,Quintin Morris,TE,TEN,2.4000000000000004,1.05,1.5,0.0,11.281818181818183,11,baseline,3.2753
13,00-0038558,Darnell Washington,TE,BUF,6.5,5.8,2.6666666666666665,0.0,5.454545454545454,11,baseline,5.6316
13,00-0040187,Mitchell Evans,TE,LA,5.0,1.6000000000000003,1.3333333333333333,0.3333333333333333,14.163636363636362,11,baseline,3.3079
13,00-0038046,Charlie Kolar,TE,CIN,2.7,1.1,1.0,0.3333333333333333,22.772727272727273,11,baseline,2.8923
13,00-0040189,Oronde Gadsden II,TE,LV,3.7,5.2,5.5,1.5,9.445454545454547,11,baseline,7.7067
13,00-0038564,Cameron Latu,TE,CHI,0.0,0.0,0.0,0.0,15.154545454545456,11,baseline,1.7657
13,00-0033357,Taysom Hill,TE,MIA,1.7,1.85,10.5,5.0,16.972727272727273,11,baseline,10.6802
13,00-0037838,Isaiah Likely,TE,CIN,14.5,3.0666666666666664,3.3333333333333335,0.3333333333333333,22.772727272727273,11,baseline,5.3408
13,00-0040737,Terrance Ferguson,TE,CAR,0.0,2.1,2.5,0.0,14.741666666666669,12,baseline,4.3869
13,00-0034613,Tanner Hudson,TE,BAL,8.4,3.55,2.0,0.0,11.1,11,baseline,4.4247
13,00-0034981,Foster Moreau,TE,MIA,3.3,1.8,2.0,0.5,16.972727272727273,11,baseline,3.8987
13,00-0037252,Greg Dulcich,TE,NO,4.4,3.5,4.0,1.0,13.563636363636363,11,baseline,6.0017
13,00-0034073,Ross Dwelley,TE,GB,1.3,0.0,0.5,0.0,13.563636363636364,11,baseline,2.1637
13,00-0040058,Nick Kallerup,TE,MIN,0.0,0.0,0.5,0.5,14.663636363636364,11,baseline,2.1637
13,00-0038589,Josh Whyle,TE,DET,0.0,4.15,1.0,0.5,12.409090909090908,11,baseline,3.8089
13,00-0030061,Zach Ertz,TE,DEN,20.6,8.8,6.5,1.0,12.745454545454548,11,plus_defense,9.5108
13,00-0030506,Travis Kelce,TE,DAL,15.5,16.25,10.0,1.0,13.572727272727274,11,plus_defense,14.5935
13,00-0033090,Hunter Henry,TE,NYG,11.3,11.633333333333333,6.666666666666667,1.6666666666666667,11.88,12,plus_defense,10.423
13,00-0033288,George Kittle,TE,CLE,10.7,20.63333333333333,8.333333333333334,2.0,12.572727272727274,11,plus_defense,14.5406
13,00-0033858,Jonnu Smith,TE,BUF,1.6,2.4000000000000004,3.0,0.6666666666666666,5.454545454545454,11,plus_defense,4.119
13,00-0033881,Evan Engram,TE,WAS,13.9,5.25,5.0,1.0,14.345454545454544,11,plus_defense,7.4139
13,00-0033885,David Njoku,TE,SF,2.4,5.9,2.0,0.5,14.408333333333333,12,plus_defense,5.2853
13,00-0034351,Dallas Goedert,TE,CHI,4.7,5.566666666666667,4.333333333333333,0.0,15.154545454545456,11,plus_defense,7.0711
13,00-0034383,Dalton Schultz,TE,IND,12.5,10.4,8.0,1.3333333333333333,16.318181818181817,11,plus_defense,11.5156
13,00-0034753,Mark Andrews,TE,CIN,8.7,9.4,5.333333333333333,1.3333333333333333,22.772727272727273,11,plus_defense,9.7648
13,00-0035229,T.J. Hockenson,TE,SEA,11.9,5.2,4.333333333333333,0.3333333333333333,16.618181818181817,11,plus_defense,7.1017
13,00-0035644,Noah Fant,TE,BAL,1.3,5.25,3.5,0.0,11.1,11,plus_defense,5.9306
13,00-0035689,Dawson Knox,TE,PIT,5.800000000000001,4.8999999999999995,3.6666666666666665,0.3333333333333333,16.718181818181815,11,plus_defense,6.501
13,00-0036040,Juwan Johnson,TE,MIA,8.9,14.900000000000002,5.5,0.5,16.972727272727273,11,plus_defense,11.0116
13,00-0036244,Colby Parkinson,TE,CAR,6.7,12.533333333333333,3.6666666666666665,2.0,14.741666666666669,12,plus_defense,8.6438
13,00-0036290,Cole Kmet,TE,PHI,12.6,4.1000000000000005,2.6666666666666665,0.3333333333333333,8.245454545454546,11,plus_defense,4.6521
13,00-0036422,Adam Trautman,TE,WAS,7.7,1.5,1.0,0.0,14.345454545454544,11,plus_defense,3.155
13,00-0036887,Luke Farrell,TE,CLE,0.0,3.6,1.0,0.3333333333333333,12.572727272727274,11,plus_defense,3.6247
13,00-0036970,Kyle Pitts,TE,NYJ,15.200000000000001,4.566666666666667,4.333333333333333,0.0,12.990909090909092,11,plus_defense,6.5541
13,00-0037292,Andrew Ogletree,TE,HOU,1.8,4.4,1.0,0.5,9.954545454545453,11,plus_defense,3.6141
13,00-0037306,John FitzPatrick,TE,DET,0.0,1.8,1.0,0.5,12.409090909090908,11,plus_defense,3.058
13,00-0037744,Trey McBride,TE,TB,22.200000000000003,24.03333333333333,11.333333333333334,2.0,12.172727272727276,11,plus_defense,17.8755
13,00-0037805,Jeremy Ruckert,TE,ATL,3.2,3.6500000000000004,3.0,0.5,8.172727272727274,11,plus_defense,4.7666
13,00-0037809,Chig Okonkwo,TE,JAX,6.9,7.800000000000001,3.5,0.0,17.681818181818183,11,plus_defense,7.3527
13,00-0038041,Jake Ferguson,TE,KC,8.6,11.35,6.0,2.5,11.327272727272728,11,plus_defense,9.7638
13,00-0038129,Cade Otton,TE,ARI,2.9,9.366666666666667,8.0,0.3333333333333333,15.318181818181818,11,plus_defense,11.1019
13,00-0039041,Elijah Higgins,TE,TB,3.7,2.3333333333333335,2.0,0.6666666666666666,12.172727272727276,11,plus_defense,3.976
13,00-0039074,Davis Allen,TE,CAR,1.4,7.3500000000000005,3.0,0.5,14.741666666666669,12,plus_defense,6.5393
13,00-0039144,Luke Musgrave,TE,DET,3.3000000000000003,2.6333333333333337,2.3333333333333335,0.0,12.409090909090908,11,plus_defense,4.3501
13,00-0039338,Brock Bowers,TE,LAC,22.3,9.799999999999999,8.333333333333334,1.0,9.681818181818182,11,plus_defense,10.9441
13,00-0039356,Ja'Tavion Sanders,TE,LA,0.0,5.333333333333333,3.3333333333333335,0.3333333333333333,14.163636363636362,11,plus_defense,6.1252
13,00-0039530,Brevyn Spann-Ford,TE,KC,0.0,4.4,1.0,1.0,11.327272727272728,11,plus_defense,3.748
13,00-0039793,AJ Barner,TE,MIN,7.7,7.066666666666667,6.333333333333333,1.0,14.663636363636364,11,plus_defense,9.0379
13,00-0039847,Theo Johnson,TE,NE,5.9,10.6,5.666666666666667,1.0,16.572727272727274,11,plus_defense,9.7866
13,00-0040126,Colston Loveland,TE,PHI,5.800000000000001,10.466666666666667,4.333333333333333,0.6666666666666666,8.245454545454546,11,plus_defense,7.8965
13,00-0040128,Tyler Warren,TE,HOU,11.2,13.7,8.5,1.0,9.954545454545453,11,plus_defense,12.2936
13,00-0040194,Jackson Hawes,TE,PIT,2.0,7.1,2.0,0.0,16.718181818181815,11,plus_defense,5.8777
13,00-0040584,Gunnar Helm,TE,JAX,8.3,9.0,6.0,0.0,17.681818181818183,11,plus_defense,9.6645
13,00-0040663,Harold Fannin Jr.,TE,SF,13.3,7.133333333333333,6.333333333333333,0.3333333333333333,14.408333333333333,12,plus_defense,9.0334
13,00-0040736,Mason Taylor,TE,ATL,4.1,4.5,3.6666666666666665,0.0,8.172727272727274,11,plus_defense,5.5452
13,00-0040739,Elijah Arroyo,TE,MIN,0.0,1.0,1.3333333333333333,0.0,14.663636363636364,11,plus_defense,3.2924
13,00-0034365,Ian Thomas,TE,LAC,1.8,5.3,2.5,0.0,9.681818181818182,11,plus_defense,5.0297
13,00-0036590,Quintin Morris,TE,TEN,2.4000000000000004,1.05,1.5,0.0,11.281818181818183,11,plus_defense,3.1075
13,00-0038558,Darnell Washington,TE,BUF,6.5,5.8,2.6666666666666665,0.0,5.454545454545454,11,plus_defense,4.9
13,00-0040187,Mitchell Evans,TE,LA,5.0,1.6000000000000003,1.3333333333333333,0.3333333333333333,14.163636363636362,11,plus_defense,3.4272
13,00-0038046,Charlie Kolar,TE,CIN,2.7,1.1,1.0,0.3333333333333333,22.772727272727273,11,plus_defense,3.8545
13,00-0040189,Oronde Gadsden II,TE,LV,3.7,5.2,5.5,1.5,9.445454545454547,11,plus_defense,7.3096
13,00-0038564,Cameron Latu,TE,CHI,0.0,0.0,0.0,0.0,15.154545454545456,11,plus_defense,1.9971
13,00-0033357,Taysom Hill,TE,MIA,1.7,1.85,10.5,5.0,16.972727272727273,11,plus_defense,10.9082
13,00-0037838,Isaiah Likely,TE,CIN,14.5,3.0666666666666664,3.3333333333333335,0.3333333333333333,22.772727272727273,11,plus_defense,6.2713
13,00-0040737,Terrance Ferguson,TE,CAR,0.0,2.1,2.5,0.0,14.741666666666669,12,plus_defense,4.5441
13,00-0034613,Tanner Hudson,TE,BAL,8.4,3.55,2.0,0.0,11.1,11,plus_defense,4.2436
13,00-0034981,Foster Moreau,TE,MIA,3.3,1.8,2.0,0.5,16.972727272727273,11,plus_defense,4.2809
13,00-0037252,Greg Dulcich,TE,NO,4.4,3.5,4.0,1.0,13.563636363636363,11,plus_defense,6.0243
13,00-0034073,Ross Dwelley,TE,GB,1.3,0.0,0.5,0.0,13.563636363636364,11,plus_defense,2.2309
13,00-0040058,Nick Kallerup,TE,MIN,0.0,0.0,0.5,0.5,14.663636363636364,11,plus_defense,2.3382
13,00-0038589,Josh Whyle,TE,DET,0.0,4.15,1.0,0.5,12.409090909090908,11,plus_defense,3.777
13,00-0030061,Zach Ertz,TE,DEN,20.6,8.8,6.5,1.0,12.745454545454548,11,plus_redzone_defense,9.5462
13,00-0030506,Travis Kelce,TE,DAL,15.5,16.25,10.0,1.0,13.572727272727274,11,plus_redzone_defense,14.1572
13,00-0033090,Hunter Henry,TE,NYG,11.3,11.633333333333333,6.666666666666667,1.6666666666666667,11.88,12,plus_redzone_defense,10.7732
13,00-0033288,George Kittle,TE,CLE,10.7,20.63333333333333,8.333333333333334,2.0,12.572727272727274,11,plus_redzone_defense,14.6366
13,00-0033858,Jonnu Smith,TE,BUF,1.6,2.4000000000000004,3.0,0.6666666666666666,5.454545454545454,11,plus_redzone_defense,4.348
13,00-0033881,Evan Engram,TE,WAS,13.9,5.25,5.0,1.0,14.345454545454544,11,plus_redzone_defense,7.6687
13,00-0033885,David Njoku,TE,SF,2.4,5.9,2.0,0.5,14.408333333333333,12,plus_redzone_defense,5.2723
13,00-0034351,Dallas Goedert,TE,CHI,4.7,5.566666666666667,4.333333333333333,0.0,15.154545454545456,11,plus_redzone_defense,6.6527
13,00-0034383,Dalton Schultz,TE,IND,12.5,10.4,8.0,1.3333333333333333,16.318181818181817,11,plus_redzone_defense,11.6518
13,00-0034753,Mark Andrews,TE,CIN,8.7,9.4,5.333333333333333,1.3333333333333333,22.772727272727273,11,plus_redzone_defense,10.0416
13,00-0035229,T.J. Hockenson,TE,SEA,11.9,5.2,4.333333333333333,0.3333333333333333,16.618181818181817,11,plus_redzone_defense,6.928
13,00-0035644,Noah Fant,TE,BAL,1.3,5.25,3.5,0.0,11.1,11,plus_redzone_defense,5.555
13,00-0035689,Dawson Knox,TE,PIT,5.800000000000001,4.8999999999999995,3.6666666666666665,0.3333333333333333,16.718181818181815,11,plus_redzone_defense,6.3646
13,00-0036040,Juwan Johnson,TE,MIA,8.9,14.900000000000002,5.5,0.5,16.972727272727273,11,plus_redzone_defense,10.4544
13,00-0036244,Colby Parkinson,TE,CAR,6.7,12.533333333333333,3.6666666666666665,2.0,14.741666666666669,12,plus_redzone_defense,9.283
13,00-0036290,Cole Kmet,TE,PHI,12.6,4.1000000000000005,2.6666666666666665,0.3333333333333333,8.245454545454546,11,plus_redzone_defense,4.5859
13,00-0036422,Adam Trautman,TE,WAS,7.7,1.5,1.0,0.0,14.345454545454544,11,plus_redzone_defense,3.0432
13,00-0036887,Luke Farrell,TE,CLE,0.0,3.6,1.0,0.3333333333333333,12.572727272727274,11,plus_redzone_defense,3.6406
13,00-0036970,Kyle Pitts,TE,NYJ,15.200000000000001,4.566666666666667,4.333333333333333,0.0,12.990909090909092,11,plus_redzone_defense,6.1824
13,00-0037292,Andrew Ogletree,TE,HOU,1.8,4.4,1.0,0.5,9.954545454545453,11,plus_redzone_defense,3.7053
13,00-0037306,John FitzPatrick,TE,DET,0.0,1.8,1.0,0.5,12.409090909090908,11,plus_redzone_defense,3.2722
13,00-0037744,Trey McBride,TE,TB,22.200000000000003,24.03333333333333,11.333333333333334,2.0,12.172727272727276,11,plus_redzone_defense,17.7077
13,00-0037805,Jeremy Ruckert,TE,ATL,3.2,3.6500000000000004,3.0,0.5,8.172727272727274,11,plus_redzone_defense,4.8237
13,00-0037809,Chig Okonkwo,TE,JAX,6.9,7.800000000000001,3.5,0.0,17.681818181818183,11,plus_redzone_defense,6.8584
13,00-0038041,Jake Ferguson,TE,KC,8.6,11.35,6.0,2.5,11.327272727272728,11,plus_redzone_defense,10.7181
13,00-0038129,Cade Otton,TE,ARI,2.9,9.366666666666667,8.0,0.3333333333333333,15.318181818181818,11,plus_redzone_defense,10.6051
13,00-0039041,Elijah Higgins,TE,TB,3.7,2.3333333333333335,2.0,0.6666666666666666,12.172727272727276,11,plus_redzone_defense,4.2441
13,00-0039074,Davis Allen,TE,CAR,1.4,7.3500000000000005,3.0,0.5,14.741666666666669,12,plus_redzone_defense,6.4236
13,00-0039144,Luke Musgrave,TE,DET,3.3000000000000003,2.6333333333333337,2.3333333333333335,0.0,12.409090909090908,11,plus_redzone_defense,4.1384
13,00-0039338,Brock Bowers,TE,LAC,22.3,9.799999999999999,8.333333333333334,1.0,9.681818181818182,11,plus_redzone_defense,10.8684
13,00-0039356,Ja'Tavion Sanders,TE,LA,0.0,5.333333333333333,3.3333333333333335,0.3333333333333333,14.163636363636362,11,plus_redzone_defense,5.9793
13,00-0039530,Brevyn Spann-Ford,TE,KC,0.0,4.4,1.0,1.0,11.327272727272728,11,plus_redzone_defense,4.1802
13,00-0039793,AJ Barner,TE,MIN,7.7,7.066666666666667,6.333333333333333,1.0,14.663636363636364,11,plus_redzone_defense,9.1611
13,00-0039847,Theo Johnson,TE,NE,5.9,10.6,5.666666666666667,1.0,16.572727272727274,11,plus_redzone_defense,9.7668
13,00-0040126,Colston Loveland,TE,PHI,5.800000000000001,10.466666666666667,4.333333333333333,0.6666666666666666,8.245454545454546,11,plus_redzone_defense,7.7
13,00-0040128,Tyler Warren,TE,HOU,11.2,13.7,8.5,1.0,9.954545454545453,11,plus_redzone_defense,12.0284
13,00-0040194,Jackson Hawes,TE,PIT,2.0,7.1,2.0,0.0,16.718181818181815,11,plus_redzone_defense,5.468
13,00-0040584,Gunnar Helm,TE,JAX,8.3,9.0,6.0,0.0,17.681818181818183,11,plus_redzone_defense,9.0274
13,00-0040663,Harold Fannin Jr.,TE,SF,13.3,7.133333333333333,6.333333333333333,0.3333333333333333,14.408333333333333,12,plus_redzone_defense,8.6992
13,00-0040736,Mason Taylor,TE,ATL,4.1,4.5,3.6666666666666665,0.0,8.172727272727274,11,plus_redzone_defense,5.1986
13,00-0040739,Elijah Arroyo,TE,MIN,0.0,1.0,1.3333333333333333,0.0,14.663636363636364,11,plus_redzone_defense,3.1926
13,00-0034365,Ian Thomas,TE,LAC,1.8,5.3,2.5,0.0,9.681818181818182,11,plus_redzone_defense,4.6859
13,00-0036590,Quintin Morris,TE,TEN,2.4000000000000004,1.05,1.5,0.0,11.281818181818183,11,plus_redzone_defense,2.9989
13,00-0038558,Darnell Washington,TE,BUF,6.5,5.8,2.6666666666666665,0.0,5.454545454545454,11,plus_redzone_defense,4.526
13,00-0040187,Mitchell Evans,TE,LA,5.0,1.6000000000000003,1.3333333333333333,0.3333333333333333,14.163636363636362,11,plus_redzone_defense,3.5262
13,00-0038046,Charlie Kolar,TE,CIN,2.7,1.1,1.0,0.3333333333333333,22.772727272727273,11,plus_redzone_defense,3.9906
13,00-0040189,Oronde Gadsden II,TE,LV,3.7,5.2,5.5,1.5,9.445454545454547,11,plus_redzone_defense,7.8891
13,00-0038564,Cameron Latu,TE,CHI,0.0,0.0,0.0,0.0,15.154545454545456,11,plus_redzone_defense,1.9906
13,00-0033357,Taysom Hill,TE,MIA,1.7,1.85,10.5,5.0,16.972727272727273,11,plus_redzone_defense,13.8595
13,00-0037838,Isaiah Likely,TE,CIN,14.5,3.0666666666666664,3.3333333333333335,0.3333333333333333,22.772727272727273,11,plus_redzone_defense,6.2341
13,00-0040737,Terrance Ferguson,TE,CAR,0.0,2.1,2.5,0.0,14.741666666666669,12,plus_redzone_defense,4.3522
13,00-0034613,Tanner Hudson,TE,BAL,8.4,3.55,2.0,0.0,11.1,11,plus_redzone_defense,3.9999
13,00-0034981,Foster Moreau,TE,MIA,3.3,1.8,2.0,0.5,16.972727272727273,11,plus_redzone_defense,4.4617
13,00-0037252,Greg Dulcich,TE,NO,4.4,3.5,4.0,1.0,13.563636363636363,11,plus_redzone_defense,6.3959
13,00-0034073,Ross Dwelley,TE,GB,1.3,0.0,0.5,0.0,13.563636363636364,11,plus_redzone_defense,2.2068
13,00-0040058,Nick Kallerup,TE,MIN,0.0,0.0,0.5,0.5,14.663636363636364,11,plus_redzone_defense,2.655
13,00-0038589,Josh Whyle,TE,DET,0.0,4.15,1.0,0.5,12.409090909090908,11,plus_redzone_defense,3.8805
14,00-0030061,Zach Ertz,TE,MIN,2.1,14.4,10.5,1.0,14.083333333333334,12,baseline,14.5559
14,00-0030506,Travis Kelce,TE,HOU,1.8,16.0,8.666666666666666,1.0,10.208333333333332,12,baseline,13.5277
14,00-0033858,Jonnu Smith,TE,BAL,0.0,2.466666666666667,3.0,1.0,11.533333333333333,12,baseline,4.8358
14,00-0033881,Evan Engram,TE,LV,2.8,10.600000000000001,7.0,1.5,8.966666666666669,12,baseline,10.5477
14,00-0033885,David Njoku,TE,TEN,7.1,2.05,2.0,0.0,11.666666666666666,12,baseline,3.8902
14,00-0034351,Dallas Goedert,TE,LAC,15.8,4.366666666666667,3.6666666666666665,0.0,10.883333333333333,12,baseline,5.9502
14,00-0034383,Dalton Schultz,TE,KC,5.2,8.466666666666667,7.0,1.3333333333333333,11.191666666666668,12,baseline,9.9111
14,00-0034753,Mark Andrews,TE,PIT,1.9,8.833333333333334,5.666666666666667,1.3333333333333333,15.975,12,baseline,8.9255
14,00-0034829,Mike Gesicki,TE,BUF,20.6,5.7,5.0,1.0,5.675,12,baseline,7.4431
14,00-0035229,T.J. Hockenson,TE,WAS,9.2,8.233333333333334,5.666666666666667,0.6666666666666666,14.949999999999998,12,baseline,8.7465
14,00-0035249,Josh Oliver,TE,WAS,16.4,1.0499999999999998,1.0,0.0,14.949999999999998,12,baseline,2.7706
14,00-0035644,Noah Fant,TE,BUF,2.5,3.9333333333333336,3.0,0.3333333333333333,5.675,12,baseline,5.2734
14,00-0035689,Dawson Knox,TE,CIN,15.3,4.6000000000000005,3.6666666666666665,0.3333333333333333,23.03333333333333,12,baseline,6.0198
14,00-0036040,Juwan Johnson,TE,TB,7.800000000000001,9.75,8.0,0.0,13.31666666666667,12,baseline,11.1153
14,00-0036244,Colby Parkinson,TE,ARI,12.2,10.066666666666666,3.6666666666666665,1.6666666666666667,14.458333333333334,12,baseline,7.651
14,00-0036290,Cole Kmet,TE,GB,6.2,7.8,3.0,0.0,12.658333333333333,12,baseline,6.4272
14,00-0036422,Adam Trautman,TE,LV,3.7,4.75,2.5,0.0,8.966666666666669,12,baseline,5.1065
14,00-0036637,Noah Gray,TE,HOU,2.4000000000000004,4.2,3.5,0.0,10.208333333333332,12,baseline,5.7636
14,00-0036825,Feleipe Franks,TE,SEA,0.0,0.1,0.5,0.0,16.224999999999998,12,baseline,2.0765
14,00-0036894,Pat Freiermuth,TE,BAL,2.9,6.9,2.0,0.5,11.533333333333333,12,baseline,5.3374
14,00-0036970,Kyle Pitts,TE,SEA,15.0,7.7,5.333333333333333,0.0,16.224999999999998,12,baseline,8.3136
14,00-0037292,Andrew Ogletree,TE,JAX,0.0,5.300000000000001,1.5,1.0,17.475,12,baseline,4.4493
14,00-0037306,John FitzPatrick,TE,CHI,3.4000000000000004,1.2,1.0,0.6666666666666666,14.283333333333333,12,baseline,2.8153
14,00-0037744,Trey McBride,TE,LA,10.8,22.2,10.0,1.3333333333333333,13.499999999999998,12,baseline,16.4727
14,00-0037805,Jeremy Ruckert,TE,MIA,3.9000000000000004,4.75,3.5,0.5,16.71666666666667,12,baseline,5.9277
14,00-0037809,Chig Okonkwo,TE,CLE,4.0,7.5,4.0,0.0,12.416666666666666,12,baseline,7.1589
14,00-0038041,Jake Ferguson,TE,DET,10.8,10.433333333333332,6.0,2.0,11.65,12,baseline,9.6767
14,00-0038129,Cade Otton,TE,NO,4.9,4.6000000000000005,4.666666666666667,0.6666666666666666,13.358333333333333,12,baseline,6.8411
14,00-0038547,Luke Schoonmaker,TE,DET,2.2,0.55,1.0,0.0,11.65,12,baseline,2.6214
14,00-0038935,Brenton Strange,TE,IND,5.7,13.9,4.5,0.5,16.325,12,baseline,9.4792
14,00-0039041,Elijah Higgins,TE,LA,1.0,2.266666666666667,1.6666666666666667,0.3333333333333333,13.499999999999998,12,baseline,3.6811
14,00-0039074,Davis Allen,TE,ARI,4.1,3.6500000000000004,2.5,0.5,14.458333333333334,12,baseline,4.7782
14,00-0039144,Luke Musgrave,TE,CHI,4.2,1.9666666666666668,1.6666666666666667,0.0,14.283333333333333,12,baseline,3.5916
14,00-0039338,Brock Bowers,TE,DEN,14.600000000000001,16.0,8.333333333333334,1.6666666666666667,13.841666666666669,12,baseline,13.254
14,00-0039530,Brevyn Spann-Ford,TE,DET,1.7000000000000002,2.9333333333333336,0.6666666666666666,0.6666666666666666,11.65,12,baseline,3.0588
14,00-0039648,David Martin-Robinson,TE,CLE,1.6,0.0,0.0,0.0,12.416666666666666,12,baseline,1.636
14,00-0039686,Colson Yankoff,TE,MIN,0.0,1.9000000000000001,1.0,0.0,14.083333333333334,12,baseline,3.0242
14,00-0039793,AJ Barner,TE,ATL,5.7,9.533333333333333,7.666666666666667,1.0,8.1,12,baseline,10.7769
14,00-0040126,Colston Loveland,TE,GB,12.9,9.233333333333333,5.0,0.6666666666666666,12.658333333333333,12,baseline,8.4974
14,00-0040128,Tyler Warren,TE,JAX,3.7,10.35,6.0,1.5,17.475,12,baseline,9.6518
14,00-0040194,Jackson Hawes,TE,CIN,7.3,3.3,1.5,0.0,23.03333333333333,12,baseline,3.8526
14,00-0040584,Gunnar Helm,TE,CLE,1.8,8.766666666666667,6.333333333333333,0.6666666666666666,12.416666666666666,12,baseline,9.4531
14,00-0040663,Harold Fannin Jr.,TE,TEN,25.4,8.766666666666667,6.0,0.3333333333333333,11.666666666666666,12,baseline,9.1794
14,00-0040736,Mason Taylor,TE,MIA,10.100000000000001,5.3999999999999995,4.333333333333333,0.0,16.71666666666667,12,baseline,6.8061
14,00-0040739,Elijah Arroyo,TE,ATL,0.0,0.5,1.6666666666666667,0.0,8.1,12,baseline,3.154
14,00-0034365,Ian Thomas,TE,DEN,3.7,4.133333333333334,2.0,0.0,13.841666666666669,12,baseline,4.5118
14,00-0036332,Josiah Deguara,TE,LA,0.0,0.8,0.5,0.0,13.499999999999998,12,baseline,2.2853
14,00-0036590,Quintin Morris,TE,IND,0.0,1.5,1.6666666666666667,0.3333333333333333,16.325,12,baseline,3.4523
14,00-0038558,Darnell Washington,TE,BAL,2.2,7.133333333333333,3.6666666666666665,0.0,11.533333333333333,12,baseline,6.7757
14,00-0038046,Charlie Kolar,TE,PIT,2.9000000000000004,0.9,0.6666666666666666,0.3333333333333333,15.975,12,baseline,2.4521
14,00-0040189,Oronde Gadsden II,TE,PHI,1.7000000000000002,4.9,3.5,0.0,9.091666666666667,12,baseline,5.9725
14,00-0038564,Cameron Latu,TE,LAC,0.0,0.0,0.0,0.0,10.883333333333333,12,baseline,1.636
14,00-0033357,Taysom Hill,TE,TB,-0.1,1.7000000000000002,7.0,3.5,13.31666666666667,12,baseline,7.892
14,00-0037838,Isaiah Likely,TE,PIT,12.5,6.666666666666667,4.0,0.3333333333333333,15.975,12,baseline,6.9103
14,00-0040737,Terrance Ferguson,TE,ARI,0.0,0.0,1.5,0.5,14.458333333333334,12,baseline,2.8679
14,00-0034613,Tanner Hudson,TE,BUF,2.1,5.166666666666667,2.0,0.6666666666666666,5.675,12,baseline,4.8202
14,00-0034981,Foster Moreau,TE,TB,2.6,1.65,1.5,0.0,13.31666666666667,12,baseline,3.3602
14,00-0034798,Durham Smythe,TE,GB,1.2,1.6,2.0,0.0,12.658333333333333,12,baseline,3.7559
14,00-0037252,Greg Dulcich,TE,NYJ,7.1000000000000005,4.1,3.0,1.0,13.174999999999999,12,baseline,5.3231
14,00-0034073,Ross Dwelley,TE,DAL,1.4,0.65,1.5,1.0,13.850000000000001,12,baseline,3.0618
14,00-0033439,Pharaoh Brown,TE,LA,0.0,0.0,0.0,0.0,13.499999999999998,12,baseline,1.636
14,00-0038589,Josh Whyle,TE,CHI,3.1,2.766666666666667,1.0,0.3333333333333333,14.283333333333333,12,baseline,3.2828
14,00-0030061,Zach Ertz,TE,MIN,2.1,14.4,10.5,1.0,14.083333333333334,12,plus_defense,14.5668
14,00-0030506,Travis Kelce,TE,HOU,1.8,16.0,8.666666666666666,1.0,10.208333333333332,12,plus_defense,13.2343
14,00-0033858,Jonnu Smith,TE,BAL,0.0,2.466666666666667,3.0,1.0,11.533333333333333,12,plus_defense,4.6816
14,00-0033881,Evan Engram,TE,LV,2.8,10.600000000000001,7.0,1.5,8.966666666666669,12,plus_defense,10.1422
14,00-0033885,David Njoku,TE,TEN,7.1,2.05,2.0,0.0,11.666666666666666,12,plus_defense,3.7627
14,00-0034351,Dallas Goedert,TE,LAC,15.8,4.366666666666667,3.6666666666666665,0.0,10.883333333333333,12,plus_defense,5.7374
14,00-0034383,Dalton Schultz,TE,KC,5.2,8.466666666666667,7.0,1.3333333333333333,11.191666666666668,12,plus_defense,9.6916
14,00-0034753,Mark Andrews,TE,PIT,1.9,8.833333333333334,5.666666666666667,1.3333333333333333,15.975,12,plus_defense,9.1563
14,00-0034829,Mike Gesicki,TE,BUF,20.6,5.7,5.0,1.0,5.675,12,plus_defense,6.7518
14,00-0035229,T.J. Hockenson,TE,WAS,9.2,8.233333333333334,5.666666666666667,0.6666666666666666,14.949999999999998,12,plus_defense,8.8827
14,00-0035249,Josh Oliver,TE,WAS,16.4,1.0499999999999998,1.0,0.0,14.949999999999998,12,plus_defense,2.9465
14,00-0035644,Noah Fant,TE,BUF,2.5,3.9333333333333336,3.0,0.3333333333333333,5.675,12,plus_defense,4.6064
14,00-0035689,Dawson Knox,TE,CIN,15.3,4.6000000000000005,3.6666666666666665,0.3333333333333333,23.03333333333333,12,plus_defense,6.8888
14,00-0036040,Juwan Johnson,TE,TB,7.800000000000001,9.75,8.0,0.0,13.31666666666667,12,plus_defense,11.0748
14,00-0036244,Colby Parkinson,TE,ARI,12.2,10.066666666666666,3.6666666666666665,1.6666666666666667,14.458333333333334,12,plus_defense,7.788
14,00-0036290,Cole Kmet,TE,GB,6.2,7.8,3.0,0.0,12.658333333333333,12,plus_defense,6.4028
14,00-0036422,Adam Trautman,TE,LV,3.7,4.75,2.5,0.0,8.966666666666669,12,plus_defense,4.7453
14,00-0036637,Noah Gray,TE,HOU,2.4000000000000004,4.2,3.5,0.0,10.208333333333332,12,plus_defense,5.4927
14,00-0036825,Feleipe Franks,TE,SEA,0.0,0.1,0.5,0.0,16.224999999999998,12,plus_defense,2.3691
14,00-0036894,Pat Freiermuth,TE,BAL,2.9,6.9,2.0,0.5,11.533333333333333,12,plus_defense,5.2251
14,00-0036970,Kyle Pitts,TE,SEA,15.0,7.7,5.333333333333333,0.0,16.224999999999998,12,plus_defense,8.5659
14,00-0037292,Andrew Ogletree,TE,JAX,0.0,5.300000000000001,1.5,1.0,17.475,12,plus_defense,4.865
14,00-0037306,John FitzPatrick,TE,CHI,3.4000000000000004,1.2,1.0,0.6666666666666666,14.283333333333333,12,plus_defense,2.9328
14,00-0037744,Trey McBride,TE,LA,10.8,22.2,10.0,1.3333333333333333,13.499999999999998,12,plus_defense,16.4839
14,00-0037805,Jeremy Ruckert,TE,MIA,3.9000000000000004,4.75,3.5,0.5,16.71666666666667,12,plus_defense,6.2387
14,00-0037809,Chig Okonkwo,TE,CLE,4.0,7.5,4.0,0.0,12.416666666666666,12,plus_defense,7.0943
14,00-0038041,Jake Ferguson,TE,DET,10.8,10.433333333333332,6.0,2.0,11.65,12,plus_defense,9.526
14,00-0038129,Cade Otton,TE,NO,4.9,4.6000000000000005,4.666666666666667,0.6666666666666666,13.358333333333333,12,plus_defense,6.8326
14,00-0038547,Luke Schoonmaker,TE,DET,2.2,0.55,1.0,0.0,11.65,12,plus_defense,2.5011
14,00-0038935,Brenton Strange,TE,IND,5.7,13.9,4.5,0.5,16.325,12,plus_defense,9.7893
14,00-0039041,Elijah Higgins,TE,LA,1.0,2.266666666666667,1.6666666666666667,0.3333333333333333,13.499999999999998,12,plus_defense,3.7235
14,00-0039074,Davis Allen,TE,ARI,4.1,3.6500000000000004,2.5,0.5,14.458333333333334,12,plus_defense,4.8993
14,00-0039144,Luke Musgrave,TE,CHI,4.2,1.9666666666666668,1.6666666666666667,0.0,14.283333333333333,12,plus_defense,3.702
14,00-0039338,Brock Bowers,TE,DEN,14.600000000000001,16.0,8.333333333333334,1.6666666666666667,13.841666666666669,12,plus_defense,13.2894
14,00-0039530,Brevyn Spann-Ford,TE,DET,1.7000000000000002,2.9333333333333336,0.6666666666666666,0.6666666666666666,11.65,12,plus_defense,2.9575
14,00-0039648,David Martin-Robinson,TE,CLE,1.6,0.0,0.0,0.0,12.416666666666666,12,plus_defense,1.5979
14,00-0039686,Colson Yankoff,TE,MIN,0.0,1.9000000000000001,1.0,0.0,14.083333333333334,12,plus_defense,3.1278
14,00-0039793,AJ Barner,TE,ATL,5.7,9.533333333333333,7.666666666666667,1.0,8.1,12,plus_defense,10.277
14,00-0040126,Colston Loveland,TE,GB,12.9,9.233333333333333,5.0,0.6666666666666666,12.658333333333333,12,plus_defense,8.4468
14,00-0040128,Tyler Warren,TE,JAX,3.7,10.35,6.0,1.5,17.475,12,plus_defense,10.0187
14,00-0040194,Jackson Hawes,TE,CIN,7.3,3.3,1.5,0.0,23.03333333333333,12,plus_defense,4.7514
14,00-0040584,Gunnar Helm,TE,CLE,1.8,8.766666666666667,6.333333333333333,0.6666666666666666,12.416666666666666,12,plus_defense,9.3557
14,00-0040663,Harold Fannin Jr.,TE,TEN,25.4,8.766666666666667,6.0,0.3333333333333333,11.666666666666666,12,plus_defense,9.0209
14,00-0040736,Mason Taylor,TE,MIA,10.100000000000001,5.3999999999999995,4.333333333333333,0.0,16.71666666666667,12,plus_defense,7.1064
14,00-0040739,Elijah Arroyo,TE,ATL,0.0,0.5,1.6666666666666667,0.0,8.1,12,plus_defense,2.7063
14,00-0034365,Ian Thomas,TE,DEN,3.7,4.133333333333334,2.0,0.0,13.841666666666669,12,plus_defense,4.5894
14,00-0036332,Josiah Deguara,TE,LA,0.0,0.8,0.5,0.0,13.499999999999998,12,plus_defense,2.3395
14,00-0036590,Quintin Morris,TE,IND,0.0,1.5,1.6666666666666667,0.3333333333333333,16.325,12,plus_defense,3.7417
14,00-0038558,Darnell Washington,TE,BAL,2.2,7.133333333333333,3.6666666666666665,0.0,11.533333333333333,12,plus_defense,6.6362
14,00-0038046,Charlie Kolar,TE,PIT,2.9000000000000004,0.9,0.6666666666666666,0.3333333333333333,15.975,12,plus_defense,2.724
14,00-0040189,Oronde Gadsden II,TE,PHI,1.7000000000000002,4.9,3.5,0.0,9.091666666666667,12,plus_defense,5.6062
14,00-0038564,Cameron Latu,TE,LAC,0.0,0.0,0.0,0.0,10.883333333333333,12,plus_defense,1.4616
14,00-0033357,Taysom Hill,TE,TB,-0.1,1.7000000000000002,7.0,3.5,13.31666666666667,12,plus_defense,7.8237
14,00-0037838,Isaiah Likely,TE,PIT,12.5,6.666666666666667,4.0,0.3333333333333333,15.975,12,plus_defense,7.1574
14,00-0040737,Terrance Ferguson,TE,ARI,0.0,0.0,1.5,0.5,14.458333333333334,12,plus_defense,2.9857
14,00-0034613,Tanner Hudson,TE,BUF,2.1,5.166666666666667,2.0,0.6666666666666666,5.675,12,plus_defense,4.1772
14,00-0034981,Foster Moreau,TE,TB,2.6,1.65,1.5,0.0,13.31666666666667,12,plus_defense,3.3857
14,00-0034798,Durham Smythe,TE,GB,1.2,1.6,2.0,0.0,12.658333333333333,12,plus_defense,3.7141
14,00-0037252,Greg Dulcich,TE,NYJ,7.1000000000000005,4.1,3.0,1.0,13.174999999999999,12,plus_defense,5.3241
14,00-0034073,Ross Dwelley,TE,DAL,1.4,0.65,1.5,1.0,13.850000000000001,12,plus_defense,3.1292
14,00-0033439,Pharaoh Brown,TE,LA,0.0,0.0,0.0,0.0,13.499999999999998,12,plus_defense,1.6943
14,00-0038589,Josh Whyle,TE,CHI,3.1,2.766666666666667,1.0,0.3333333333333333,14.283333333333333,12,plus_defense,3.4091
14,00-0030061,Zach Ertz,TE,MIN,2.1,14.4,10.5,1.0,14.083333333333334,12,plus_redzone_defense,14.4098
14,00-0030506,Travis Kelce,TE,HOU,1.8,16.0,8.666666666666666,1.0,10.208333333333332,12,plus_redzone_defense,13.0917
14,00-0033858,Jonnu Smith,TE,BAL,0.0,2.466666666666667,3.0,1.0,11.533333333333333,12,plus_redzone_defense,4.8373
14,00-0033881,Evan Engram,TE,LV,2.8,10.600000000000001,7.0,1.5,8.966666666666669,12,plus_redzone_defense,10.2312
14,00-0033885,David Njoku,TE,TEN,7.1,2.05,2.0,0.0,11.666666666666666,12,plus_redzone_defense,3.6954
14,00-0034351,Dallas Goedert,TE,LAC,15.8,4.366666666666667,3.6666666666666665,0.0,10.883333333333333,12,plus_redzone_defense,5.6054
14,00-0034383,Dalton Schultz,TE,KC,5.2,8.466666666666667,7.0,1.3333333333333333,11.191666666666668,12,plus_redzone_defense,9.7685
14,00-0034753,Mark Andrews,TE,PIT,1.9,8.833333333333334,5.666666666666667,1.3333333333333333,15.975,12,plus_redzone_defense,9.2541
14,00-0034829,Mike Gesicki,TE,BUF,20.6,5.7,5.0,1.0,5.675,12,plus_redzone_defense,6.8238
14,00-0035229,T.J. Hockenson,TE,WAS,9.2,8.233333333333334,5.666666666666667,0.6666666666666666,14.949999999999998,12,plus_redzone_defense,8.8233
14,00-0035249,Josh Oliver,TE,WAS,16.4,1.0499999999999998,1.0,0.0,14.949999999999998,12,plus_redzone_defense,2.9126
14,00-0035644,Noah Fant,TE,BUF,2.5,3.9333333333333336,3.0,0.3333333333333333,5.675,12,plus_redzone_defense,4.5767
14,00-0035689,Dawson Knox,TE,CIN,15.3,4.6000000000000005,3.6666666666666665,0.3333333333333333,23.03333333333333,12,plus_redzone_defense,6.8356
14,00-0036040,Juwan Johnson,TE,TB,7.800000000000001,9.75,8.0,0.0,13.31666666666667,12,plus_redzone_defense,10.7829
14,00-0036244,Colby Parkinson,TE,ARI,12.2,10.066666666666666,3.6666666666666665,1.6666666666666667,14.458333333333334,12,plus_redzone_defense,7.9911
14,00-0036290,Cole Kmet,TE,GB,6.2,7.8,3.0,0.0,12.658333333333333,12,plus_redzone_defense,6.2364
14,00-0036422,Adam Trautman,TE,LV,3.7,4.75,2.5,0.0,8.966666666666669,12,plus_redzone_defense,4.6311
14,00-0036637,Noah Gray,TE,HOU,2.4000000000000004,4.2,3.5,0.0,10.208333333333332,12,plus_redzone_defense,5.3663
14,00-0036825,Feleipe Franks,TE,SEA,0.0,0.1,0.5,0.0,16.224999999999998,12,plus_redzone_defense,2.358
14,00-0036894,Pat Freiermuth,TE,BAL,2.9,6.9,2.0,0.5,11.533333333333333,12,plus_redzone_defense,5.2151
14,00-0036970,Kyle Pitts,TE,SEA,15.0,7.7,5.333333333333333,0.0,16.224999999999998,12,plus_redzone_defense,8.3547
14,00-0037292,Andrew Ogletree,TE,JAX,0.0,5.300000000000001,1.5,1.0,17.475,12,plus_redzone_defense,5.0108
14,00-0037306,John FitzPatrick,TE,CHI,3.4000000000000004,1.2,1.0,0.6666666666666666,14.283333333333333,12,plus_redzone_defense,3.0625
14,00-0037744,Trey McBride,TE,LA,10.8,22.2,10.0,1.3333333333333333,13.499999999999998,12,plus_redzone_defense,16.312
14,00-0037805,Jeremy Ruckert,TE,MIA,3.9000000000000004,4.75,3.5,0.5,16.71666666666667,12,plus_redzone_defense,6.2285
14,00-0037809,Chig Okonkwo,TE,CLE,4.0,7.5,4.0,0.0,12.416666666666666,12,plus_redzone_defense,6.9123
14,00-0038041,Jake Ferguson,TE,DET,10.8,10.433333333333332,6.0,2.0,11.65,12,plus_redzone_defense,9.7611
14,00-0038129,Cade Otton,TE,NO,4.9,4.6000000000000005,4.666666666666667,0.6666666666666666,13.358333333333333,12,plus_redzone_defense,6.8431
14,00-0038547,Luke Schoonmaker,TE,DET,2.2,0.55,1.0,0.0,11.65,12,plus_redzone_defense,2.4742
14,00-0038935,Brenton Strange,TE,IND,5.7,13.9,4.5,0.5,16.325,12,plus_redzone_defense,9.6332
14,00-0039041,Elijah Higgins,TE,LA,1.0,2.266666666666667,1.6666666666666667,0.3333333333333333,13.499999999999998,12,plus_redzone_defense,3.7425
14,00-0039074,Davis Allen,TE,ARI,4.1,3.6500000000000004,2.5,0.5,14.458333333333334,12,plus_redzone_defense,4.9242
14,00-0039144,Luke Musgrave,TE,CHI,4.2,1.9666666666666668,1.6666666666666667,0.0,14.283333333333333,12,plus_redzone_defense,3.6423
14,00-0039338,Brock Bowers,TE,DEN,14.600000000000001,16.0,8.333333333333334,1.6666666666666667,13.841666666666669,12,plus_redzone_defense,13.3187
14,00-0039530,Brevyn Spann-Ford,TE,DET,1.7000000000000002,2.9333333333333336,0.6666666666666666,0.6666666666666666,11.65,12,plus_redzone_defense,3.07
14,00-0039648,David Martin-Robinson,TE,CLE,1.6,0.0,0.0,0.0,12.416666666666666,12,plus_redzone_defense,1.5983
14,00-0039686,Colson Yankoff,TE,MIN,0.0,1.9000000000000001,1.0,0.0,14.083333333333334,12,plus_redzone_defense,3.0822
14,00-0039793,AJ Barner,TE,ATL,5.7,9.533333333333333,7.666666666666667,1.0,8.1,12,plus_redzone_defense,10.2434
14,00-0040126,Colston Loveland,TE,GB,12.9,9.233333333333333,5.0,0.6666666666666666,12.658333333333333,12,plus_redzone_defense,8.3868
14,00-0040128,Tyler Warren,TE,JAX,3.7,10.35,6.0,1.5,17.475,12,plus_redzone_defense,10.1303
14,00-0040194,Jackson Hawes,TE,CIN,7.3,3.3,1.5,0.0,23.03333333333333,12,plus_redzone_defense,4.676
14,00-0040584,Gunnar Helm,TE,CLE,1.8,8.766666666666667,6.333333333333333,0.6666666666666666,12.416666666666666,12,plus_redzone_defense,9.2758
14,00-0040663,Harold Fannin Jr.,TE,TEN,25.4,8.766666666666667,6.0,0.3333333333333333,11.666666666666666,12,plus_redzone_defense,8.8649
14,00-0040736,Mason Taylor,TE,MIA,10.100000000000001,5.3999999999999995,4.333333333333333,0.0,16.71666666666667,12,plus_redzone_defense,6.9466
14,00-0040739,Elijah Arroyo,TE,ATL,0.0,0.5,1.6666666666666667,0.0,8.1,12,plus_redzone_defense,2.6672
14,00-0034365,Ian Thomas,TE,DEN,3.7,4.133333333333334,2.0,0.0,13.841666666666669,12,plus_redzone_defense,4.4932
14,00-0036332,Josiah Deguara,TE,LA,0.0,0.8,0.5,0.0,13.499999999999998,12,plus_redzone_defense,2.3189
14,00-0036590,Quintin Morris,TE,IND,0.0,1.5,1.6666666666666667,0.3333333333333333,16.325,12,plus_redzone_defense,3.7711
14,00-0038558,Darnell Washington,TE,BAL,2.2,7.133333333333333,3.6666666666666665,0.0,11.533333333333333,12,plus_redzone_defense,6.466
14,00-0038046,Charlie Kolar,TE,PIT,2.9000000000000004,0.9,0.6666666666666666,0.3333333333333333,15.975,12,plus_redzone_defense,2.7814
14,00-0040189,Oronde Gadsden II,TE,PHI,1.7000000000000002,4.9,3.5,0.0,9.091666666666667,12,plus_redzone_defense,5.4702
14,00-0038564,Cameron Latu,TE,LAC,0.0,0.0,0.0,0.0,10.883333333333333,12,plus_redzone_defense,1.4621
14,00-0033357,Taysom Hill,TE,TB,-0.1,1.7000000000000002,7.0,3.5,13.31666666666667,12,plus_redzone_defense,8.5321
14,00-0037838,Isaiah Likely,TE,PIT,12.5,6.666666666666667,4.0,0.3333333333333333,15.975,12,plus_redzone_defense,7.0695
14,00-0040737,Terrance Ferguson,TE,ARI,0.0,0.0,1.5,0.5,14.458333333333334,12,plus_redzone_defense,3.0806
14,00-0034613,Tanner Hudson,TE,BUF,2.1,5.166666666666667,2.0,0.6666666666666666,5.675,12,plus_redzone_defense,4.2329
14,00-0034981,Foster Moreau,TE,TB,2.6,1.65,1.5,0.0,13.31666666666667,12,plus_redzone_defense,3.3337
14,00-0034798,Durham Smythe,TE,GB,1.2,1.6,2.0,0.0,12.658333333333333,12,plus_redzone_defense,3.6529
14,00-0037252,Greg Dulcich,TE,NYJ,7.1000000000000005,4.1,3.0,1.0,13.174999999999999,12,plus_redzone_defense,5.4571
14,00-0034073,Ross Dwelley,TE,DAL,1.4,0.65,1.5,1.0,13.850000000000001,12,plus_redzone_defense,3.3394
14,00-0033439,Pharaoh Brown,TE,LA,0.0,0.0,0.0,0.0,13.499999999999998,12,plus_redzone_defense,1.6946
14,00-0038589,Josh Whyle,TE,CHI,3.1,2.766666666666667,1.0,0.3333333333333333,14.283333333333333,12,plus_redzone_defense,3.4343
15,00-0030506,Travis Kelce,TE,LAC,14.0,8.566666666666666,6.0,1.0,11.261538461538462,13,baseline,8.8719
15,00-0033090,Hunter Henry,TE,BUF,2.8,17.9,8.0,3.5,7.176923076923076,13,baseline,13.2754
15,00-0033288,George Kittle,TE,TEN,22.8,12.25,7.5,0.5,13.26923076923077,13,baseline,11.1368
15,00-0033858,Jonnu Smith,TE,MIA,10.600000000000001,2.466666666666667,2.6666666666666665,1.0,16.50769230769231,13,baseline,4.4912
15,00-0033881,Evan Engram,TE,GB,2.2,8.35,5.5,1.0,13.246153846153847,13,baseline,8.4333
15,00-0034351,Dallas Goedert,TE,LV,25.0,8.166666666666666,5.333333333333333,0.3333333333333333,8.77692307692308,13,baseline,8.2523
15,00-0034383,Dalton Schultz,TE,ARI,21.6,6.5,5.333333333333333,1.0,14.600000000000001,13,baseline,7.7308
15,00-0034753,Mark Andrews,TE,CIN,3.8,4.233333333333333,5.333333333333333,1.6666666666666667,24.084615384615383,13,baseline,7.0216
15,00-0034829,Mike Gesicki,TE,BAL,2.1,10.666666666666666,5.333333333333333,1.0,11.038461538461538,13,baseline,9.0346
15,00-0035229,T.J. Hockenson,TE,DAL,10.600000000000001,9.0,4.666666666666667,1.0,13.023076923076925,13,baseline,8.0187
15,00-0035249,Josh Oliver,TE,DAL,2.8,8.899999999999999,1.5,1.0,13.023076923076925,13,baseline,5.639
15,00-0035631,Drew Sample,TE,BAL,3.2,1.85,2.0,0.0,11.038461538461538,13,baseline,3.8039
15,00-0035689,Dawson Knox,TE,NE,18.7,8.6,5.0,1.3333333333333333,15.683333333333335,12,baseline,8.1407
15,00-0036040,Juwan Johnson,TE,CAR,7.0,9.1,6.666666666666667,0.0,14.230769230769234,13,baseline,9.5331
15,00-0036244,Colby Parkinson,TE,DET,24.5,11.0,4.666666666666667,2.3333333333333335,11.884615384615385,13,baseline,8.6445
15,00-0036290,Cole Kmet,TE,CLE,4.800000000000001,6.7,2.3333333333333335,0.3333333333333333,12.03076923076923,13,baseline,5.5686
15,00-0036741,Jack Stoll,TE,CAR,1.7000000000000002,0.8500000000000001,1.0,0.0,14.230769230769234,13,baseline,2.7494
15,00-0036894,Pat Freiermuth,TE,MIA,7.5,6.9,3.0,1.5,16.50769230769231,13,baseline,6.1256
15,00-0036970,Kyle Pitts,TE,TB,45.6,11.566666666666668,7.666666666666667,0.0,13.084615384615388,13,baseline,11.0465
15,00-0037306,John FitzPatrick,TE,DEN,4.8,1.8333333333333333,1.3333333333333333,0.3333333333333333,14.184615384615388,13,baseline,3.3043
15,00-0037744,Trey McBride,TE,HOU,37.4,16.633333333333336,9.333333333333334,1.0,9.746153846153845,13,baseline,13.8679
15,00-0037805,Jeremy Ruckert,TE,JAX,3.3,3.5500000000000003,2.5,0.0,16.415384615384617,13,baseline,4.7066
15,00-0037809,Chig Okonkwo,TE,SF,7.300000000000001,5.966666666666666,3.6666666666666665,0.0,14.507692307692308,13,baseline,6.3279
15,00-0038041,Jake Ferguson,TE,MIN,3.6,10.166666666666666,6.666666666666667,2.0,13.3,13,baseline,9.8669
15,00-0038547,Luke Schoonmaker,TE,MIN,3.9000000000000004,1.1,1.3333333333333333,0.0,13.3,13,baseline,3.0748
15,00-0038935,Brenton Strange,TE,NYJ,3.6,11.166666666666666,5.0,1.0,12.915384615384616,13,baseline,8.9438
15,00-0039041,Elijah Higgins,TE,HOU,1.3,1.5666666666666667,1.0,0.0,9.746153846153845,13,baseline,2.9736
15,00-0039074,Davis Allen,TE,DET,4.6,3.8000000000000003,2.3333333333333335,0.3333333333333333,11.884615384615385,13,baseline,4.6612
15,00-0039144,Luke Musgrave,TE,DEN,9.2,3.0666666666666664,2.3333333333333335,0.0,14.184615384615388,13,baseline,4.4318
15,00-0039338,Brock Bowers,TE,PHI,8.8,16.133333333333333,6.0,2.0,8.607692307692307,13,baseline,11.2395
15,00-0039356,Ja'Tavion Sanders,TE,NO,2.5,0.8,0.5,0.0,12.707692307692307,13,baseline,2.3629
15,00-0039359,Cade Stover,TE,ARI,5.2,1.95,4.0,2.0,14.600000000000001,13,baseline,5.3183
15,00-0039530,Brevyn Spann-Ford,TE,MIN,0.0,3.0333333333333337,0.6666666666666666,0.3333333333333333,13.3,13,baseline,3.1853
15,00-0039648,David Martin-Robinson,TE,SF,0.0,0.8,0.5,0.0,14.507692307692308,13,baseline,2.3629
15,00-0039686,Colson Yankoff,TE,NYG,0.0,1.2000000000000002,1.0,0.0,11.835384615384616,13,baseline,2.8589
15,00-0039793,AJ Barner,TE,IND,5.7,5.733333333333333,4.666666666666667,1.0,15.507692307692308,13,baseline,6.9965
15,00-0039847,Theo Johnson,TE,WAS,10.2,8.3,6.5,1.0,15.915384615384614,13,baseline,9.1592
15,00-0040126,Colston Loveland,TE,CLE,10.100000000000001,11.200000000000001,5.333333333333333,0.6666666666666666,12.03076923076923,13,baseline,9.2014
15,00-0040128,Tyler Warren,TE,SEA,4.9,8.133333333333333,6.333333333333333,2.6666666666666665,16.13076923076923,13,baseline,8.9835
15,00-0040194,Jackson Hawes,TE,NE,1.9,4.633333333333333,1.3333333333333333,0.3333333333333333,15.683333333333335,12,baseline,4.1804
15,00-0040584,Gunnar Helm,TE,SF,14.9,7.066666666666667,5.333333333333333,0.6666666666666666,14.507692307692308,13,baseline,7.9081
15,00-0040663,Harold Fannin Jr.,TE,CHI,12.0,15.700000000000001,8.0,0.3333333333333333,14.007692307692308,13,baseline,12.5871
15,00-0036590,Quintin Morris,TE,NYJ,4.0,0.8000000000000002,0.6666666666666666,0.3333333333333333,12.915384615384616,13,baseline,2.4865
15,00-0038558,Darnell Washington,TE,MIA,5.5,4.3,2.3333333333333335,0.0,16.50769230769231,13,baseline,4.8177
15,00-0040187,Mitchell Evans,TE,NO,0.0,2.5,2.0,0.5,12.707692307692307,13,baseline,4.0072
15,00-0038046,Charlie Kolar,TE,CIN,0.0,1.866666666666667,0.6666666666666666,0.0,24.084615384615383,13,baseline,2.8203
15,00-0040189,Oronde Gadsden II,TE,KC,10.100000000000001,2.7,3.0,0.0,10.73076923076923,13,baseline,4.8114
15,00-0031610,Darren Waller,TE,PIT,25.6,4.7,3.5,0.5,16.076923076923077,13,baseline,5.808
15,00-0033357,Taysom Hill,TE,CAR,0.2,1.1,6.0,2.3333333333333335,14.230769230769234,13,baseline,6.5355
15,00-0036628,John Bates,TE,NYG,2.9000000000000004,1.45,1.0,0.0,11.835384615384616,13,baseline,2.9371
15,00-0040737,Terrance Ferguson,TE,DET,1.6,0.0,1.3333333333333333,0.6666666666666666,11.884615384615385,13,baseline,2.7306
15,00-0034613,Tanner Hudson,TE,BAL,4.6,4.133333333333334,1.3333333333333333,0.6666666666666666,11.038461538461538,13,baseline,4.0239
15,00-0034798,Durham Smythe,TE,CLE,0.0,1.2999999999999998,1.0,0.0,12.03076923076923,13,baseline,2.8902
15,00-0037252,Greg Dulcich,TE,PIT,6.6000000000000005,5.75,2.5,0.5,16.076923076923077,13,baseline,5.395
15,00-0033439,Pharaoh Brown,TE,HOU,2.1,0.0,0.0,0.0,9.746153846153845,13,baseline,1.7418
15,00-0030506,Travis Kelce,TE,LAC,14.0,8.566666666666666,6.0,1.0,11.261538461538462,13,plus_defense,8.6555
15,00-0033090,Hunter Henry,TE,BUF,2.8,17.9,8.0,3.5,7.176923076923076,13,plus_defense,12.6561
15,00-0033288,George Kittle,TE,TEN,22.8,12.25,7.5,0.5,13.26923076923077,13,plus_defense,11.1225
15,00-0033858,Jonnu Smith,TE,MIA,10.600000000000001,2.466666666666667,2.6666666666666665,1.0,16.50769230769231,13,plus_defense,4.8321
15,00-0033881,Evan Engram,TE,GB,2.2,8.35,5.5,1.0,13.246153846153847,13,plus_defense,8.4268
15,00-0034351,Dallas Goedert,TE,LV,25.0,8.166666666666666,5.333333333333333,0.3333333333333333,8.77692307692308,13,plus_defense,7.7887
15,00-0034383,Dalton Schultz,TE,ARI,21.6,6.5,5.333333333333333,1.0,14.600000000000001,13,plus_defense,7.8567
15,00-0034753,Mark Andrews,TE,CIN,3.8,4.233333333333333,5.333333333333333,1.6666666666666667,24.084615384615383,13,plus_defense,8.11
15,00-0034829,Mike Gesicki,TE,BAL,2.1,10.666666666666666,5.333333333333333,1.0,11.038461538461538,13,plus_defense,8.8152
15,00-0035229,T.J. Hockenson,TE,DAL,10.600000000000001,9.0,4.666666666666667,1.0,13.023076923076925,13,plus_defense,8.0046
15,00-0035249,Josh Oliver,TE,DAL,2.8,8.899999999999999,1.5,1.0,13.023076923076925,13,plus_defense,5.6704
15,00-0035631,Drew Sample,TE,BAL,3.2,1.85,2.0,0.0,11.038461538461538,13,plus_defense,3.5901
15,00-0035689,Dawson Knox,TE,NE,18.7,8.6,5.0,1.3333333333333333,15.683333333333335,12,plus_defense,8.3928
15,00-0036040,Juwan Johnson,TE,CAR,7.0,9.1,6.666666666666667,0.0,14.230769230769234,13,plus_defense,9.6144
15,00-0036244,Colby Parkinson,TE,DET,24.5,11.0,4.666666666666667,2.3333333333333335,11.884615384615385,13,plus_defense,8.5232
15,00-0036290,Cole Kmet,TE,CLE,4.800000000000001,6.7,2.3333333333333335,0.3333333333333333,12.03076923076923,13,plus_defense,5.4754
15,00-0036741,Jack Stoll,TE,CAR,1.7000000000000002,0.8500000000000001,1.0,0.0,14.230769230769234,13,plus_defense,2.8729
15,00-0036894,Pat Freiermuth,TE,MIA,7.5,6.9,3.0,1.5,16.50769230769231,13,plus_defense,6.4831
15,00-0036970,Kyle Pitts,TE,TB,45.6,11.566666666666668,7.666666666666667,0.0,13.084615384615388,13,plus_defense,11.0076
15,00-0037306,John FitzPatrick,TE,DEN,4.8,1.8333333333333333,1.3333333333333333,0.3333333333333333,14.184615384615388,13,plus_defense,3.423
15,00-0037744,Trey McBride,TE,HOU,37.4,16.633333333333336,9.333333333333334,1.0,9.746153846153845,13,plus_defense,13.4867
15,00-0037805,Jeremy Ruckert,TE,JAX,3.3,3.5500000000000003,2.5,0.0,16.415384615384617,13,plus_defense,5.0457
15,00-0037809,Chig Okonkwo,TE,SF,7.300000000000001,5.966666666666666,3.6666666666666665,0.0,14.507692307692308,13,plus_defense,6.466
15,00-0038041,Jake Ferguson,TE,MIN,3.6,10.166666666666666,6.666666666666667,2.0,13.3,13,plus_defense,9.8578
15,00-0038547,Luke Schoonmaker,TE,MIN,3.9000000000000004,1.1,1.3333333333333333,0.0,13.3,13,plus_defense,3.0992
15,00-0038935,Brenton Strange,TE,NYJ,3.6,11.166666666666666,5.0,1.0,12.915384615384616,13,plus_defense,8.9243
15,00-0039041,Elijah Higgins,TE,HOU,1.3,1.5666666666666667,1.0,0.0,9.746153846153845,13,plus_defense,2.6404
15,00-0039074,Davis Allen,TE,DET,4.6,3.8000000000000003,2.3333333333333335,0.3333333333333333,11.884615384615385,13,plus_defense,4.5389
15,00-0039144,Luke Musgrave,TE,DEN,9.2,3.0666666666666664,2.3333333333333335,0.0,14.184615384615388,13,plus_defense,4.542
15,00-0039338,Brock Bowers,TE,PHI,8.8,16.133333333333333,6.0,2.0,8.607692307692307,13,plus_defense,10.7874
15,00-0039356,Ja'Tavion Sanders,TE,NO,2.5,0.8,0.5,0.0,12.707692307692307,13,plus_defense,2.3372
15,00-0039359,Cade Stover,TE,ARI,5.2,1.95,4.0,2.0,14.600000000000001,13,plus_defense,5.4415
15,00-0039530,Brevyn Spann-Ford,TE,MIN,0.0,3.0333333333333337,0.6666666666666666,0.3333333333333333,13.3,13,plus_defense,3.2288
15,00-0039648,David Martin-Robinson,TE,SF,0.0,0.8,0.5,0.0,14.507692307692308,13,plus_defense,2.5219
15,00-0039686,Colson Yankoff,TE,NYG,0.0,1.2000000000000002,1.0,0.0,11.835384615384616,13,plus_defense,2.7383
15,00-0039793,AJ Barner,TE,IND,5.7,5.733333333333333,4.666666666666667,1.0,15.507692307692308,13,plus_defense,7.2216
15,00-0039847,Theo Johnson,TE,WAS,10.2,8.3,6.5,1.0,15.915384615384614,13,plus_defense,9.4119
15,00-0040126,Colston Loveland,TE,CLE,10.100000000000001,11.200000000000001,5.333333333333333,0.6666666666666666,12.03076923076923,13,plus_defense,9.0865
15,00-0040128,Tyler Warren,TE,SEA,4.9,8.133333333333333,6.333333333333333,2.6666666666666665,16.13076923076923,13,plus_defense,9.2599
15,00-0040194,Jackson Hawes,TE,NE,1.9,4.633333333333333,1.3333333333333333,0.3333333333333333,15.683333333333335,12,plus_defense,4.4665
15,00-0040584,Gunnar Helm,TE,SF,14.9,7.066666666666667,5.333333333333333,0.6666666666666666,14.507692307692308,13,plus_defense,8.0273
15,00-0040663,Harold Fannin Jr.,TE,CHI,12.0,15.700000000000001,8.0,0.3333333333333333,14.007692307692308,13,plus_defense,12.6581
15,00-0036590,Quintin Morris,TE,NYJ,4.0,0.8000000000000002,0.6666666666666666,0.3333333333333333,12.915384615384616,13,plus_defense,2.4797
15,00-0038558,Darnell Washington,TE,MIA,5.5,4.3,2.3333333333333335,0.0,16.50769230769231,13,plus_defense,5.1723
15,00-0040187,Mitchell Evans,TE,NO,0.0,2.5,2.0,0.5,12.707692307692307,13,plus_defense,3.968
15,00-0038046,Charlie Kolar,TE,CIN,0.0,1.866666666666667,0.6666666666666666,0.0,24.084615384615383,13,plus_defense,3.965
15,00-0040189,Oronde Gadsden II,TE,KC,10.100000000000001,2.7,3.0,0.0,10.73076923076923,13,plus_defense,4.5557
15,00-0031610,Darren Waller,TE,PIT,25.6,4.7,3.5,0.5,16.076923076923077,13,plus_defense,6.1034
15,00-0033357,Taysom Hill,TE,CAR,0.2,1.1,6.0,2.3333333333333335,14.230769230769234,13,plus_defense,6.5877
15,00-0036628,John Bates,TE,NYG,2.9000000000000004,1.45,1.0,0.0,11.835384615384616,13,plus_defense,2.8177
15,00-0040737,Terrance Ferguson,TE,DET,1.6,0.0,1.3333333333333333,0.6666666666666666,11.884615384615385,13,plus_defense,2.6044
15,00-0034613,Tanner Hudson,TE,BAL,4.6,4.133333333333334,1.3333333333333333,0.6666666666666666,11.038461538461538,13,plus_defense,3.8309
15,00-0034798,Durham Smythe,TE,CLE,0.0,1.2999999999999998,1.0,0.0,12.03076923076923,13,plus_defense,2.7901
15,00-0037252,Greg Dulcich,TE,PIT,6.6000000000000005,5.75,2.5,0.5,16.076923076923077,13,plus_defense,5.71
15,00-0033439,Pharaoh Brown,TE,HOU,2.1,0.0,0.0,0.0,9.746153846153845,13,plus_defense,1.4155
15,00-0030506,Travis Kelce,TE,LAC,14.0,8.566666666666666,6.0,1.0,11.261538461538462,13,plus_redzone_defense,8.6594
15,00-0033090,Hunter Henry,TE,BUF,2.8,17.9,8.0,3.5,7.176923076923076,13,plus_redzone_defense,12.8011
15,00-0033288,George Kittle,TE,TEN,22.8,12.25,7.5,0.5,13.26923076923077,13,plus_redzone_defense,11.0646
15,00-0033858,Jonnu Smith,TE,MIA,10.600000000000001,2.466666666666667,2.6666666666666665,1.0,16.50769230769231,13,plus_redzone_defense,4.8808
15,00-0033881,Evan Engram,TE,GB,2.2,8.35,5.5,1.0,13.246153846153847,13,plus_redzone_defense,8.4347
15,00-0034351,Dallas Goedert,TE,LV,25.0,8.166666666666666,5.333333333333333,0.3333333333333333,8.77692307692308,13,plus_redzone_defense,7.7478
15,00-0034383,Dalton Schultz,TE,ARI,21.6,6.5,5.333333333333333,1.0,14.600000000000001,13,plus_redzone_defense,7.8728
15,00-0034753,Mark Andrews,TE,CIN,3.8,4.233333333333333,5.333333333333333,1.6666666666666667,24.084615384615383,13,plus_redzone_defense,8.1852
15,00-0034829,Mike Gesicki,TE,BAL,2.1,10.666666666666666,5.333333333333333,1.0,11.038461538461538,13,plus_redzone_defense,8.8153
15,00-0035229,T.J. Hockenson,TE,DAL,10.600000000000001,9.0,4.666666666666667,1.0,13.023076923076925,13,plus_redzone_defense,8.0153
15,00-0035249,Josh Oliver,TE,DAL,2.8,8.899999999999999,1.5,1.0,13.023076923076925,13,plus_redzone_defense,5.702
15,00-0035631,Drew Sample,TE,BAL,3.2,1.85,2.0,0.0,11.038461538461538,13,plus_redzone_defense,3.5697
15,00-0035689,Dawson Knox,TE,NE,18.7,8.6,5.0,1.3333333333333333,15.683333333333335,12,plus_redzone_defense,8.4283
15,00-0036040,Juwan Johnson,TE,CAR,7.0,9.1,6.666666666666667,0.0,14.230769230769234,13,plus_redzone_defense,9.536
15,00-0036244,Colby Parkinson,TE,DET,24.5,11.0,4.666666666666667,2.3333333333333335,11.884615384615385,13,plus_redzone_defense,8.6276
15,00-0036290,Cole Kmet,TE,CLE,4.800000000000001,6.7,2.3333333333333335,0.3333333333333333,12.03076923076923,13,plus_redzone_defense,5.4595
15,00-0036741,Jack Stoll,TE,CAR,1.7000000000000002,0.8500000000000001,1.0,0.0,14.230769230769234,13,plus_redzone_defense,2.8627
15,00-0036894,Pat Freiermuth,TE,MIA,7.5,6.9,3.0,1.5,16.50769230769231,13,plus_redzone_defense,6.5506
15,00-0036970,Kyle Pitts,TE,TB,45.6,11.566666666666668,7.666666666666667,0.0,13.084615384615388,13,plus_redzone_defense,10.9133
15,00-0037306,John FitzPatrick,TE,DEN,4.8,1.8333333333333333,1.3333333333333333,0.3333333333333333,14.184615384615388,13,plus_redzone_defense,3.4322
15,00-0037744,Trey McBride,TE,HOU,37.4,16.633333333333336,9.333333333333334,1.0,9.746153846153845,13,plus_redzone_defense,13.4381
15,00-0037805,Jeremy Ruckert,TE,JAX,3.3,3.5500000000000003,2.5,0.0,16.415384615384617,13,plus_redzone_defense,5.0154
15,00-0037809,Chig Okonkwo,TE,SF,7.300000000000001,5.966666666666666,3.6666666666666665,0.0,14.507692307692308,13,plus_redzone_defense,6.419
15,00-0038041,Jake Ferguson,TE,MIN,3.6,10.166666666666666,6.666666666666667,2.0,13.3,13,plus_redzone_defense,9.9272
15,00-0038547,Luke Schoonmaker,TE,MIN,3.9000000000000004,1.1,1.3333333333333333,0.0,13.3,13,plus_redzone_defense,3.0859
15,00-0038935,Brenton Strange,TE,NYJ,3.6,11.166666666666666,5.0,1.0,12.915384615384616,13,plus_redzone_defense,8.9246
15,00-0039041,Elijah Higgins,TE,HOU,1.3,1.5666666666666667,1.0,0.0,9.746153846153845,13,plus_redzone_defense,2.6275
15,00-0039074,Davis Allen,TE,DET,4.6,3.8000000000000003,2.3333333333333335,0.3333333333333333,11.884615384615385,13,plus_redzone_defense,4.5341
15,00-0039144,Luke Musgrave,TE,DEN,9.2,3.0666666666666664,2.3333333333333335,0.0,14.184615384615388,13,plus_redzone_defense,4.5146
15,00-0039338,Brock Bowers,TE,PHI,8.8,16.133333333333333,6.0,2.0,8.607692307692307,13,plus_redzone_defense,10.8382
15,00-0039356,Ja'Tavion Sanders,TE,NO,2.5,0.8,0.5,0.0,12.707692307692307,13,plus_redzone_defense,2.3304
15,00-0039359,Cade Stover,TE,ARI,5.2,1.95,4.0,2.0,14.600000000000001,13,plus_redzone_defense,5.5596
15,00-0039530,Brevyn Spann-Ford,TE,MIN,0.0,3.0333333333333337,0.6666666666666666,0.3333333333333333,13.3,13,plus_redzone_defense,3.2377
15,00-0039648,David Martin-Robinson,TE,SF,0.0,0.8,0.5,0.0,14.507692307692308,13,plus_redzone_defense,2.5151
15,00-0039686,Colson Yankoff,TE,NYG,0.0,1.2000000000000002,1.0,0.0,11.835384615384616,13,plus_redzone_defense,2.7268
15,00-0039793,AJ Barner,TE,IND,5.7,5.733333333333333,4.666666666666667,1.0,15.507692307692308,13,plus_redzone_defense,7.2449
15,00-0039847,Theo Johnson,TE,WAS,10.2,8.3,6.5,1.0,15.915384615384614,13,plus_redzone_defense,9.4136
15,00-0040126,Colston Loveland,TE,CLE,10.100000000000001,11.200000000000001,5.333333333333333,0.6666666666666666,12.03076923076923,13,plus_redzone_defense,9.0592
15,00-0040128,Tyler Warren,TE,SEA,4.9,8.133333333333333,6.333333333333333,2.6666666666666665,16.13076923076923,13,plus_redzone_defense,9.3898
15,00-0040194,Jackson Hawes,TE,NE,1.9,4.633333333333333,1.3333333333333333,0.3333333333333333,15.683333333333335,12,plus_redzone_defense,4.4649
15,00-0040584,Gunnar Helm,TE,SF,14.9,7.066666666666667,5.333333333333333,0.6666666666666666,14.507692307692308,13,plus_redzone_defense,8.0159
15,00-0040663,Harold Fannin Jr.,TE,CHI,12.0,15.700000000000001,8.0,0.3333333333333333,14.007692307692308,13,plus_redzone_defense,12.571
15,00-0036590,Quintin Morris,TE,NYJ,4.0,0.8000000000000002,0.6666666666666666,0.3333333333333333,12.915384615384616,13,plus_redzone_defense,2.4971
15,00-0038558,Darnell Washington,TE,MIA,5.5,4.3,2.3333333333333335,0.0,16.50769230769231,13,plus_redzone_defense,5.1402
15,00-0040187,Mitchell Evans,TE,NO,0.0,2.5,2.0,0.5,12.707692307692307,13,plus_redzone_defense,3.983
15,00-0038046,Charlie Kolar,TE,CIN,0.0,1.866666666666667,0.6666666666666666,0.0,24.084615384615383,13,plus_redzone_defense,3.9528
15,00-0040189,Oronde Gadsden II,TE,KC,10.100000000000001,2.7,3.0,0.0,10.73076923076923,13,plus_redzone_defense,4.5255
15,00-0031610,Darren Waller,TE,PIT,25.6,4.7,3.5,0.5,16.076923076923077,13,plus_redzone_defense,6.1002
15,00-0033357,Taysom Hill,TE,CAR,0.2,1.1,6.0,2.3333333333333335,14.230769230769234,13,plus_redzone_defense,6.7215
15,00-0036628,John Bates,TE,NYG,2.9000000000000004,1.45,1.0,0.0,11.835384615384616,13,plus_redzone_defense,2.8053
15,00-0040737,Terrance Ferguson,TE,DET,1.6,0.0,1.3333333333333333,0.6666666666666666,11.884615384615385,13,plus_redzone_defense,2.646
15,00-0034613,Tanner Hudson,TE,BAL,4.6,4.133333333333334,1.3333333333333333,0.6666666666666666,11.038461538461538,13,plus_redzone_defense,3.8566
15,00-0034798,Durham Smythe,TE,CLE,0.0,1.2999999999999998,1.0,0.0,12.03076923076923,13,plus_redzone_defense,2.7782
15,00-0037252,Greg Dulcich,TE,PIT,6.6000000000000005,5.75,2.5,0.5,16.076923076923077,13,plus_redzone_defense,5.7092
15,00-0033439,Pharaoh Brown,TE,HOU,2.1,0.0,0.0,0.0,9.746153846153845,13,plus_redzone_defense,1.4151
16,00-0030506,Travis Kelce,TE,TEN,1.6,10.433333333333334,6.666666666666667,0.3333333333333333,13.950000000000001,14,baseline,10.3783
16,00-0033090,Hunter Henry,TE,BAL,15.5,7.050000000000001,4.5,2.0,10.957142857142857,14,baseline,7.5327
16,00-0033288,George Kittle,TE,IND,24.5,16.75,7.0,1.0,14.942857142857141,14,baseline,12.4995
16,00-0033858,Jonnu Smith,TE,DET,2.8000000000000003,4.066666666666667,2.0,0.6666666666666666,13.228571428571428,14,baseline,4.5166
16,00-0033881,Evan Engram,TE,JAX,5.6,6.3,4.666666666666667,0.6666666666666666,15.47857142857143,14,baseline,7.4582
16,00-0034351,Dallas Goedert,TE,WAS,12.2,15.166666666666666,7.0,1.3333333333333333,15.97142857142857,14,baseline,12.0396
16,00-0034383,Dalton Schultz,TE,LV,14.5,13.1,7.0,1.0,10.035714285714288,14,baseline,11.4394
16,00-0034753,Mark Andrews,TE,NE,4.4,4.8,4.666666666666667,1.3333333333333333,16.553846153846155,13,baseline,7.0226
16,00-0034829,Mike Gesicki,TE,MIA,12.5,8.866666666666667,4.0,1.0,17.014285714285716,14,baseline,7.6304
16,00-0035229,T.J. Hockenson,TE,NYG,1.2,10.566666666666668,4.666666666666667,1.0,11.525714285714287,14,baseline,8.6973
16,00-0035249,Josh Oliver,TE,NYG,3.9000000000000004,9.6,1.5,1.0,11.525714285714287,14,baseline,5.6937
16,00-0035631,Drew Sample,TE,MIA,5.1,2.95,2.5,0.0,17.014285714285716,14,baseline,4.6223
16,00-0035689,Dawson Knox,TE,CLE,2.0,13.266666666666666,5.0,2.3333333333333335,12.235714285714286,14,baseline,9.7681
16,00-0036040,Juwan Johnson,TE,NYJ,16.9,7.900000000000001,5.666666666666667,0.3333333333333333,12.535714285714286,14,baseline,8.7827
16,00-0036244,Colby Parkinson,TE,SEA,4.1,14.466666666666667,5.666666666666667,3.0,15.328571428571427,14,baseline,10.6898
16,00-0036290,Cole Kmet,TE,GB,3.4000000000000004,7.866666666666667,3.3333333333333335,0.6666666666666666,12.457142857142857,14,baseline,6.7667
16,00-0036422,Adam Trautman,TE,JAX,3.4000000000000004,5.7,3.0,0.0,15.47857142857143,14,baseline,5.8508
16,00-0036741,Jack Stoll,TE,NYJ,1.4,0.8500000000000001,1.0,0.0,12.535714285714286,14,baseline,2.7226
16,00-0036876,Kylen Granson,TE,WAS,0.0,0.0,0.0,0.0,15.97142857142857,14,baseline,1.6159
16,00-0036894,Pat Freiermuth,TE,DET,6.0,5.2,4.0,1.0,13.228571428571428,14,baseline,6.5655
16,00-0036970,Kyle Pitts,TE,ARI,18.7,25.26666666666667,10.0,1.3333333333333333,15.471428571428573,14,baseline,17.5525
16,00-0037005,Tommy Tremble,TE,TB,1.6,2.25,3.0,0.0,15.63571428571429,14,baseline,4.8489
16,00-0037292,Andrew Ogletree,TE,SF,2.1,0.9,0.5,0.5,15.057142857142859,14,baseline,2.3072
16,00-0037306,John FitzPatrick,TE,CHI,0.0,2.733333333333333,2.3333333333333335,0.6666666666666666,13.864285714285714,14,baseline,4.416
16,00-0037744,Trey McBride,TE,ATL,6.7,23.46666666666667,10.333333333333334,2.0,7.892857142857143,14,baseline,17.3163
16,00-0037805,Jeremy Ruckert,TE,NO,3.4000000000000004,3.466666666666667,2.3333333333333335,0.0,12.214285714285714,14,baseline,4.629
16,00-0037809,Chig Okonkwo,TE,KC,16.4,6.066666666666667,4.333333333333333,0.3333333333333333,10.685714285714285,14,baseline,7.1038
16,00-0038041,Jake Ferguson,TE,LAC,4.9,7.666666666666667,5.666666666666667,1.0,11.457142857142857,14,baseline,8.715
16,00-0038129,Cade Otton,TE,CAR,3.5,3.9000000000000004,3.0,1.0,13.850000000000003,14,baseline,5.3281
16,00-0038933,Dalton Kincaid,TE,CLE,0.0,10.25,4.5,1.5,12.235714285714286,14,baseline,8.4621
16,00-0038935,Brenton Strange,TE,DEN,14.9,7.6000000000000005,4.333333333333333,1.3333333333333333,14.171428571428574,14,baseline,7.5491
16,00-0039041,Elijah Higgins,TE,ATL,16.1,2.0,1.6666666666666667,0.0,7.892857142857143,14,baseline,3.6298
16,00-0039074,Davis Allen,TE,SEA,5.4,3.3666666666666667,2.3333333333333335,0.3333333333333333,15.328571428571427,14,baseline,4.6
16,00-0039144,Luke Musgrave,TE,CHI,6.800000000000001,5.566666666666666,3.6666666666666665,0.3333333333333333,13.864285714285714,14,baseline,6.3854
16,00-0039338,Brock Bowers,TE,HOU,14.3,15.233333333333334,5.666666666666667,1.6666666666666667,11.964285714285714,14,baseline,10.9125
16,00-0039356,Ja'Tavion Sanders,TE,TB,8.9,1.25,1.0,0.0,15.63571428571429,14,baseline,2.8387
16,00-0039359,Cade Stover,TE,LV,2.7,4.55,4.5,3.0,10.035714285714288,14,baseline,6.8066
16,00-0039530,Brevyn Spann-Ford,TE,LAC,0.0,0.5666666666666668,0.6666666666666666,0.0,11.457142857142857,14,baseline,2.3537
16,00-0039648,David Martin-Robinson,TE,KC,0.0,0.5333333333333333,0.3333333333333333,0.0,10.685714285714285,14,baseline,2.0574
16,00-0039793,AJ Barner,TE,LA,15.0,6.366666666666667,5.333333333333333,0.6666666666666666,12.414285714285713,14,baseline,8.0508
16,00-0039847,Theo Johnson,TE,MIN,0.0,8.05,6.0,0.0,12.885714285714286,14,baseline,9.1129
16,00-0040126,Colston Loveland,TE,GB,6.0,9.600000000000001,5.666666666666667,1.0,12.457142857142857,14,baseline,9.2764
16,00-0040128,Tyler Warren,TE,SF,6.0,6.599999999999999,6.0,2.3333333333333335,15.057142857142859,14,baseline,8.6918
16,00-0040194,Jackson Hawes,TE,CLE,4.6,3.733333333333334,1.0,0.3333333333333333,12.235714285714286,14,baseline,3.56
16,00-0040584,Gunnar Helm,TE,KC,2.9,8.333333333333334,4.333333333333333,1.3333333333333333,10.685714285714285,14,baseline,7.7621
16,00-0040663,Harold Fannin Jr.,TE,BUF,19.5,16.900000000000002,10.666666666666666,1.0,6.864285714285714,14,baseline,15.6958
16,00-0036590,Quintin Morris,TE,DEN,1.5,2.1333333333333333,1.3333333333333333,0.3333333333333333,14.171428571428574,14,baseline,3.3819
16,00-0038558,Darnell Washington,TE,DET,6.6,4.733333333333333,3.0,0.0,13.228571428571428,14,baseline,5.5701
16,00-0039912,Ben Sinnott,TE,PHI,1.5,3.1999999999999997,1.0,0.0,8.62142857142857,14,baseline,3.4051
16,00-0040187,Mitchell Evans,TE,TB,5.300000000000001,2.5,1.5,0.0,15.63571428571429,14,baseline,3.6317
16,00-0038046,Charlie Kolar,TE,NE,2.8,1.866666666666667,0.6666666666666666,0.0,16.553846153846155,13,baseline,2.7312
16,00-0040189,Oronde Gadsden II,TE,DAL,1.7000000000000002,5.166666666666667,3.6666666666666665,0.0,13.05,14,baseline,6.2692
16,00-0031610,Darren Waller,TE,CIN,7.0,11.666666666666666,5.0,1.3333333333333333,22.635714285714283,14,baseline,9.3034
16,00-0033357,Taysom Hill,TE,NYJ,17.32,0.6,2.6666666666666665,0.3333333333333333,12.535714285714286,14,baseline,4.0831
16,00-0036628,John Bates,TE,PHI,0.0,1.9333333333333336,1.0,0.0,8.62142857142857,14,baseline,3.0372
16,00-0037838,Isaiah Likely,TE,NE,0.0,13.5,6.0,1.5,16.553846153846155,13,baseline,10.6957
16,00-0040737,Terrance Ferguson,TE,SEA,12.3,0.5333333333333333,1.6666666666666667,0.6666666666666666,15.328571428571427,14,baseline,3.2038
16,00-0034613,Tanner Hudson,TE,MIA,1.4,5.033333333333333,2.6666666666666665,1.0,17.014285714285716,14,baseline,5.3706
16,00-0034981,Foster Moreau,TE,NYJ,1.5,2.95,1.5,0.0,12.535714285714286,14,baseline,3.7624
16,00-0037475,Stone Smartt,TE,NO,8.4,0.0,0.5,0.0,12.214285714285714,14,baseline,2.0458
16,00-0037252,Greg Dulcich,TE,CIN,7.6000000000000005,6.033333333333334,2.3333333333333335,0.6666666666666666,22.635714285714283,14,baseline,5.3744
16,00-0033455,Anthony Firkser,TE,PIT,8.0,1.55,1.0,0.5,17.55,14,baseline,2.9259
16,00-0030506,Travis Kelce,TE,TEN,1.6,10.433333333333334,6.666666666666667,0.3333333333333333,13.950000000000001,14,plus_defense,10.4279
16,00-0033090,Hunter Henry,TE,BAL,15.5,7.050000000000001,4.5,2.0,10.957142857142857,14,plus_defense,7.3287
16,00-0033288,George Kittle,TE,IND,24.5,16.75,7.0,1.0,14.942857142857141,14,plus_defense,12.6711
16,00-0033858,Jonnu Smith,TE,DET,2.8000000000000003,4.066666666666667,2.0,0.6666666666666666,13.228571428571428,14,plus_defense,4.531
16,00-0033881,Evan Engram,TE,JAX,5.6,6.3,4.666666666666667,0.6666666666666666,15.47857142857143,14,plus_defense,7.6461
16,00-0034351,Dallas Goedert,TE,WAS,12.2,15.166666666666666,7.0,1.3333333333333333,15.97142857142857,14,plus_defense,12.2922
16,00-0034383,Dalton Schultz,TE,LV,14.5,13.1,7.0,1.0,10.035714285714288,14,plus_defense,11.1553
16,00-0034753,Mark Andrews,TE,NE,4.4,4.8,4.666666666666667,1.3333333333333333,16.553846153846155,13,plus_defense,7.2961
16,00-0034829,Mike Gesicki,TE,MIA,12.5,8.866666666666667,4.0,1.0,17.014285714285716,14,plus_defense,7.9796
16,00-0035229,T.J. Hockenson,TE,NYG,1.2,10.566666666666668,4.666666666666667,1.0,11.525714285714287,14,plus_defense,8.563
16,00-0035249,Josh Oliver,TE,NYG,3.9000000000000004,9.6,1.5,1.0,11.525714285714287,14,plus_defense,5.5995
16,00-0035631,Drew Sample,TE,MIA,5.1,2.95,2.5,0.0,17.014285714285716,14,plus_defense,4.9565
16,00-0035689,Dawson Knox,TE,CLE,2.0,13.266666666666666,5.0,2.3333333333333335,12.235714285714286,14,plus_defense,9.7083
16,00-0036040,Juwan Johnson,TE,NYJ,16.9,7.900000000000001,5.666666666666667,0.3333333333333333,12.535714285714286,14,plus_defense,8.7063
16,00-0036244,Colby Parkinson,TE,SEA,4.1,14.466666666666667,5.666666666666667,3.0,15.328571428571427,14,plus_defense,10.9008
16,00-0036290,Cole Kmet,TE,GB,3.4000000000000004,7.866666666666667,3.3333333333333335,0.6666666666666666,12.457142857142857,14,plus_defense,6.7172
16,00-0036422,Adam Trautman,TE,JAX,3.4000000000000004,5.7,3.0,0.0,15.47857142857143,14,plus_defense,6.0594
16,00-0036741,Jack Stoll,TE,NYJ,1.4,0.8500000000000001,1.0,0.0,12.535714285714286,14,plus_defense,2.6704
16,00-0036876,Kylen Granson,TE,WAS,0.0,0.0,0.0,0.0,15.97142857142857,14,plus_defense,1.8762
16,00-0036894,Pat Freiermuth,TE,DET,6.0,5.2,4.0,1.0,13.228571428571428,14,plus_defense,6.5577
16,00-0036970,Kyle Pitts,TE,ARI,18.7,25.26666666666667,10.0,1.3333333333333333,15.471428571428573,14,plus_defense,17.78
16,00-0037005,Tommy Tremble,TE,TB,1.6,2.25,3.0,0.0,15.63571428571429,14,plus_defense,5.0498
16,00-0037292,Andrew Ogletree,TE,SF,2.1,0.9,0.5,0.5,15.057142857142859,14,plus_defense,2.4851
16,00-0037306,John FitzPatrick,TE,CHI,0.0,2.733333333333333,2.3333333333333335,0.6666666666666666,13.864285714285714,14,plus_defense,4.4733
16,00-0037744,Trey McBride,TE,ATL,6.7,23.46666666666667,10.333333333333334,2.0,7.892857142857143,14,plus_defense,16.8589
16,00-0037805,Jeremy Ruckert,TE,NO,3.4000000000000004,3.466666666666667,2.3333333333333335,0.0,12.214285714285714,14,plus_defense,4.5453
16,00-0037809,Chig Okonkwo,TE,KC,16.4,6.066666666666667,4.333333333333333,0.3333333333333333,10.685714285714285,14,plus_defense,6.8722
16,00-0038041,Jake Ferguson,TE,LAC,4.9,7.666666666666667,5.666666666666667,1.0,11.457142857142857,14,plus_defense,8.5419
16,00-0038129,Cade Otton,TE,CAR,3.5,3.9000000000000004,3.0,1.0,13.850000000000003,14,plus_defense,5.3817
16,00-0038933,Dalton Kincaid,TE,CLE,0.0,10.25,4.5,1.5,12.235714285714286,14,plus_defense,8.3908
16,00-0038935,Brenton Strange,TE,DEN,14.9,7.6000000000000005,4.333333333333333,1.3333333333333333,14.171428571428574,14,plus_defense,7.6347
16,00-0039041,Elijah Higgins,TE,ATL,16.1,2.0,1.6666666666666667,0.0,7.892857142857143,14,plus_defense,3.1653
16,00-0039074,Davis Allen,TE,SEA,5.4,3.3666666666666667,2.3333333333333335,0.3333333333333333,15.328571428571427,14,plus_defense,4.7904
16,00-0039144,Luke Musgrave,TE,CHI,6.800000000000001,5.566666666666666,3.6666666666666665,0.3333333333333333,13.864285714285714,14,plus_defense,6.4409
16,00-0039338,Brock Bowers,TE,HOU,14.3,15.233333333333334,5.666666666666667,1.6666666666666667,11.964285714285714,14,plus_defense,10.8313
16,00-0039356,Ja'Tavion Sanders,TE,TB,8.9,1.25,1.0,0.0,15.63571428571429,14,plus_defense,3.0626
16,00-0039359,Cade Stover,TE,LV,2.7,4.55,4.5,3.0,10.035714285714288,14,plus_defense,6.5057
16,00-0039530,Brevyn Spann-Ford,TE,LAC,0.0,0.5666666666666668,0.6666666666666666,0.0,11.457142857142857,14,plus_defense,2.2094
16,00-0039648,David Martin-Robinson,TE,KC,0.0,0.5333333333333333,0.3333333333333333,0.0,10.685714285714285,14,plus_defense,1.8496
16,00-0039793,AJ Barner,TE,LA,15.0,6.366666666666667,5.333333333333333,0.6666666666666666,12.414285714285713,14,plus_defense,7.959
16,00-0039847,Theo Johnson,TE,MIN,0.0,8.05,6.0,0.0,12.885714285714286,14,plus_defense,9.0634
16,00-0040126,Colston Loveland,TE,GB,6.0,9.600000000000001,5.666666666666667,1.0,12.457142857142857,14,plus_defense,9.2037
16,00-0040128,Tyler Warren,TE,SF,6.0,6.599999999999999,6.0,2.3333333333333335,15.057142857142859,14,plus_defense,8.8249
16,00-0040194,Jackson Hawes,TE,CLE,4.6,3.733333333333334,1.0,0.3333333333333333,12.235714285714286,14,plus_defense,3.4992
16,00-0040584,Gunnar Helm,TE,KC,2.9,8.333333333333334,4.333333333333333,1.3333333333333333,10.685714285714285,14,plus_defense,7.5446
16,00-0040663,Harold Fannin Jr.,TE,BUF,19.5,16.900000000000002,10.666666666666666,1.0,6.864285714285714,14,plus_defense,15.1019
16,00-0036590,Quintin Morris,TE,DEN,1.5,2.1333333333333333,1.3333333333333333,0.3333333333333333,14.171428571428574,14,plus_defense,3.4772
16,00-0038558,Darnell Washington,TE,DET,6.6,4.733333333333333,3.0,0.0,13.228571428571428,14,plus_defense,5.574
16,00-0039912,Ben Sinnott,TE,PHI,1.5,3.1999999999999997,1.0,0.0,8.62142857142857,14,plus_defense,3.022
16,00-0040187,Mitchell Evans,TE,TB,5.300000000000001,2.5,1.5,0.0,15.63571428571429,14,plus_defense,3.8561
16,00-0038046,Charlie Kolar,TE,NE,2.8,1.866666666666667,0.6666666666666666,0.0,16.553846153846155,13,plus_defense,3.0448
16,00-0040189,Oronde Gadsden II,TE,DAL,1.7000000000000002,5.166666666666667,3.6666666666666665,0.0,13.05,14,plus_defense,6.2503
16,00-0031610,Darren Waller,TE,CIN,7.0,11.666666666666666,5.0,1.3333333333333333,22.635714285714283,14,plus_defense,10.1516
16,00-0033357,Taysom Hill,TE,NYJ,17.32,0.6,2.6666666666666665,0.3333333333333333,12.535714285714286,14,plus_defense,4.005
16,00-0036628,John Bates,TE,PHI,0.0,1.9333333333333336,1.0,0.0,8.62142857142857,14,plus_defense,2.6463
16,00-0037838,Isaiah Likely,TE,NE,0.0,13.5,6.0,1.5,16.553846153846155,13,plus_defense,11.0039
16,00-0040737,Terrance Ferguson,TE,SEA,12.3,0.5333333333333333,1.6666666666666667,0.6666666666666666,15.328571428571427,14,plus_defense,3.3864
16,00-0034613,Tanner Hudson,TE,MIA,1.4,5.033333333333333,2.6666666666666665,1.0,17.014285714285716,14,plus_defense,5.7154
16,00-0034981,Foster Moreau,TE,NYJ,1.5,2.95,1.5,0.0,12.535714285714286,14,plus_defense,3.716
16,00-0037475,Stone Smartt,TE,NO,8.4,0.0,0.5,0.0,12.214285714285714,14,plus_defense,1.9672
16,00-0037252,Greg Dulcich,TE,CIN,7.6000000000000005,6.033333333333334,2.3333333333333335,0.6666666666666666,22.635714285714283,14,plus_defense,6.2264
16,00-0033455,Anthony Firkser,TE,PIT,8.0,1.55,1.0,0.5,17.55,14,plus_defense,3.3206
16,00-0030506,Travis Kelce,TE,TEN,1.6,10.433333333333334,6.666666666666667,0.3333333333333333,13.950000000000001,14,plus_redzone_defense,10.7646
16,00-0033090,Hunter Henry,TE,BAL,15.5,7.050000000000001,4.5,2.0,10.957142857142857,14,plus_redzone_defense,6.7936
16,00-0033288,George Kittle,TE,IND,24.5,16.75,7.0,1.0,14.942857142857141,14,plus_redzone_defense,12.8655
16,00-0033858,Jonnu Smith,TE,DET,2.8000000000000003,4.066666666666667,2.0,0.6666666666666666,13.228571428571428,14,plus_redzone_defense,4.4112
16,00-0033881,Evan Engram,TE,JAX,5.6,6.3,4.666666666666667,0.6666666666666666,15.47857142857143,14,plus_redzone_defense,7.6772
16,00-0034351,Dallas Goedert,TE,WAS,12.2,15.166666666666666,7.0,1.3333333333333333,15.97142857142857,14,plus_redzone_defense,12.3111
16,00-0034383,Dalton Schultz,TE,LV,14.5,13.1,7.0,1.0,10.035714285714288,14,plus_redzone_defense,11.2716
16,00-0034753,Mark Andrews,TE,NE,4.4,4.8,4.666666666666667,1.3333333333333333,16.553846153846155,13,plus_redzone_defense,7.0101
16,00-0034829,Mike Gesicki,TE,MIA,12.5,8.866666666666667,4.0,1.0,17.014285714285716,14,plus_redzone_defense,7.8954
16,00-0035229,T.J. Hockenson,TE,NYG,1.2,10.566666666666668,4.666666666666667,1.0,11.525714285714287,14,plus_redzone_defense,8.5371
16,00-0035249,Josh Oliver,TE,NYG,3.9000000000000004,9.6,1.5,1.0,11.525714285714287,14,plus_redzone_defense,5.4307
16,00-0035631,Drew Sample,TE,MIA,5.1,2.95,2.5,0.0,17.014285714285716,14,plus_redzone_defense,5.1213
16,00-0035689,Dawson Knox,TE,CLE,2.0,13.266666666666666,5.0,2.3333333333333335,12.235714285714286,14,plus_redzone_defense,9.1787
16,00-0036040,Juwan Johnson,TE,NYJ,16.9,7.900000000000001,5.666666666666667,0.3333333333333333,12.535714285714286,14,plus_redzone_defense,8.951
16,00-0036244,Colby Parkinson,TE,SEA,4.1,14.466666666666667,5.666666666666667,3.0,15.328571428571427,14,plus_redzone_defense,10.1369
16,00-0036290,Cole Kmet,TE,GB,3.4000000000000004,7.866666666666667,3.3333333333333335,0.6666666666666666,12.457142857142857,14,plus_redzone_defense,6.7274
16,00-0036422,Adam Trautman,TE,JAX,3.4000000000000004,5.7,3.0,0.0,15.47857142857143,14,plus_redzone_defense,6.2998
16,00-0036741,Jack Stoll,TE,NYJ,1.4,0.8500000000000001,1.0,0.0,12.535714285714286,14,plus_redzone_defense,2.7313
16,00-0036876,Kylen Granson,TE,WAS,0.0,0.0,0.0,0.0,15.97142857142857,14,plus_redzone_defense,1.8824
16,00-0036894,Pat Freiermuth,TE,DET,6.0,5.2,4.0,1.0,13.228571428571428,14,plus_redzone_defense,6.3958
16,00-0036970,Kyle Pitts,TE,ARI,18.7,25.26666666666667,10.0,1.3333333333333333,15.471428571428573,14,plus_redzone_defense,18.1242
16,00-0037005,Tommy Tremble,TE,TB,1.6,2.25,3.0,0.0,15.63571428571429,14,plus_redzone_defense,5.2189
16,00-0037292,Andrew Ogletree,TE,SF,2.1,0.9,0.5,0.5,15.057142857142859,14,plus_redzone_defense,2.314
16,00-0037306,John FitzPatrick,TE,CHI,0.0,2.733333333333333,2.3333333333333335,0.6666666666666666,13.864285714285714,14,plus_redzone_defense,4.3392
16,00-0037744,Trey McBride,TE,ATL,6.7,23.46666666666667,10.333333333333334,2.0,7.892857142857143,14,plus_redzone_defense,16.8885
16,00-0037805,Jeremy Ruckert,TE,NO,3.4000000000000004,3.466666666666667,2.3333333333333335,0.0,12.214285714285714,14,plus_redzone_defense,4.7119
16,00-0037809,Chig Okonkwo,TE,KC,16.4,6.066666666666667,4.333333333333333,0.3333333333333333,10.685714285714285,14,plus_redzone_defense,7.0263
16,00-0038041,Jake Ferguson,TE,LAC,4.9,7.666666666666667,5.666666666666667,1.0,11.457142857142857,14,plus_redzone_defense,8.4948
16,00-0038129,Cade Otton,TE,CAR,3.5,3.9000000000000004,3.0,1.0,13.850000000000003,14,plus_redzone_defense,5.1543
16,00-0038933,Dalton Kincaid,TE,CLE,0.0,10.25,4.5,1.5,12.235714285714286,14,plus_redzone_defense,8.1374
16,00-0038935,Brenton Strange,TE,DEN,14.9,7.6000000000000005,4.333333333333333,1.3333333333333333,14.171428571428574,14,plus_redzone_defense,7.3925
16,00-0039041,Elijah Higgins,TE,ATL,16.1,2.0,1.6666666666666667,0.0,7.892857142857143,14,plus_redzone_defense,3.2735
16,00-0039074,Davis Allen,TE,SEA,5.4,3.3666666666666667,2.3333333333333335,0.3333333333333333,15.328571428571427,14,plus_redzone_defense,4.8134
16,00-0039144,Luke Musgrave,TE,CHI,6.800000000000001,5.566666666666666,3.6666666666666665,0.3333333333333333,13.864285714285714,14,plus_redzone_defense,6.5603
16,00-0039338,Brock Bowers,TE,HOU,14.3,15.233333333333334,5.666666666666667,1.6666666666666667,11.964285714285714,14,plus_redzone_defense,10.6546
16,00-0039356,Ja'Tavion Sanders,TE,TB,8.9,1.25,1.0,0.0,15.63571428571429,14,plus_redzone_defense,3.1334
16,00-0039359,Cade Stover,TE,LV,2.7,4.55,4.5,3.0,10.035714285714288,14,plus_redzone_defense,5.4887
16,00-0039530,Brevyn Spann-Ford,TE,LAC,0.0,0.5666666666666668,0.6666666666666666,0.0,11.457142857142857,14,plus_redzone_defense,2.2509
16,00-0039648,David Martin-Robinson,TE,KC,0.0,0.5333333333333333,0.3333333333333333,0.0,10.685714285714285,14,plus_redzone_defense,1.8772
16,00-0039793,AJ Barner,TE,LA,15.0,6.366666666666667,5.333333333333333,0.6666666666666666,12.414285714285713,14,plus_redzone_defense,8.0157
16,00-0039847,Theo Johnson,TE,MIN,0.0,8.05,6.0,0.0,12.885714285714286,14,plus_redzone_defense,9.4676
16,00-0040126,Colston Loveland,TE,GB,6.0,9.600000000000001,5.666666666666667,1.0,12.457142857142857,14,plus_redzone_defense,9.1971
16,00-0040128,Tyler Warren,TE,SF,6.0,6.599999999999999,6.0,2.3333333333333335,15.057142857142859,14,plus_redzone_defense,8.1976
16,00-0040194,Jackson Hawes,TE,CLE,4.6,3.733333333333334,1.0,0.3333333333333333,12.235714285714286,14,plus_redzone_defense,3.4764
16,00-0040584,Gunnar Helm,TE,KC,2.9,8.333333333333334,4.333333333333333,1.3333333333333333,10.685714285714285,14,plus_redzone_defense,7.3159
16,00-0040663,Harold Fannin Jr.,TE,BUF,19.5,16.900000000000002,10.666666666666666,1.0,6.864285714285714,14,plus_redzone_defense,15.4377
16,00-0036590,Quintin Morris,TE,DEN,1.5,2.1333333333333333,1.3333333333333333,0.3333333333333333,14.171428571428574,14,plus_redzone_defense,3.4352
16,00-0038558,Darnell Washington,TE,DET,6.6,4.733333333333333,3.0,0.0,13.228571428571428,14,plus_redzone_defense,5.7933
16,00-0039912,Ben Sinnott,TE,PHI,1.5,3.1999999999999997,1.0,0.0,8.62142857142857,14,plus_redzone_defense,3.1296
16,00-0040187,Mitchell Evans,TE,TB,5.300000000000001,2.5,1.5,0.0,15.63571428571429,14,plus_redzone_defense,3.9721
16,00-0038046,Charlie Kolar,TE,NE,2.8,1.866666666666667,0.6666666666666666,0.0,16.553846153846155,13,plus_redzone_defense,3.1159
16,00-0040189,Oronde Gadsden II,TE,DAL,1.7000000000000002,5.166666666666667,3.6666666666666665,0.0,13.05,14,plus_redzone_defense,6.5044
16,00-0031610,Darren Waller,TE,CIN,7.0,11.666666666666666,5.0,1.3333333333333333,22.635714285714283,14,plus_redzone_defense,10.0238
16,00-0033357,Taysom Hill,TE,NYJ,17.32,0.6,2.6666666666666665,0.3333333333333333,12.535714285714286,14,plus_redzone_defense,3.9822
16,00-0036628,John Bates,TE,PHI,0.0,1.9333333333333336,1.0,0.0,8.62142857142857,14,plus_redzone_defense,2.7276
16,00-0037838,Isaiah Likely,TE,NE,0.0,13.5,6.0,1.5,16.553846153846155,13,plus_redzone_defense,10.8782
16,00-0040737,Terrance Ferguson,TE,SEA,12.3,0.5333333333333333,1.6666666666666667,0.6666666666666666,15.328571428571427,14,plus_redzone_defense,3.1816
16,00-0034613,Tanner Hudson,TE,MIA,1.4,5.033333333333333,2.6666666666666665,1.0,17.014285714285716,14,plus_redzone_defense,5.5001
16,00-0034981,Foster Moreau,TE,NYJ,1.5,2.95,1.5,0.0,12.535714285714286,14,plus_redzone_defense,3.8397
16,00-0037475,Stone Smartt,TE,NO,8.4,0.0,0.5,0.0,12.214285714285714,14,plus_redzone_defense,1.991
16,00-0037252,Greg Dulcich,TE,CIN,7.6000000000000005,6.033333333333334,2.3333333333333335,0.6666666666666666,22.635714285714283,14,plus_redzone_defense,6.165
16,00-0033455,Anthony Firkser,TE,PIT,8.0,1.55,1.0,0.5,17.55,14,plus_redzone_defense,3.1836
17,00-0030506,Travis Kelce,TE,DEN,8.6,5.800000000000001,6.0,0.0,14.320000000000002,15,baseline,8.5256
17,00-0033090,Hunter Henry,TE,NYJ,13.9,9.15,5.0,1.0,14.174666666666667,15,baseline,8.5043
17,00-0033217,Mo Alie-Cox,TE,JAX,11.0,1.8,2.0,0.5,15.046666666666669,15,baseline,3.951
17,00-0033576,Eric Saubert,TE,CAR,0.0,0.95,0.5,0.5,13.160000000000002,15,baseline,2.4033
17,00-0033858,Jonnu Smith,TE,CLE,7.7,4.466666666666668,2.3333333333333335,0.3333333333333333,11.860000000000001,15,baseline,4.9343
17,00-0033881,Evan Engram,TE,KC,6.1,3.533333333333333,3.0,0.0,11.259999999999998,15,baseline,5.2839
17,00-0034159,Will Dissly,TE,HOU,3.9000000000000004,3.45,2.0,0.0,12.253333333333334,15,baseline,4.3768
17,00-0034351,Dallas Goedert,TE,BUF,9.8,17.666666666666668,6.666666666666667,1.6666666666666667,7.706666666666666,15,baseline,12.1778
17,00-0034383,Dalton Schultz,TE,LAC,4.9,13.766666666666666,6.0,1.0,11.020000000000001,15,baseline,10.5811
17,00-0034753,Mark Andrews,TE,GB,6.800000000000001,3.3666666666666667,4.0,1.0,12.253333333333334,15,baseline,6.1265
17,00-0034829,Mike Gesicki,TE,ARI,6.7,11.733333333333334,4.0,0.6666666666666666,15.773333333333335,15,baseline,8.2852
17,00-0035249,Josh Oliver,TE,DET,1.8,7.7,2.0,0.6666666666666666,13.373333333333333,15,baseline,5.4733
17,00-0035631,Drew Sample,TE,ARI,1.8,4.15,2.0,0.0,15.773333333333335,15,baseline,4.5574
17,00-0035689,Dawson Knox,TE,PHI,8.0,12.0,4.333333333333333,2.3333333333333335,8.146666666666667,15,baseline,8.6493
17,00-0036040,Juwan Johnson,TE,TEN,13.5,10.566666666666666,5.666666666666667,0.3333333333333333,13.126666666666667,15,baseline,9.4603
17,00-0036244,Colby Parkinson,TE,ATL,11.3,13.600000000000001,5.333333333333333,2.3333333333333335,8.886666666666667,15,baseline,9.9477
17,00-0036290,Cole Kmet,TE,SF,3.6,4.8,3.3333333333333335,0.6666666666666666,14.833333333333334,15,baseline,5.9059
17,00-0036422,Adam Trautman,TE,KC,4.4,3.5500000000000003,2.5,0.0,11.259999999999998,15,baseline,4.8454
17,00-0036637,Noah Gray,TE,DEN,1.2,1.2000000000000002,1.5,0.0,14.320000000000002,15,baseline,3.3534
17,00-0036876,Kylen Granson,TE,BUF,0.0,0.0,0.0,0.0,7.706666666666666,15,baseline,1.7153
17,00-0036894,Pat Freiermuth,TE,CLE,9.3,5.466666666666666,4.0,0.6666666666666666,11.860000000000001,15,baseline,6.6683
17,00-0036970,Kyle Pitts,TE,LA,3.6,26.433333333333334,10.333333333333334,2.0,12.586666666666666,15,baseline,17.6871
17,00-0037005,Tommy Tremble,TE,SEA,1.6,2.45,2.5,0.0,15.76,15,baseline,4.5616
17,00-0037744,Trey McBride,TE,CIN,23.6,18.3,10.0,3.0,22.1,15,baseline,15.2933
17,00-0037805,Jeremy Ruckert,TE,NE,1.2,3.5333333333333337,2.6666666666666665,0.0,15.885714285714286,14,baseline,4.9887
17,00-0037809,Chig Okonkwo,TE,NO,14.5,9.233333333333333,5.333333333333333,1.3333333333333333,12.186666666666667,15,baseline,8.821
17,00-0038041,Jake Ferguson,TE,WAS,7.6,6.433333333333334,5.0,0.6666666666666666,15.719999999999997,15,baseline,7.8034
17,00-0038129,Cade Otton,TE,MIA,7.300000000000001,4.2,3.0,0.5,17.220000000000002,15,baseline,5.4559
17,00-0038547,Luke Schoonmaker,TE,WAS,3.5,3.0500000000000003,1.5,0.0,15.719999999999997,15,baseline,3.8307
17,00-0038935,Brenton Strange,TE,IND,8.4,8.066666666666668,5.333333333333333,2.3333333333333335,15.693333333333332,15,baseline,8.52
17,00-0039041,Elijah Higgins,TE,CIN,0.0,6.133333333333334,3.6666666666666665,0.3333333333333333,22.1,15,baseline,6.5451
17,00-0039066,Michael Mayer,TE,NYG,17.9,1.0,1.5,0.0,11.097333333333333,15,baseline,3.3018
17,00-0039530,Brevyn Spann-Ford,TE,WAS,4.1,0.5666666666666668,0.6666666666666666,0.0,15.719999999999997,15,baseline,2.452
17,00-0039648,David Martin-Robinson,TE,NO,1.9,0.5333333333333333,0.3333333333333333,0.0,12.186666666666667,15,baseline,2.1482
17,00-0039793,AJ Barner,TE,CAR,13.3,8.799999999999999,5.666666666666667,1.0,13.160000000000002,15,baseline,9.0045
17,00-0040126,Colston Loveland,TE,SF,21.4,9.666666666666666,5.333333333333333,1.6666666666666667,14.833333333333334,15,baseline,8.9329
17,00-0040128,Tyler Warren,TE,JAX,9.3,4.866666666666667,7.333333333333333,2.0,15.046666666666669,15,baseline,9.4657
17,00-0040584,Gunnar Helm,TE,NO,1.1,6.533333333333332,3.0,0.6666666666666666,12.186666666666667,15,baseline,6.0579
17,00-0040663,Harold Fannin Jr.,TE,PIT,11.0,18.966666666666665,11.0,1.6666666666666667,17.246666666666666,15,baseline,16.351
17,00-0036332,Josiah Deguara,TE,CIN,0.0,0.0,1.0,0.0,22.1,15,baseline,2.601
17,00-0036590,Quintin Morris,TE,IND,0.0,1.8333333333333333,1.0,0.0,15.693333333333332,15,baseline,3.074
17,00-0038558,Darnell Washington,TE,CLE,3.5,4.766666666666667,3.0,0.3333333333333333,11.860000000000001,15,baseline,5.6021
17,00-0039912,Ben Sinnott,TE,DAL,5.9,2.6333333333333333,1.3333333333333333,0.0,12.680000000000001,15,baseline,3.5756
17,00-0040187,Mitchell Evans,TE,SEA,1.6,2.6500000000000004,1.5,0.0,15.76,15,baseline,3.7275
17,00-0036429,Charlie Woerner,TE,LA,0.0,2.25,1.5,0.5,12.586666666666666,15,baseline,3.6243
17,00-0038046,Charlie Kolar,TE,GB,0.0,1.9000000000000001,0.6666666666666666,0.0,12.253333333333334,15,baseline,2.796
17,00-0040189,Oronde Gadsden II,TE,HOU,12.2,4.5,3.3333333333333335,0.0,12.253333333333334,15,baseline,5.8285
17,00-0031610,Darren Waller,TE,TB,1.0,11.766666666666666,5.666666666666667,1.0,15.646666666666672,15,baseline,9.7699
17,00-0033357,Taysom Hill,TE,TEN,0.0,5.8066666666666675,8.333333333333334,0.3333333333333333,13.126666666666667,15,baseline,10.5938
17,00-0037838,Isaiah Likely,TE,GB,5.7,6.25,3.0,1.5,12.253333333333334,15,baseline,5.9848
17,00-0039458,Brenden Bates,TE,PIT,2.9000000000000004,0.0,0.5,0.5,17.246666666666666,15,baseline,2.1582
17,00-0040737,Terrance Ferguson,TE,ATL,13.4,4.633333333333334,2.3333333333333335,0.6666666666666666,8.886666666666667,15,baseline,4.9773
17,00-0034613,Tanner Hudson,TE,ARI,5.1,2.6999999999999997,2.3333333333333335,0.3333333333333333,15.773333333333335,15,baseline,4.4785
17,00-0037475,Stone Smartt,TE,NE,3.8,2.8000000000000003,2.0,0.0,15.885714285714286,14,baseline,4.209
17,00-0034798,Durham Smythe,TE,SF,2.1,0.6,0.5,0.0,14.833333333333334,15,baseline,2.313
17,00-0037252,Greg Dulcich,TE,TB,16.1,7.1000000000000005,2.6666666666666665,0.6666666666666666,15.646666666666672,15,baseline,5.9089
17,00-0033455,Anthony Firkser,TE,MIN,0.0,4.85,2.5,0.5,12.026666666666667,15,baseline,5.1808
17,00-0030506,Travis Kelce,TE,DEN,8.6,5.800000000000001,6.0,0.0,14.320000000000002,15,plus_defense,8.5873
17,00-0033090,Hunter Henry,TE,NYJ,13.9,9.15,5.0,1.0,14.174666666666667,15,plus_defense,8.5817
17,00-0033217,Mo Alie-Cox,TE,JAX,11.0,1.8,2.0,0.5,15.046666666666669,15,plus_defense,4.0946
17,00-0033576,Eric Saubert,TE,CAR,0.0,0.95,0.5,0.5,13.160000000000002,15,plus_defense,2.4064
17,00-0033858,Jonnu Smith,TE,CLE,7.7,4.466666666666668,2.3333333333333335,0.3333333333333333,11.860000000000001,15,plus_defense,4.8302
17,00-0033881,Evan Engram,TE,KC,6.1,3.533333333333333,3.0,0.0,11.259999999999998,15,plus_defense,5.1195
17,00-0034159,Will Dissly,TE,HOU,3.9000000000000004,3.45,2.0,0.0,12.253333333333334,15,plus_defense,4.303
17,00-0034351,Dallas Goedert,TE,BUF,9.8,17.666666666666668,6.666666666666667,1.6666666666666667,7.706666666666666,15,plus_defense,11.7573
17,00-0034383,Dalton Schultz,TE,LAC,4.9,13.766666666666666,6.0,1.0,11.020000000000001,15,plus_defense,10.416
17,00-0034753,Mark Andrews,TE,GB,6.800000000000001,3.3666666666666667,4.0,1.0,12.253333333333334,15,plus_defense,6.0308
17,00-0034829,Mike Gesicki,TE,ARI,6.7,11.733333333333334,4.0,0.6666666666666666,15.773333333333335,15,plus_defense,8.5153
17,00-0035249,Josh Oliver,TE,DET,1.8,7.7,2.0,0.6666666666666666,13.373333333333333,15,plus_defense,5.5111
17,00-0035631,Drew Sample,TE,ARI,1.8,4.15,2.0,0.0,15.773333333333335,15,plus_defense,4.7713
17,00-0035689,Dawson Knox,TE,PHI,8.0,12.0,4.333333333333333,2.3333333333333335,8.146666666666667,15,plus_defense,8.2613
17,00-0036040,Juwan Johnson,TE,TEN,13.5,10.566666666666666,5.666666666666667,0.3333333333333333,13.126666666666667,15,plus_defense,9.4529
17,00-0036244,Colby Parkinson,TE,ATL,11.3,13.600000000000001,5.333333333333333,2.3333333333333335,8.886666666666667,15,plus_defense,9.6166
17,00-0036290,Cole Kmet,TE,SF,3.6,4.8,3.3333333333333335,0.6666666666666666,14.833333333333334,15,plus_defense,6.0328
17,00-0036422,Adam Trautman,TE,KC,4.4,3.5500000000000003,2.5,0.0,11.259999999999998,15,plus_defense,4.6865
17,00-0036637,Noah Gray,TE,DEN,1.2,1.2000000000000002,1.5,0.0,14.320000000000002,15,plus_defense,3.4407
17,00-0036876,Kylen Granson,TE,BUF,0.0,0.0,0.0,0.0,7.706666666666666,15,plus_defense,1.2788
17,00-0036894,Pat Freiermuth,TE,CLE,9.3,5.466666666666666,4.0,0.6666666666666666,11.860000000000001,15,plus_defense,6.5513
17,00-0036970,Kyle Pitts,TE,LA,3.6,26.433333333333334,10.333333333333334,2.0,12.586666666666666,15,plus_defense,17.6647
17,00-0037005,Tommy Tremble,TE,SEA,1.6,2.45,2.5,0.0,15.76,15,plus_defense,4.7606
17,00-0037744,Trey McBride,TE,CIN,23.6,18.3,10.0,3.0,22.1,15,plus_defense,16.0023
17,00-0037805,Jeremy Ruckert,TE,NE,1.2,3.5333333333333337,2.6666666666666665,0.0,15.885714285714286,14,plus_defense,5.2014
17,00-0037809,Chig Okonkwo,TE,NO,14.5,9.233333333333333,5.333333333333333,1.3333333333333333,12.186666666666667,15,plus_defense,8.7347
17,00-0038041,Jake Ferguson,TE,WAS,7.6,6.433333333333334,5.0,0.6666666666666666,15.719999999999997,15,plus_defense,7.9921
17,00-0038129,Cade Otton,TE,MIA,7.300000000000001,4.2,3.0,0.5,17.220000000000002,15,plus_defense,5.7761
17,00-0038547,Luke Schoonmaker,TE,WAS,3.5,3.0500000000000003,1.5,0.0,15.719999999999997,15,plus_defense,4.0402
17,00-0038935,Brenton Strange,TE,IND,8.4,8.066666666666668,5.333333333333333,2.3333333333333335,15.693333333333332,15,plus_defense,8.7111
17,00-0039041,Elijah Higgins,TE,CIN,0.0,6.133333333333334,3.6666666666666665,0.3333333333333333,22.1,15,plus_defense,7.2618
17,00-0039066,Michael Mayer,TE,NYG,17.9,1.0,1.5,0.0,11.097333333333333,15,plus_defense,3.1279
17,00-0039530,Brevyn Spann-Ford,TE,WAS,4.1,0.5666666666666668,0.6666666666666666,0.0,15.719999999999997,15,plus_defense,2.6581
17,00-0039648,David Martin-Robinson,TE,NO,1.9,0.5333333333333333,0.3333333333333333,0.0,12.186666666666667,15,plus_defense,2.0724
17,00-0039793,AJ Barner,TE,CAR,13.3,8.799999999999999,5.666666666666667,1.0,13.160000000000002,15,plus_defense,8.991
17,00-0040126,Colston Loveland,TE,SF,21.4,9.666666666666666,5.333333333333333,1.6666666666666667,14.833333333333334,15,plus_defense,9.0624
17,00-0040128,Tyler Warren,TE,JAX,9.3,4.866666666666667,7.333333333333333,2.0,15.046666666666669,15,plus_defense,9.567
17,00-0040584,Gunnar Helm,TE,NO,1.1,6.533333333333332,3.0,0.6666666666666666,12.186666666666667,15,plus_defense,5.9833
17,00-0040663,Harold Fannin Jr.,TE,PIT,11.0,18.966666666666665,11.0,1.6666666666666667,17.246666666666666,15,plus_defense,16.6606
17,00-0036332,Josiah Deguara,TE,CIN,0.0,0.0,1.0,0.0,22.1,15,plus_defense,3.3158
17,00-0036590,Quintin Morris,TE,IND,0.0,1.8333333333333333,1.0,0.0,15.693333333333332,15,plus_defense,3.2807
17,00-0038558,Darnell Washington,TE,CLE,3.5,4.766666666666667,3.0,0.3333333333333333,11.860000000000001,15,plus_defense,5.4923
17,00-0039912,Ben Sinnott,TE,DAL,5.9,2.6333333333333333,1.3333333333333333,0.0,12.680000000000001,15,plus_defense,3.5394
17,00-0040187,Mitchell Evans,TE,SEA,1.6,2.6500000000000004,1.5,0.0,15.76,15,plus_defense,3.9383
17,00-0036429,Charlie Woerner,TE,LA,0.0,2.25,1.5,0.5,12.586666666666666,15,plus_defense,3.5769
17,00-0038046,Charlie Kolar,TE,GB,0.0,1.9000000000000001,0.6666666666666666,0.0,12.253333333333334,15,plus_defense,2.7288
17,00-0040189,Oronde Gadsden II,TE,HOU,12.2,4.5,3.3333333333333335,0.0,12.253333333333334,15,plus_defense,5.7456
17,00-0031610,Darren Waller,TE,TB,1.0,11.766666666666666,5.666666666666667,1.0,15.646666666666672,15,plus_defense,9.972
17,00-0033357,Taysom Hill,TE,TEN,0.0,5.8066666666666675,8.333333333333334,0.3333333333333333,13.126666666666667,15,plus_defense,10.5341
17,00-0037838,Isaiah Likely,TE,GB,5.7,6.25,3.0,1.5,12.253333333333334,15,plus_defense,5.9142
17,00-0039458,Brenden Bates,TE,PIT,2.9000000000000004,0.0,0.5,0.5,17.246666666666666,15,plus_defense,2.4865
17,00-0040737,Terrance Ferguson,TE,ATL,13.4,4.633333333333334,2.3333333333333335,0.6666666666666666,8.886666666666667,15,plus_defense,4.6339
17,00-0034613,Tanner Hudson,TE,ARI,5.1,2.6999999999999997,2.3333333333333335,0.3333333333333333,15.773333333333335,15,plus_defense,4.6816
17,00-0037475,Stone Smartt,TE,NE,3.8,2.8000000000000003,2.0,0.0,15.885714285714286,14,plus_defense,4.4253
17,00-0034798,Durham Smythe,TE,SF,2.1,0.6,0.5,0.0,14.833333333333334,15,plus_defense,2.4495
17,00-0037252,Greg Dulcich,TE,TB,16.1,7.1000000000000005,2.6666666666666665,0.6666666666666666,15.646666666666672,15,plus_defense,6.1201
17,00-0033455,Anthony Firkser,TE,MIN,0.0,4.85,2.5,0.5,12.026666666666667,15,plus_defense,5.0903
17,00-0030506,Travis Kelce,TE,DEN,8.6,5.800000000000001,6.0,0.0,14.320000000000002,15,plus_redzone_defense,9.0355
17,00-0033090,Hunter Henry,TE,NYJ,13.9,9.15,5.0,1.0,14.174666666666667,15,plus_redzone_defense,8.535
17,00-0033217,Mo Alie-Cox,TE,JAX,11.0,1.8,2.0,0.5,15.046666666666669,15,plus_redzone_defense,3.9827
17,00-0033576,Eric Saubert,TE,CAR,0.0,0.95,0.5,0.5,13.160000000000002,15,plus_redzone_defense,2.199
17,00-0033858,Jonnu Smith,TE,CLE,7.7,4.466666666666668,2.3333333333333335,0.3333333333333333,11.860000000000001,15,plus_redzone_defense,4.8887
17,00-0033881,Evan Engram,TE,KC,6.1,3.533333333333333,3.0,0.0,11.259999999999998,15,plus_redzone_defense,5.3628
17,00-0034159,Will Dissly,TE,HOU,3.9000000000000004,3.45,2.0,0.0,12.253333333333334,15,plus_redzone_defense,4.4978
17,00-0034351,Dallas Goedert,TE,BUF,9.8,17.666666666666668,6.666666666666667,1.6666666666666667,7.706666666666666,15,plus_redzone_defense,11.6471
17,00-0034383,Dalton Schultz,TE,LAC,4.9,13.766666666666666,6.0,1.0,11.020000000000001,15,plus_redzone_defense,10.5329
17,00-0034753,Mark Andrews,TE,GB,6.800000000000001,3.3666666666666667,4.0,1.0,12.253333333333334,15,plus_redzone_defense,5.784
17,00-0034829,Mike Gesicki,TE,ARI,6.7,11.733333333333334,4.0,0.6666666666666666,15.773333333333335,15,plus_redzone_defense,8.6683
17,00-0035249,Josh Oliver,TE,DET,1.8,7.7,2.0,0.6666666666666666,13.373333333333333,15,plus_redzone_defense,5.4615
17,00-0035631,Drew Sample,TE,ARI,1.8,4.15,2.0,0.0,15.773333333333335,15,plus_redzone_defense,4.9885
17,00-0035689,Dawson Knox,TE,PHI,8.0,12.0,4.333333333333333,2.3333333333333335,8.146666666666667,15,plus_redzone_defense,7.5373
17,00-0036040,Juwan Johnson,TE,TEN,13.5,10.566666666666666,5.666666666666667,0.3333333333333333,13.126666666666667,15,plus_redzone_defense,9.8296
17,00-0036244,Colby Parkinson,TE,ATL,11.3,13.600000000000001,5.333333333333333,2.3333333333333335,8.886666666666667,15,plus_redzone_defense,8.9826
17,00-0036290,Cole Kmet,TE,SF,3.6,4.8,3.3333333333333335,0.6666666666666666,14.833333333333334,15,plus_redzone_defense,5.9728
17,00-0036422,Adam Trautman,TE,KC,4.4,3.5500000000000003,2.5,0.0,11.259999999999998,15,plus_redzone_defense,4.9065
17,00-0036637,Noah Gray,TE,DEN,1.2,1.2000000000000002,1.5,0.0,14.320000000000002,15,plus_redzone_defense,3.5558
17,00-0036876,Kylen Granson,TE,BUF,0.0,0.0,0.0,0.0,7.706666666666666,15,plus_redzone_defense,1.2837
17,00-0036894,Pat Freiermuth,TE,CLE,9.3,5.466666666666666,4.0,0.6666666666666666,11.860000000000001,15,plus_redzone_defense,6.5368
17,00-0036970,Kyle Pitts,TE,LA,3.6,26.433333333333334,10.333333333333334,2.0,12.586666666666666,15,plus_redzone_defense,17.784
17,00-0037005,Tommy Tremble,TE,SEA,1.6,2.45,2.5,0.0,15.76,15,plus_redzone_defense,4.9573
17,00-0037744,Trey McBride,TE,CIN,23.6,18.3,10.0,3.0,22.1,15,plus_redzone_defense,15.3713
17,00-0037805,Jeremy Ruckert,TE,NE,1.2,3.5333333333333337,2.6666666666666665,0.0,15.885714285714286,14,plus_redzone_defense,5.4344
17,00-0037809,Chig Okonkwo,TE,NO,14.5,9.233333333333333,5.333333333333333,1.3333333333333333,12.186666666666667,15,plus_redzone_defense,8.5255
17,00-0038041,Jake Ferguson,TE,WAS,7.6,6.433333333333334,5.0,0.6666666666666666,15.719999999999997,15,plus_redzone_defense,8.0547
17,00-0038129,Cade Otton,TE,MIA,7.300000000000001,4.2,3.0,0.5,17.220000000000002,15,plus_redzone_defense,5.7766
17,00-0038547,Luke Schoonmaker,TE,WAS,3.5,3.0500000000000003,1.5,0.0,15.719999999999997,15,plus_redzone_defense,4.2051
17,00-0038935,Brenton Strange,TE,IND,8.4,8.066666666666668,5.333333333333333,2.3333333333333335,15.693333333333332,15,plus_redzone_defense,7.9413
17,00-0039041,Elijah Higgins,TE,CIN,0.0,6.133333333333334,3.6666666666666665,0.3333333333333333,22.1,15,plus_redzone_defense,7.439
17,00-0039066,Michael Mayer,TE,NYG,17.9,1.0,1.5,0.0,11.097333333333333,15,plus_redzone_defense,3.234
17,00-0039530,Brevyn Spann-Ford,TE,WAS,4.1,0.5666666666666668,0.6666666666666666,0.0,15.719999999999997,15,plus_redzone_defense,2.7189
17,00-0039648,David Martin-Robinson,TE,NO,1.9,0.5333333333333333,0.3333333333333333,0.0,12.186666666666667,15,plus_redzone_defense,2.1123
17,00-0039793,AJ Barner,TE,CAR,13.3,8.799999999999999,5.666666666666667,1.0,13.160000000000002,15,plus_redzone_defense,8.9656
17,00-0040126,Colston Loveland,TE,SF,21.4,9.666666666666666,5.333333333333333,1.6666666666666667,14.833333333333334,15,plus_redzone_defense,8.6895
17,00-0040128,Tyler Warren,TE,JAX,9.3,4.866666666666667,7.333333333333333,2.0,15.046666666666669,15,plus_redzone_defense,8.9864
17,00-0040584,Gunnar Helm,TE,NO,1.1,6.533333333333332,3.0,0.6666666666666666,12.186666666666667,15,plus_redzone_defense,5.9494
17,00-0040663,Harold Fannin Jr.,TE,PIT,11.0,18.966666666666665,11.0,1.6666666666666667,17.246666666666666,15,plus_redzone_defense,16.8011
17,00-0036332,Josiah Deguara,TE,CIN,0.0,0.0,1.0,0.0,22.1,15,plus_redzone_defense,3.3853
17,00-0036590,Quintin Morris,TE,IND,0.0,1.8333333333333333,1.0,0.0,15.693333333333332,15,plus_redzone_defense,3.3902
17,00-0038558,Darnell Washington,TE,CLE,3.5,4.766666666666667,3.0,0.3333333333333333,11.860000000000001,15,plus_redzone_defense,5.5903
17,00-0039912,Ben Sinnott,TE,DAL,5.9,2.6333333333333333,1.3333333333333333,0.0,12.680000000000001,15,plus_redzone_defense,3.6819
17,00-0040187,Mitchell Evans,TE,SEA,1.6,2.6500000000000004,1.5,0.0,15.76,15,plus_redzone_defense,4.0928
17,00-0036429,Charlie Woerner,TE,LA,0.0,2.25,1.5,0.5,12.586666666666666,15,plus_redzone_defense,3.45
17,00-0038046,Charlie Kolar,TE,GB,0.0,1.9000000000000001,0.6666666666666666,0.0,12.253333333333334,15,plus_redzone_defense,2.8202
17,00-0040189,Oronde Gadsden II,TE,HOU,12.2,4.5,3.3333333333333335,0.0,12.253333333333334,15,plus_redzone_defense,6.031
17,00-0031610,Darren Waller,TE,TB,1.0,11.766666666666666,5.666666666666667,1.0,15.646666666666672,15,plus_redzone_defense,10.0266
17,00-0033357,Taysom Hill,TE,TEN,0.0,5.8066666666666675,8.333333333333334,0.3333333333333333,13.126666666666667,15,plus_redzone_defense,10.9136
17,00-0037838,Isaiah Likely,TE,GB,5.7,6.25,3.0,1.5,12.253333333333334,15,plus_redzone_defense,5.4277
17,00-0039458,Brenden Bates,TE,PIT,2.9000000000000004,0.0,0.5,0.5,17.246666666666666,15,plus_redzone_defense,2.2593
17,00-0040737,Terrance Ferguson,TE,ATL,13.4,4.633333333333334,2.3333333333333335,0.6666666666666666,8.886666666666667,15,plus_redzone_defense,4.5151
17,00-0034613,Tanner Hudson,TE,ARI,5.1,2.6999999999999997,2.3333333333333335,0.3333333333333333,15.773333333333335,15,plus_redzone_defense,4.6988
17,00-0037475,Stone Smartt,TE,NE,3.8,2.8000000000000003,2.0,0.0,15.885714285714286,14,plus_redzone_defense,4.6076
17,00-0034798,Durham Smythe,TE,SF,2.1,0.6,0.5,0.0,14.833333333333334,15,plus_redzone_defense,2.5022
17,00-0037252,Greg Dulcich,TE,TB,16.1,7.1000000000000005,2.6666666666666665,0.6666666666666666,15.646666666666672,15,plus_redzone_defense,6.0892
17,00-0033455,Anthony Firkser,TE,MIN,0.0,4.85,2.5,0.5,12.026666666666667,15,plus_redzone_defense,5.0778
18,00-0030506,Travis Kelce,TE,LV,4.2,8.066666666666666,6.333333333333333,0.3333333333333333,10.05,16,baseline,9.3835
18,00-0032392,Austin Hooper,TE,MIA,1.5,7.25,3.0,0.5,16.6,16,baseline,6.2234
18,00-0033090,Hunter Henry,TE,MIA,10.600000000000001,10.733333333333334,4.333333333333333,1.3333333333333333,16.6,16,baseline,8.2526
18,00-0033217,Mo Alie-Cox,TE,HOU,5.2,7.3,2.5,1.0,12.493749999999999,16,baseline,5.7912
18,00-0033288,George Kittle,TE,SEA,7.9,23.65,8.5,1.5,14.975000000000001,16,baseline,15.0864
18,00-0033576,Eric Saubert,TE,SF,3.0,0.6333333333333333,1.0,0.6666666666666666,15.600000000000001,16,baseline,2.8421
18,00-0033858,Jonnu Smith,TE,BAL,1.4,7.033333333333334,4.333333333333333,0.3333333333333333,11.006250000000001,16,baseline,7.3557
18,00-0033881,Evan Engram,TE,LAC,7.5,4.633333333333333,3.6666666666666665,0.6666666666666666,10.6375,16,baseline,6.1815
18,00-0034159,Will Dissly,TE,DEN,1.6,4.8500000000000005,2.5,0.5,14.037500000000001,16,baseline,5.1972
18,00-0034383,Dalton Schultz,TE,IND,11.3,13.666666666666666,6.0,1.0,15.237499999999999,16,baseline,10.4448
18,00-0034753,Mark Andrews,TE,PIT,3.4000000000000004,5.0,3.6666666666666665,0.3333333333333333,17.231250000000003,16,baseline,6.2704
18,00-0034829,Mike Gesicki,TE,CLE,3.3,7.1000000000000005,2.6666666666666665,0.3333333333333333,12.4,16,baseline,5.8908
18,00-0035249,Josh Oliver,TE,GB,4.9,2.8333333333333335,2.0,0.0,12.268749999999999,16,baseline,4.2641
18,00-0035631,Drew Sample,TE,CLE,4.7,3.366666666666667,1.6666666666666667,0.0,12.4,16,baseline,4.0971
18,00-0035689,Dawson Knox,TE,NYJ,10.4,9.566666666666666,3.6666666666666665,1.6666666666666667,14.72625,16,baseline,7.3774
18,00-0036040,Juwan Johnson,TE,ATL,9.100000000000001,12.466666666666667,5.666666666666667,0.3333333333333333,9.875,16,baseline,9.8576
18,00-0036244,Colby Parkinson,TE,ARI,19.6,13.300000000000002,6.0,1.6666666666666667,15.637500000000003,16,baseline,10.3559
18,00-0036290,Cole Kmet,TE,DET,3.6,3.9333333333333336,3.3333333333333335,0.3333333333333333,12.73125,16,baseline,5.7156
18,00-0036637,Noah Gray,TE,LV,6.0,0.6,0.5,0.0,10.05,16,baseline,2.3897
18,00-0036876,Kylen Granson,TE,WAS,7.0,0.0,0.0,0.0,15.687499999999998,16,baseline,1.7999
18,00-0036894,Pat Freiermuth,TE,BAL,8.100000000000001,7.6000000000000005,4.666666666666667,0.0,11.006250000000001,16,baseline,7.7893
18,00-0036970,Kyle Pitts,TE,NO,11.8,22.63333333333333,8.0,2.0,12.518749999999999,16,baseline,14.3957
18,00-0037005,Tommy Tremble,TE,TB,12.8,2.1666666666666665,2.0,0.0,15.900000000000002,16,baseline,4.1025
18,00-0037744,Trey McBride,TE,LA,13.5,22.566666666666666,11.333333333333334,3.0,12.025000000000002,16,baseline,17.3416
18,00-0037809,Chig Okonkwo,TE,JAX,2.2,12.733333333333334,7.0,1.3333333333333333,15.537499999999998,16,baseline,11.1071
18,00-0038041,Jake Ferguson,TE,NYG,1.5,5.366666666666667,3.3333333333333335,0.6666666666666666,11.5225,16,baseline,6.063
18,00-0038115,Daniel Bellinger,TE,DAL,11.8,4.8,3.5,0.5,12.256250000000001,16,baseline,6.0738
18,00-0038129,Cade Otton,TE,CAR,22.4,5.4,3.0,0.0,13.168750000000001,16,baseline,5.7749
18,00-0038547,Luke Schoonmaker,TE,NYG,2.2,3.7,1.5,0.0,11.5225,16,baseline,4.0298
18,00-0038720,Julian Hill,TE,NE,1.8,3.55,2.0,0.0,15.253333333333334,15,baseline,4.4378
18,00-0038933,Dalton Kincaid,TE,NYJ,7.800000000000001,3.2,2.5,1.0,14.72625,16,baseline,4.7973
18,00-0038935,Brenton Strange,TE,TEN,17.2,8.966666666666667,5.0,2.0,13.337500000000002,16,baseline,8.4168
18,00-0039041,Elijah Higgins,TE,LA,5.800000000000001,5.800000000000001,3.6666666666666665,0.3333333333333333,12.025000000000002,16,baseline,6.4643
18,00-0039066,Michael Mayer,TE,KC,7.7,6.633333333333333,4.333333333333333,0.3333333333333333,11.2125,16,baseline,7.2587
18,00-0039074,Davis Allen,TE,ARI,0.0,5.0,4.5,0.5,15.637500000000003,16,baseline,7.0109
18,00-0039359,Cade Stover,TE,IND,1.9,3.95,3.0,1.0,15.237499999999999,16,baseline,5.4234
18,00-0039530,Brevyn Spann-Ford,TE,NYG,5.0,1.3666666666666665,1.0,0.0,11.5225,16,baseline,3.0199
18,00-0039648,David Martin-Robinson,TE,JAX,2.4000000000000004,0.6333333333333333,0.3333333333333333,0.0,15.537499999999998,16,baseline,2.2497
18,00-0039793,AJ Barner,TE,SF,3.4000000000000004,11.333333333333334,5.333333333333333,1.0,15.600000000000001,16,baseline,9.2867
18,00-0040126,Colston Loveland,TE,DET,25.1,12.5,7.0,2.0,12.73125,16,baseline,11.0506
18,00-0040128,Tyler Warren,TE,HOU,7.6,6.733333333333334,6.666666666666667,0.3333333333333333,12.493749999999999,16,baseline,9.3565
18,00-0040194,Jackson Hawes,TE,NYJ,1.0,3.25,1.5,0.0,14.72625,16,baseline,3.9207
18,00-0036332,Josiah Deguara,TE,LA,9.5,0.0,0.5,0.0,12.025000000000002,16,baseline,2.2443
18,00-0036590,Quintin Morris,TE,TEN,7.5,1.8333333333333333,1.0,0.0,13.337500000000002,16,baseline,3.133
18,00-0037086,Grant Calcaterra,TE,WAS,10.1,1.35,1.0,0.5,15.687499999999998,16,baseline,3.0158
18,00-0039912,Ben Sinnott,TE,PHI,2.3,4.0,2.3333333333333335,0.0,8.1375,16,baseline,4.8431
18,00-0040187,Mitchell Evans,TE,TB,1.5,2.3000000000000003,2.0,0.0,15.900000000000002,16,baseline,4.1348
18,00-0040189,Oronde Gadsden II,TE,DEN,4.300000000000001,8.0,4.0,1.0,14.037500000000001,16,baseline,7.2938
18,00-0033357,Taysom Hill,TE,ATL,6.2,5.84,8.0,0.3333333333333333,9.875,16,baseline,10.3248
18,00-0036628,John Bates,TE,PHI,9.3,1.4500000000000002,1.0,0.0,8.1375,16,baseline,3.0401
18,00-0037838,Isaiah Likely,TE,PIT,5.2,2.85,1.5,0.0,17.231250000000003,16,baseline,3.8238
18,00-0039458,Brenden Bates,TE,CIN,1.6,0.9666666666666668,0.6666666666666666,0.3333333333333333,22.19375,16,baseline,2.6267
18,00-0034798,Durham Smythe,TE,DET,0.0,1.05,0.5,0.0,12.73125,16,baseline,2.4988
18,00-0037252,Greg Dulcich,TE,NE,6.1,10.100000000000001,4.0,1.6666666666666667,15.253333333333334,15,baseline,7.8029
18,00-0033455,Anthony Firkser,TE,CHI,2.2,4.0,2.5,0.5,13.74375,16,baseline,4.9912
18,00-0030506,Travis Kelce,TE,LV,4.2,8.066666666666666,6.333333333333333,0.3333333333333333,10.05,16,plus_defense,9.1355
18,00-0032392,Austin Hooper,TE,MIA,1.5,7.25,3.0,0.5,16.6,16,plus_defense,6.4711
18,00-0033090,Hunter Henry,TE,MIA,10.600000000000001,10.733333333333334,4.333333333333333,1.3333333333333333,16.6,16,plus_defense,8.5039
18,00-0033217,Mo Alie-Cox,TE,HOU,5.2,7.3,2.5,1.0,12.493749999999999,16,plus_defense,5.7553
18,00-0033288,George Kittle,TE,SEA,7.9,23.65,8.5,1.5,14.975000000000001,16,plus_defense,15.2449
18,00-0033576,Eric Saubert,TE,SF,3.0,0.6333333333333333,1.0,0.6666666666666666,15.600000000000001,16,plus_defense,3.0066
18,00-0033858,Jonnu Smith,TE,BAL,1.4,7.033333333333334,4.333333333333333,0.3333333333333333,11.006250000000001,16,plus_defense,7.1925
18,00-0033881,Evan Engram,TE,LAC,7.5,4.633333333333333,3.6666666666666665,0.6666666666666666,10.6375,16,plus_defense,5.987
18,00-0034159,Will Dissly,TE,DEN,1.6,4.8500000000000005,2.5,0.5,14.037500000000001,16,plus_defense,5.2571
18,00-0034383,Dalton Schultz,TE,IND,11.3,13.666666666666666,6.0,1.0,15.237499999999999,16,plus_defense,10.5966
18,00-0034753,Mark Andrews,TE,PIT,3.4000000000000004,5.0,3.6666666666666665,0.3333333333333333,17.231250000000003,16,plus_defense,6.5429
18,00-0034829,Mike Gesicki,TE,CLE,3.3,7.1000000000000005,2.6666666666666665,0.3333333333333333,12.4,16,plus_defense,5.8454
18,00-0035249,Josh Oliver,TE,GB,4.9,2.8333333333333335,2.0,0.0,12.268749999999999,16,plus_defense,4.194
18,00-0035631,Drew Sample,TE,CLE,4.7,3.366666666666667,1.6666666666666667,0.0,12.4,16,plus_defense,4.0431
18,00-0035689,Dawson Knox,TE,NYJ,10.4,9.566666666666666,3.6666666666666665,1.6666666666666667,14.72625,16,plus_defense,7.4978
18,00-0036040,Juwan Johnson,TE,ATL,9.100000000000001,12.466666666666667,5.666666666666667,0.3333333333333333,9.875,16,plus_defense,9.6287
18,00-0036244,Colby Parkinson,TE,ARI,19.6,13.300000000000002,6.0,1.6666666666666667,15.637500000000003,16,plus_defense,10.5339
18,00-0036290,Cole Kmet,TE,DET,3.6,3.9333333333333336,3.3333333333333335,0.3333333333333333,12.73125,16,plus_defense,5.6688
18,00-0036637,Noah Gray,TE,LV,6.0,0.6,0.5,0.0,10.05,16,plus_defense,2.1684
18,00-0036876,Kylen Granson,TE,WAS,7.0,0.0,0.0,0.0,15.687499999999998,16,plus_defense,1.9787
18,00-0036894,Pat Freiermuth,TE,BAL,8.100000000000001,7.6000000000000005,4.666666666666667,0.0,11.006250000000001,16,plus_defense,7.6253
18,00-0036970,Kyle Pitts,TE,NO,11.8,22.63333333333333,8.0,2.0,12.518749999999999,16,plus_defense,14.3812
18,00-0037005,Tommy Tremble,TE,TB,12.8,2.1666666666666665,2.0,0.0,15.900000000000002,16,plus_defense,4.2849
18,00-0037744,Trey McBride,TE,LA,13.5,22.566666666666666,11.333333333333334,3.0,12.025000000000002,16,plus_defense,17.2537
18,00-0037809,Chig Okonkwo,TE,JAX,2.2,12.733333333333334,7.0,1.3333333333333333,15.537499999999998,16,plus_defense,11.2636
18,00-0038041,Jake Ferguson,TE,NYG,1.5,5.366666666666667,3.3333333333333335,0.6666666666666666,11.5225,16,plus_defense,5.9387
18,00-0038115,Daniel Bellinger,TE,DAL,11.8,4.8,3.5,0.5,12.256250000000001,16,plus_defense,5.9963
18,00-0038129,Cade Otton,TE,CAR,22.4,5.4,3.0,0.0,13.168750000000001,16,plus_defense,5.7707
18,00-0038547,Luke Schoonmaker,TE,NYG,2.2,3.7,1.5,0.0,11.5225,16,plus_defense,3.9176
18,00-0038720,Julian Hill,TE,NE,1.8,3.55,2.0,0.0,15.253333333333334,15,plus_defense,4.5821
18,00-0038933,Dalton Kincaid,TE,NYJ,7.800000000000001,3.2,2.5,1.0,14.72625,16,plus_defense,4.8968
18,00-0038935,Brenton Strange,TE,TEN,17.2,8.966666666666667,5.0,2.0,13.337500000000002,16,plus_defense,8.4208
18,00-0039041,Elijah Higgins,TE,LA,5.800000000000001,5.800000000000001,3.6666666666666665,0.3333333333333333,12.025000000000002,16,plus_defense,6.3739
18,00-0039066,Michael Mayer,TE,KC,7.7,6.633333333333333,4.333333333333333,0.3333333333333333,11.2125,16,plus_defense,7.1079
18,00-0039074,Davis Allen,TE,ARI,0.0,5.0,4.5,0.5,15.637500000000003,16,plus_defense,7.1614
18,00-0039359,Cade Stover,TE,IND,1.9,3.95,3.0,1.0,15.237499999999999,16,plus_defense,5.5573
18,00-0039530,Brevyn Spann-Ford,TE,NYG,5.0,1.3666666666666665,1.0,0.0,11.5225,16,plus_defense,2.9008
18,00-0039648,David Martin-Robinson,TE,JAX,2.4000000000000004,0.6333333333333333,0.3333333333333333,0.0,15.537499999999998,16,plus_defense,2.4175
18,00-0039793,AJ Barner,TE,SF,3.4000000000000004,11.333333333333334,5.333333333333333,1.0,15.600000000000001,16,plus_defense,9.4592
18,00-0040126,Colston Loveland,TE,DET,25.1,12.5,7.0,2.0,12.73125,16,plus_defense,11.0079
18,00-0040128,Tyler Warren,TE,HOU,7.6,6.733333333333334,6.666666666666667,0.3333333333333333,12.493749999999999,16,plus_defense,9.2698
18,00-0040194,Jackson Hawes,TE,NYJ,1.0,3.25,1.5,0.0,14.72625,16,plus_defense,4.032
18,00-0036332,Josiah Deguara,TE,LA,9.5,0.0,0.5,0.0,12.025000000000002,16,plus_defense,2.159
18,00-0036590,Quintin Morris,TE,TEN,7.5,1.8333333333333333,1.0,0.0,13.337500000000002,16,plus_defense,3.1444
18,00-0037086,Grant Calcaterra,TE,WAS,10.1,1.35,1.0,0.5,15.687499999999998,16,plus_defense,3.1904
18,00-0039912,Ben Sinnott,TE,PHI,2.3,4.0,2.3333333333333335,0.0,8.1375,16,plus_defense,4.4842
18,00-0040187,Mitchell Evans,TE,TB,1.5,2.3000000000000003,2.0,0.0,15.900000000000002,16,plus_defense,4.318
18,00-0040189,Oronde Gadsden II,TE,DEN,4.300000000000001,8.0,4.0,1.0,14.037500000000001,16,plus_defense,7.3534
18,00-0033357,Taysom Hill,TE,ATL,6.2,5.84,8.0,0.3333333333333333,9.875,16,plus_defense,10.0333
18,00-0036628,John Bates,TE,PHI,9.3,1.4500000000000002,1.0,0.0,8.1375,16,plus_defense,2.6827
18,00-0037838,Isaiah Likely,TE,PIT,5.2,2.85,1.5,0.0,17.231250000000003,16,plus_defense,4.1096
18,00-0039458,Brenden Bates,TE,CIN,1.6,0.9666666666666668,0.6666666666666666,0.3333333333333333,22.19375,16,plus_defense,3.2619
18,00-0034798,Durham Smythe,TE,DET,0.0,1.05,0.5,0.0,12.73125,16,plus_defense,2.469
18,00-0037252,Greg Dulcich,TE,NE,6.1,10.100000000000001,4.0,1.6666666666666667,15.253333333333334,15,plus_defense,7.9596
18,00-0033455,Anthony Firkser,TE,CHI,2.2,4.0,2.5,0.5,13.74375,16,plus_defense,5.0258
18,00-0030506,Travis Kelce,TE,LV,4.2,8.066666666666666,6.333333333333333,0.3333333333333333,10.05,16,plus_redzone_defense,9.3531
18,00-0032392,Austin Hooper,TE,MIA,1.5,7.25,3.0,0.5,16.6,16,plus_redzone_defense,6.5218
18,00-0033090,Hunter Henry,TE,MIA,10.600000000000001,10.733333333333334,4.333333333333333,1.3333333333333333,16.6,16,plus_redzone_defense,8.3715
18,00-0033217,Mo Alie-Cox,TE,HOU,5.2,7.3,2.5,1.0,12.493749999999999,16,plus_redzone_defense,5.6199
18,00-0033288,George Kittle,TE,SEA,7.9,23.65,8.5,1.5,14.975000000000001,16,plus_redzone_defense,15.4013
18,00-0033576,Eric Saubert,TE,SF,3.0,0.6333333333333333,1.0,0.6666666666666666,15.600000000000001,16,plus_redzone_defense,2.8269
18,00-0033858,Jonnu Smith,TE,BAL,1.4,7.033333333333334,4.333333333333333,0.3333333333333333,11.006250000000001,16,plus_redzone_defense,7.333
18,00-0033881,Evan Engram,TE,LAC,7.5,4.633333333333333,3.6666666666666665,0.6666666666666666,10.6375,16,plus_redzone_defense,5.953
18,00-0034159,Will Dissly,TE,DEN,1.6,4.8500000000000005,2.5,0.5,14.037500000000001,16,plus_redzone_defense,5.2503
18,00-0034383,Dalton Schultz,TE,IND,11.3,13.666666666666666,6.0,1.0,15.237499999999999,16,plus_redzone_defense,10.6768
18,00-0034753,Mark Andrews,TE,PIT,3.4000000000000004,5.0,3.6666666666666665,0.3333333333333333,17.231250000000003,16,plus_redzone_defense,6.6319
18,00-0034829,Mike Gesicki,TE,CLE,3.3,7.1000000000000005,2.6666666666666665,0.3333333333333333,12.4,16,plus_redzone_defense,5.9377
18,00-0035249,Josh Oliver,TE,GB,4.9,2.8333333333333335,2.0,0.0,12.268749999999999,16,plus_redzone_defense,4.3063
18,00-0035631,Drew Sample,TE,CLE,4.7,3.366666666666667,1.6666666666666667,0.0,12.4,16,plus_redzone_defense,4.1546
18,00-0035689,Dawson Knox,TE,NYJ,10.4,9.566666666666666,3.6666666666666665,1.6666666666666667,14.72625,16,plus_redzone_defense,7.2113
18,00-0036040,Juwan Johnson,TE,ATL,9.100000000000001,12.466666666666667,5.666666666666667,0.3333333333333333,9.875,16,plus_redzone_defense,9.9016
18,00-0036244,Colby Parkinson,TE,ARI,19.6,13.300000000000002,6.0,1.6666666666666667,15.637500000000003,16,plus_redzone_defense,10.3819
18,00-0036290,Cole Kmet,TE,DET,3.6,3.9333333333333336,3.3333333333333335,0.3333333333333333,12.73125,16,plus_redzone_defense,5.7271
18,00-0036637,Noah Gray,TE,LV,6.0,0.6,0.5,0.0,10.05,16,plus_redzone_defense,2.1962
18,00-0036876,Kylen Granson,TE,WAS,7.0,0.0,0.0,0.0,15.687499999999998,16,plus_redzone_defense,1.9843
18,00-0036894,Pat Freiermuth,TE,BAL,8.100000000000001,7.6000000000000005,4.666666666666667,0.0,11.006250000000001,16,plus_redzone_defense,7.8986
18,00-0036970,Kyle Pitts,TE,NO,11.8,22.63333333333333,8.0,2.0,12.518749999999999,16,plus_redzone_defense,14.3341
18,00-0037005,Tommy Tremble,TE,TB,12.8,2.1666666666666665,2.0,0.0,15.900000000000002,16,plus_redzone_defense,4.3878
18,00-0037744,Trey McBride,TE,LA,13.5,22.566666666666666,11.333333333333334,3.0,12.025000000000002,16,plus_redzone_defense,16.966
18,00-0037809,Chig Okonkwo,TE,JAX,2.2,12.733333333333334,7.0,1.3333333333333333,15.537499999999998,16,plus_redzone_defense,11.2449
18,00-0038041,Jake Ferguson,TE,NYG,1.5,5.366666666666667,3.3333333333333335,0.6666666666666666,11.5225,16,plus_redzone_defense,5.9078
18,00-0038115,Daniel Bellinger,TE,DAL,11.8,4.8,3.5,0.5,12.256250000000001,16,plus_redzone_defense,6.0176
18,00-0038129,Cade Otton,TE,CAR,22.4,5.4,3.0,0.0,13.168750000000001,16,plus_redzone_defense,5.9575
18,00-0038547,Luke Schoonmaker,TE,NYG,2.2,3.7,1.5,0.0,11.5225,16,plus_redzone_defense,4.0293
18,00-0038720,Julian Hill,TE,NE,1.8,3.55,2.0,0.0,15.253333333333334,15,plus_redzone_defense,4.7083
18,00-0038933,Dalton Kincaid,TE,NYJ,7.800000000000001,3.2,2.5,1.0,14.72625,16,plus_redzone_defense,4.6924
18,00-0038935,Brenton Strange,TE,TEN,17.2,8.966666666666667,5.0,2.0,13.337500000000002,16,plus_redzone_defense,8.0501
18,00-0039041,Elijah Higgins,TE,LA,5.800000000000001,5.800000000000001,3.6666666666666665,0.3333333333333333,12.025000000000002,16,plus_redzone_defense,6.4738
18,00-0039066,Michael Mayer,TE,KC,7.7,6.633333333333333,4.333333333333333,0.3333333333333333,11.2125,16,plus_redzone_defense,7.2416
18,00-0039074,Davis Allen,TE,ARI,0.0,5.0,4.5,0.5,15.637500000000003,16,plus_redzone_defense,7.2181
18,00-0039359,Cade Stover,TE,IND,1.9,3.95,3.0,1.0,15.237499999999999,16,plus_redzone_defense,5.381
18,00-0039530,Brevyn Spann-Ford,TE,NYG,5.0,1.3666666666666665,1.0,0.0,11.5225,16,plus_redzone_defense,2.9576
18,00-0039648,David Martin-Robinson,TE,JAX,2.4000000000000004,0.6333333333333333,0.3333333333333333,0.0,15.537499999999998,16,plus_redzone_defense,2.4439
18,00-0039793,AJ Barner,TE,SF,3.4000000000000004,11.333333333333334,5.333333333333333,1.0,15.600000000000001,16,plus_redzone_defense,9.4796
18,00-0040126,Colston Loveland,TE,DET,25.1,12.5,7.0,2.0,12.73125,16,plus_redzone_defense,10.7574
18,00-0040128,Tyler Warren,TE,HOU,7.6,6.733333333333334,6.666666666666667,0.3333333333333333,12.493749999999999,16,plus_redzone_defense,9.4759
18,00-0040194,Jackson Hawes,TE,NYJ,1.0,3.25,1.5,0.0,14.72625,16,plus_redzone_defense,4.1378
18,00-0036332,Josiah Deguara,TE,LA,9.5,0.0,0.5,0.0,12.025000000000002,16,plus_redzone_defense,2.1776
18,00-0036590,Quintin Morris,TE,TEN,7.5,1.8333333333333333,1.0,0.0,13.337500000000002,16,plus_redzone_defense,3.2102
18,00-0037086,Grant Calcaterra,TE,WAS,10.1,1.35,1.0,0.5,15.687499999999998,16,plus_redzone_defense,3.0795
18,00-0039912,Ben Sinnott,TE,PHI,2.3,4.0,2.3333333333333335,0.0,8.1375,16,plus_redzone_defense,4.6242
18,00-0040187,Mitchell Evans,TE,TB,1.5,2.3000000000000003,2.0,0.0,15.900000000000002,16,plus_redzone_defense,4.4231
18,00-0040189,Oronde Gadsden II,TE,DEN,4.300000000000001,8.0,4.0,1.0,14.037500000000001,16,plus_redzone_defense,7.2759
18,00-0033357,Taysom Hill,TE,ATL,6.2,5.84,8.0,0.3333333333333333,9.875,16,plus_redzone_defense,10.2627
18,00-0036628,John Bates,TE,PHI,9.3,1.4500000000000002,1.0,0.0,8.1375,16,plus_redzone_defense,2.739
18,00-0037838,Isaiah Likely,TE,PIT,5.2,2.85,1.5,0.0,17.231250000000003,16,plus_redzone_defense,4.2099
18,00-0039458,Brenden Bates,TE,CIN,1.6,0.9666666666666668,0.6666666666666666,0.3333333333333333,22.19375,16,plus_redzone_defense,3.1946
18,00-0034798,Durham Smythe,TE,DET,0.0,1.05,0.5,0.0,12.73125,16,plus_redzone_defense,2.506
18,00-0037252,Greg Dulcich,TE,NE,6.1,10.100000000000001,4.0,1.6666666666666667,15.253333333333334,15,plus_redzone_defense,7.6924
18,00-0033455,Anthony Firkser,TE,CHI,2.2,4.0,2.5,0.5,13.74375,16,plus_redzone_defense,5.0042
